gameVersion,summoner_name,summoner_team,summoner_position,summoner_champion,summoner_winFlag,opponent_name,opponent_team,opponent_position,opponent_champion,opponent_winFlag
13.24.547.9214,God Thunder,red,TOP,KSante,True,wenwhatwen,blue,TOP,Camille,False
13.24.547.9214,God Thunder,blue,TOP,Irelia,True,CrustaceaOvO,red,TOP,Aatrox,False
13.24.547.9214,God Thunder,red,TOP,KSante,True,DK Canna,blue,TOP,Jax,False
13.24.547.9214,God Thunder,red,TOP,KSante,True,은가뉴,blue,TOP,Yone,False
13.24.547.9214,God Thunder,blue,TOP,Kennen,False,눈탱이달인zk,red,TOP,Jax,True
13.24.547.9214,God Thunder,red,BOTTOM,Aphelios,True,05 pro,blue,BOTTOM,Caitlyn,False
13.24.547.9214,God Thunder,red,TOP,Aatrox,True,Savage,blue,TOP,Rumble,False
13.24.547.9214,God Thunder,blue,TOP,Lucian,False,올라프좀믿어줘,red,TOP,Olaf,True
13.24.547.9214,God Thunder,red,TOP,Rumble,True,kismets,blue,TOP,Aatrox,False
13.24.547.9214,God Thunder,blue,TOP,Fiora,True,자색고구마괴물,red,TOP,Jax,False
13.24.547.9214,God Thunder,blue,TOP,Jax,False,HLE Rooster,red,TOP,KSante,True
13.24.547.9214,God Thunder,blue,TOP,Jax,True,신을저주해,red,TOP,Vladimir,False
13.24.547.9214,God Thunder,blue,TOP,Jax,True,좋은개미,red,TOP,Jayce,False
13.24.547.9214,God Thunder,red,BOTTOM,Swain,False,peray,blue,BOTTOM,Ezreal,True
13.24.547.9214,God Thunder,red,TOP,Sejuani,True,아발론친추주세요,blue,TOP,Gragas,False
13.24.547.9214,God Thunder,red,BOTTOM,Kalista,False,Reoki,blue,BOTTOM,Varus,True
13.24.547.9214,God Thunder,blue,TOP,TahmKench,False,,red,TOP,Rumble,True
13.24.547.9214,God Thunder,red,TOP,Renekton,True,오브크,blue,TOP,Udyr,False
13.24.547.9214,God Thunder,blue,TOP,Jax,True,자신감을잃지말자,red,TOP,Gragas,False
13.24.547.9214,God Thunder,blue,JUNGLE,Vi,True,행운도착소식,red,JUNGLE,Belveth,False
13.24.547.9214,God Thunder,red,TOP,Jayce,True,ieada,blue,TOP,Rumble,False
13.24.547.9214,God Thunder,blue,BOTTOM,Lucian,True,77dear,red,UTILITY,Senna,False
13.24.547.9214,God Thunder,blue,TOP,KSante,False,Yoru God,red,TOP,Malphite,True
13.24.547.9214,God Thunder,red,TOP,Aatrox,False,숟가락전사,blue,TOP,KSante,True
13.24.547.9214,God Thunder,red,TOP,KSante,True,BRO Morgan,blue,TOP,Aatrox,False
13.24.547.9214,God Thunder,red,TOP,KSante,True,NS Jiwoo,blue,TOP,Gnar,False
13.24.547.9214,God Thunder,red,TOP,KSante,True,나 랜선데,blue,TOP,Aatrox,False
13.24.547.9214,God Thunder,red,TOP,KSante,False,불이과 ,blue,TOP,Darius,True
13.22.541.9804,God Thunder,red,TOP,Jayce,False,Kingen,blue,TOP,Rumble,True
13.22.541.9804,God Thunder,blue,TOP,Jayce,False,langmanbusi,red,MIDDLE,Orianna,True
13.22.541.9804,God Thunder,blue,TOP,Jayce,False,Burdol2,red,TOP,Rumble,True
13.22.541.9804,God Thunder,blue,TOP,Rumble,True,FA ady,red,TOP,Galio,False
13.22.541.9804,God Thunder,red,TOP,Jayce,True,텐동맨,blue,TOP,Irelia,False
13.22.541.9804,God Thunder,blue,TOP,Rumble,False,텐동맨,red,TOP,Aatrox,True
13.22.541.9804,God Thunder,blue,TOP,Rumble,True,챔프처음해도잘함,red,TOP,Aatrox,False
13.22.541.9804,God Thunder,blue,TOP,Renekton,False,HLE Rooster,red,TOP,Gwen,True
13.22.541.9804,God Thunder,blue,TOP,Rumble,False,따봉 람머스,red,TOP,Aatrox,True
13.22.541.9804,God Thunder,red,TOP,Aatrox,False,Burdol2,blue,TOP,Yone,True
13.22.541.9804,God Thunder,blue,TOP,Aatrox,False,xianmiaozhun,red,JUNGLE,LeeSin,True
13.22.541.9804,God Thunder,blue,TOP,Graves,False,kiin,red,TOP,Aatrox,True
13.22.541.9804,God Thunder,blue,TOP,Jayce,True,FA ady,red,TOP,Galio,False
13.22.541.9804,God Thunder,red,TOP,Jayce,False,Burdol3,blue,TOP,Gragas,True
13.22.541.9804,God Thunder,blue,TOP,Jayce,True,Arnold Hur,red,TOP,Jax,False
13.22.541.9804,God Thunder,red,TOP,Jayce,True,언니우기,blue,TOP,Zac,False
13.22.541.9804,God Thunder,red,TOP,Yone,True,Zao sheng gui zi,blue,TOP,Rumble,False
13.22.541.9804,God Thunder,red,TOP,Gnar,True,uuop,blue,TOP,KSante,False
13.22.541.9804,God Thunder,red,TOP,Fiora,True,숟가락전사,blue,TOP,Aatrox,False
13.22.541.9804,God Thunder,blue,TOP,Akali,True,고마워요감사해요,red,MIDDLE,Jayce,False
13.22.541.9804,God Thunder,red,TOP,Yone,False,Zao sheng gui zi,blue,TOP,Gangplank,True
13.22.541.9804,God Thunder,red,TOP,Fiora,True,자색고구마괴물,blue,TOP,KSante,False
13.22.541.9804,God Thunder,blue,TOP,Aatrox,True,숟가락전사,red,TOP,KSante,False
13.22.541.9804,God Thunder,red,TOP,Gwen,True,숟가락전사,blue,TOP,Rumble,False
13.22.541.9804,God Thunder,red,TOP,Akali,False,젓가락미드,blue,TOP,KSante,True
13.22.541.9804,God Thunder,red,TOP,Aatrox,True,C9 Berserker,blue,TOP,Jax,False
13.22.541.9804,God Thunder,red,TOP,Akali,True,칼과 창 방패,blue,TOP,Warwick,False
13.22.541.9804,God Thunder,red,TOP,Akali,True,90 마린,blue,TOP,Rumble,False
13.21.539.4823,God Thunder,blue,TOP,Aatrox,False,lbd3,red,UTILITY,Alistar,True
13.21.539.4823,God Thunder,blue,TOP,Aatrox,True,그아아아아아아악,red,TOP,KSante,False
13.21.539.4823,God Thunder,blue,TOP,Aatrox,False,그아아아아아아악,red,TOP,Rumble,True
13.21.539.4823,God Thunder,blue,TOP,Rumble,False,용병457,red,TOP,Yone,True
13.21.539.4823,God Thunder,red,TOP,Gnar,False,윤용호,blue,TOP,Rumble,True
13.21.539.4823,God Thunder,red,TOP,Rumble,False,aierlanxiaozhu,blue,TOP,Gnar,True
13.21.539.4823,God Thunder,blue,TOP,Rumble,True,KR chicken eater,red,TOP,Poppy,False
13.21.539.4823,God Thunder,red,TOP,Rumble,False,Zao sheng gui zi,blue,TOP,Aatrox,True
13.21.539.4823,God Thunder,red,TOP,Aatrox,False,손톱오징어뚜껑꿱,blue,TOP,Yone,True
13.21.539.4823,God Thunder,blue,TOP,Gwen,False,윤용호,red,TOP,KSante,True
13.21.539.4823,God Thunder,red,TOP,Renekton,True,nikett,blue,TOP,KSante,False
13.21.539.4823,God Thunder,blue,TOP,Aatrox,False,No longer love,red,TOP,KSante,True
13.21.539.4823,God Thunder,blue,TOP,Jax,True,언니우기,red,TOP,Zac,False
13.21.539.4823,God Thunder,blue,TOP,Jax,False,영차영차화이팅,red,TOP,Kennen,True
13.21.539.4823,God Thunder,red,TOP,Sylas,False,스트레스유발협곡,blue,TOP,Ornn,True
13.21.537.9010,God Thunder,red,TOP,Jayce,False,pft,blue,TOP,Gnar,True
13.21.537.9010,God Thunder,blue,TOP,Aatrox,False,pft,red,TOP,Rumble,True
13.20.536.9576,God Thunder,red,TOP,Aatrox,True,tnrhgoTek,blue,TOP,Renekton,False
13.20.536.9576,God Thunder,red,TOP,Gangplank,False,디알엑스스,blue,TOP,Renekton,True
13.20.536.9576,God Thunder,red,TOP,Jax,False,kiin,blue,TOP,Rumble,True
13.20.536.9576,God Thunder,blue,TOP,Jax,False,따봉 람머스,red,TOP,Poppy,True
13.20.536.9576,God Thunder,blue,TOP,Jax,False,나 금쪽이 광대,red,TOP,Akali,True
13.20.536.9576,God Thunder,blue,TOP,Gragas,True,스트레칭유발협곡,red,TOP,Yasuo,False
13.20.536.9576,God Thunder,red,TOP,Jax,True,tnrhgoTek,blue,TOP,Poppy,False
13.20.536.9576,God Thunder,blue,TOP,Aatrox,False,pft,red,TOP,Rumble,True
13.20.536.9576,God Thunder,blue,TOP,Jax,False,타 잔,red,TOP,Rumble,True
13.20.536.9576,God Thunder,red,TOP,Sylas,True,kiin,blue,TOP,Aatrox,False
13.20.536.9576,God Thunder,red,TOP,Gragas,True,platonic Iove,blue,TOP,Kennen,False
13.20.536.9576,God Thunder,blue,TOP,Jax,True,zcxsdasdas,red,TOP,Aatrox,False
13.20.536.9576,God Thunder,red,TOP,Aatrox,True,Dragon God King,blue,TOP,Malphite,False
13.20.536.9576,God Thunder,blue,TOP,Renekton,True,줘패놓기전에 눈 깔고다녀라,red,TOP,Ornn,False
13.20.536.9576,God Thunder,blue,TOP,Jax,True,No teammates,red,TOP,Gnar,False
13.20.536.9576,God Thunder,blue,TOP,Jax,True,FA ady,red,TOP,Pantheon,False
13.20.536.9576,God Thunder,red,TOP,Gnar,True,JUGKlNG,blue,TOP,Aatrox,False
13.20.536.9576,God Thunder,blue,TOP,Jax,True,Kingen,red,TOP,Renekton,False
13.20.536.9576,God Thunder,red,TOP,Jax,True,NS Callme,blue,TOP,Akali,False
13.20.536.2230,God Thunder,blue,TOP,Rumble,False,DRX Juhana,red,TOP,Aatrox,True
13.20.536.2230,God Thunder,blue,TOP,LeeSin,True,C9 Berserker,red,TOP,Gnar,False
13.20.536.2230,God Thunder,blue,TOP,Fiora,False,Arnold Hur,red,TOP,Pantheon,True
13.20.536.2230,God Thunder,red,TOP,Gnar,False,파인애플검희,blue,TOP,Fiora,True
13.20.536.2230,God Thunder,blue,TOP,Akali,True,PUDJI,red,TOP,Aatrox,False
13.20.536.2230,God Thunder,blue,TOP,Fiora,False,kiin,red,TOP,Aatrox,True
13.20.536.2230,God Thunder,blue,TOP,Fiora,True,jia x1ang di,red,TOP,Yone,False
13.20.536.2230,God Thunder,blue,TOP,Jax,True,kabmah,red,TOP,Yone,False
13.20.536.2230,God Thunder,red,TOP,Rumble,True,kabmah,blue,TOP,LeeSin,False
13.20.535.2535,God Thunder,blue,TOP,Fiora,True,따봉 람머스,red,TOP,KSante,False
13.20.535.2535,God Thunder,red,TOP,Jax,False,라인전못이기는탑,blue,TOP,Gnar,True
13.20.535.2535,God Thunder,red,TOP,Akali,True,따봉 람머스,blue,TOP,Jax,False
13.20.535.2535,God Thunder,blue,TOP,Jax,True,YQYQ,red,TOP,Poppy,False
13.19.534.5972,God Thunder,red,TOP,Jax,False,Arnold Hur,blue,TOP,Akali,True
13.19.534.5972,God Thunder,red,TOP,Jax,True,pft,blue,TOP,KSante,False
13.19.534.5972,God Thunder,blue,TOP,Gangplank,False,kiin,red,TOP,LeeSin,True
13.19.534.5972,God Thunder,blue,TOP,Gangplank,True,kiin,red,TOP,Renekton,False
13.19.534.5972,God Thunder,red,TOP,LeeSin,True,내 공간으로 이동,blue,TOP,JarvanIV,False
13.19.534.5972,God Thunder,red,TOP,Jax,True,kaokaokaokaokaoa,blue,TOP,Tryndamere,False
13.19.534.5972,God Thunder,red,TOP,Aatrox,False,어쩌라고맞짱뜰까,blue,TOP,Gwen,True
13.19.534.5972,God Thunder,blue,TOP,LeeSin,True,어쩌라고맞짱뜰까,red,TOP,Sett,False
13.19.534.5972,God Thunder,red,TOP,Jax,False,자신감을잃지말자,blue,TOP,KSante,True
13.19.534.5972,God Thunder,red,TOP,Rumble,True,타 잔,blue,TOP,Poppy,False
13.19.534.5972,God Thunder,red,TOP,Akali,False,kiin,blue,TOP,LeeSin,True
13.19.534.5972,God Thunder,red,TOP,Camille,False,Wafflebrother,blue,TOP,Irelia,True
13.19.534.5972,God Thunder,red,TOP,Jax,True,학무지경    버,blue,TOP,Poppy,False
13.19.534.5972,God Thunder,blue,TOP,Jax,True,Mr Unstuck,red,TOP,Akali,False
13.19.534.5972,God Thunder,blue,TOP,Jax,True,어리고싶다,red,TOP,Akali,False
13.19.534.5972,God Thunder,red,TOP,Naafiri,False,asd132,blue,MIDDLE,Gragas,True
13.19.534.5972,God Thunder,blue,TOP,Gnar,True,완벽한그는신인가,red,TOP,Akali,False
13.19.534.5972,Zeus ex machlna,blue,TOP,Jax,True,오브크,red,TOP,Udyr,False
13.19.534.5972,Zeus ex machlna,red,TOP,Jax,False,학무지경    버,blue,TOP,Gangplank,True
13.19.534.5972,Zeus ex machlna,red,TOP,Irelia,False,Soyoka,blue,TOP,Zac,True
13.19.534.5972,Zeus ex machlna,red,TOP,Akali,False,BRO Morgan,blue,TOP,Sylas,True
13.19.534.5972,Zeus ex machlna,red,TOP,LeeSin,False,윤용호,blue,TOP,Poppy,True
13.19.534.5972,Zeus ex machlna,red,TOP,Jax,True,nordlys,blue,TOP,Yasuo,False
13.19.534.5972,Zeus ex machlna,red,TOP,Akali,True,Jungle Hard,blue,TOP,Pantheon,False
13.19.534.5972,Zeus ex machlna,red,TOP,Jayce,True,Jungle Hard,blue,TOP,Pantheon,False
13.19.534.5972,Zeus ex machlna,blue,TOP,Jayce,False,Aileri,red,TOP,Irelia,True
13.19.534.5972,Zeus ex machlna,blue,TOP,Jayce,False,Wafflebrother,red,TOP,Gwen,True
13.19.534.5972,Zeus ex machlna,red,TOP,Jayce,True,enenenenang,blue,TOP,Rumble,False
13.19.534.5972,Zeus ex machlna,red,TOP,Aatrox,False,ytrr,blue,TOP,Gwen,True
13.19.534.5972,Zeus ex machlna,blue,TOP,Olaf,True,LunaLina,red,TOP,Malphite,False
13.19.534.5972,Zeus ex machlna,red,TOP,Gwen,True,NS Callme,blue,TOP,Jax,False
13.19.534.5972,Zeus ex machlna,blue,TOP,Gangplank,True,No longer love,red,TOP,Jax,False
13.19.534.5972,Zeus ex machlna,red,TOP,Jax,False,FA06MID,blue,TOP,Zoe,True
13.19.534.5972,Zeus ex machlna,blue,TOP,Akali,True,kiin,red,TOP,Jax,False
13.19.534.5972,Zeus ex machlna,blue,TOP,Akali,True,KANED,red,TOP,Renekton,False
13.19.533.1909,Zeus ex machlna,red,TOP,Jax,True,dlrj,blue,TOP,Jayce,False
13.19.533.1909,Zeus ex machlna,red,TOP,KSante,False,스트레스유발협곡,blue,TOP,Yone,True
13.19.533.1909,Zeus ex machlna,blue,TOP,Jax,False,asd132,red,TOP,KSante,True
13.18.530.4653,Zeus ex machlna,red,TOP,Rumble,False,WangPiao1iang,blue,TOP,Tryndamere,True
13.18.530.4653,Zeus ex machlna,blue,TOP,Gragas,False,따봉 람머스,red,TOP,Jax,True
13.18.530.4653,Zeus ex machlna,blue,TOP,KSante,True,Azhy,red,TOP,Riven,False
13.18.530.4653,Zeus ex machlna,blue,TOP,Jax,True,G1psyDanger,red,TOP,Illaoi,False
13.18.530.4653,Zeus ex machlna,red,TOP,Jax,True,FA ady,blue,TOP,Renekton,False
13.18.530.4653,Zeus ex machlna,red,TOP,Renekton,False,윤용호,blue,TOP,Jax,True
13.18.530.4653,Zeus ex machlna,red,TOP,KSante,False,이야공,blue,TOP,Diana,True
13.18.530.4653,Zeus ex machlna,blue,TOP,Yone,False,SonnabaccanaKR,red,TOP,Gangplank,True
13.18.530.4653,Zeus ex machlna,blue,TOP,Jayce,False,스트레스유발협곡,red,TOP,Yone,True
13.18.530.4653,Zeus ex machlna,blue,TOP,Poppy,False,Hide on bush,red,TOP,Jax,True
13.18.530.4653,Zeus ex machlna,red,TOP,Poppy,True,FA ady,blue,TOP,Rumble,False
13.18.530.4653,Zeus ex machlna,blue,JUNGLE,Taliyah,True,김범수나얼박효신이수임서율레츠고,red,UTILITY,Blitzcrank,False
13.18.530.4653,Zeus ex machlna,blue,TOP,Jax,True,자신감을잃지말자,red,TOP,KSante,False
13.18.530.4653,Zeus ex machlna,red,TOP,KSante,False,G1psyDanger,blue,TOP,Illaoi,True
13.18.530.4653,Zeus ex machlna,blue,MIDDLE,Jayce,False,스트레스유발협곡,red,MIDDLE,Orianna,True
13.18.530.4653,Zeus ex machlna,red,TOP,Yone,True,sparkle,blue,TOP,Gangplank,False
13.18.530.4653,Zeus ex machlna,blue,TOP,Sylas,False,sparkle,red,TOP,Maokai,True
13.18.530.4653,Zeus ex machlna,blue,TOP,KSante,True,호시노 타나,red,TOP,Graves,False
13.18.530.4653,Zeus ex machlna,blue,TOP,Renekton,True,uuop,red,TOP,Rumble,False
13.18.530.4653,Zeus ex machlna,blue,TOP,Jayce,True,not carry unk,red,TOP,Aatrox,False
13.18.530.4653,Zeus ex machlna,red,TOP,Jax,False,나 랜선데,blue,TOP,KSante,True
13.18.530.4653,Zeus ex machlna,red,TOP,Rumble,True,대     황     궁,blue,TOP,Varus,False
13.18.530.4653,Zeus ex machlna,blue,TOP,Poppy,True,화려한화려한,red,TOP,Gnar,False
13.18.530.4653,Zeus ex machlna,blue,TOP,Poppy,False,FA ady,red,TOP,Renekton,True
13.18.530.4653,Zeus ex machlna,blue,TOP,Jax,False,단조로운 일상,red,TOP,Yone,True
13.18.530.4653,Zeus ex machlna,blue,TOP,Gragas,False,zcxsdasdas,red,TOP,Aatrox,True
13.18.530.4653,Zeus ex machlna,red,TOP,KSante,False,이야공,blue,TOP,Diana,True
13.18.530.4653,Zeus ex machlna,red,TOP,KSante,True,G1psyDanger,blue,TOP,Illaoi,False
13.18.530.4653,Zeus ex machlna,blue,TOP,Jax,True,sparkle,red,TOP,Yone,False
13.18.530.4653,Zeus ex machlna,blue,TOP,Jax,True,sparkle,red,TOP,Yone,False
13.18.530.4653,Zeus ex machlna,blue,TOP,KSante,True,윤용호,red,TOP,Gnar,False
13.18.530.4653,Zeus ex machlna,blue,TOP,Gwen,True,We exist,red,TOP,KSante,False
13.18.530.4653,Zeus ex machlna,blue,TOP,Jax,True,빛나는 근원,red,TOP,KSante,False
13.18.530.4653,Zeus ex machlna,red,TOP,Poppy,True,dlrj,blue,TOP,Gnar,False
13.18.530.4653,Zeus ex machlna,blue,TOP,Jax,True,bravery,red,TOP,KSante,False
13.18.530.4653,Zeus ex machlna,blue,TOP,Jax,False,Azhy,red,TOP,Riven,True
13.18.530.4653,Zeus ex machlna,red,TOP,Irelia,False,빛나는 근원,blue,MIDDLE,Quinn,True
13.18.530.4653,Zeus ex machlna,blue,TOP,Jax,False,300ghost,red,TOP,Akali,True
13.18.530.4653,Zeus ex machlna,blue,TOP,Jax,False,asd132,red,TOP,Renekton,True
13.18.530.4653,Zeus ex machlna,blue,TOP,Rumble,False,C9 EMENES,red,TOP,KSante,True
13.18.530.4653,Zeus ex machlna,blue,TOP,Jax,True,add astra,red,TOP,Kennen,False
13.18.530.4653,Zeus ex machlna,red,TOP,KSante,True,Meannnnn,blue,TOP,Gnar,False
13.18.530.4653,Zeus ex machlna,red,TOP,KSante,True,HLE Roamer,blue,TOP,Malphite,False
13.18.530.4653,Zeus ex machlna,blue,TOP,Sylas,False,Meannnnn,red,TOP,Rumble,True
13.18.530.4653,Zeus ex machlna,red,TOP,Jax,True,자신감을잃지말자,blue,TOP,Akali,False
13.18.530.4653,Zeus ex machlna,blue,TOP,Yorick,True,노오란감귤,red,TOP,Singed,False
13.18.530.4653,Zeus ex machlna,red,TOP,Renekton,True,칸 나,blue,TOP,Akali,False
13.18.530.4653,Zeus ex machlna,red,TOP,Poppy,True,not carry unk,blue,TOP,Darius,False
13.17.529.525,Zeus ex machlna,red,TOP,Jax,False,kiin,blue,TOP,Gragas,True
13.17.529.525,Zeus ex machlna,red,MIDDLE,Akali,True,내려가는폭포타기,blue,MIDDLE,Sylas,False
13.17.529.525,Zeus ex machlna,blue,TOP,Jax,False,참새우깡,red,TOP,Garen,True
13.17.529.525,Zeus ex machlna,blue,BOTTOM,Xerath,True,마라톤 게임,red,BOTTOM,Kaisa,False
13.17.529.525,Zeus ex machlna,red,TOP,Poppy,True,muchen,blue,TOP,Fiora,False
13.17.529.525,Zeus ex machlna,blue,TOP,Irelia,False,DRX추성훈,red,TOP,Akali,True
13.17.529.525,Zeus ex machlna,blue,TOP,Kennen,True,iejqifpq,red,TOP,Poppy,False
13.17.529.525,Zeus ex machlna,blue,TOP,Gwen,True,뽀메리카,red,TOP,Poppy,False
13.17.529.525,Zeus ex machlna,blue,TOP,Swain,True,빛나는 근원,red,TOP,Poppy,False
13.17.529.525,Zeus ex machlna,blue,UTILITY,Nautilus,False,Love kiin,red,UTILITY,Neeko,True
13.17.529.525,Zeus ex machlna,blue,TOP,Jax,True,Dawn u,red,TOP,KSante,False
13.17.529.525,Zeus ex machlna,blue,TOP,Poppy,True,kfo,red,TOP,Tryndamere,False
13.17.529.525,Zeus ex machlna,red,TOP,Jayce,True,칼과 창 방패,blue,TOP,Poppy,False
13.17.529.525,Zeus ex machlna,red,TOP,Jax,True,제철 전어,blue,TOP,Rumble,False
13.17.529.525,Zeus ex machlna,blue,TOP,KSante,False,빛나는 근원,red,TOP,Kayle,True
13.17.529.525,Zeus ex machlna,red,TOP,Jax,True,muchen,blue,TOP,Fiora,False
13.17.529.525,Zeus ex machlna,red,TOP,KSante,False,JDG1,blue,UTILITY,Rell,True
13.17.529.525,Zeus ex machlna,blue,TOP,KSante,True,asd132,red,TOP,Jax,False
13.17.529.525,Zeus ex machlna,red,TOP,Jax,True,사람위에사람없고,blue,TOP,Renekton,False
13.17.529.525,Zeus ex machlna,red,TOP,Jax,False,Meannnnn,blue,TOP,Gragas,True
13.17.529.525,Zeus ex machlna,blue,TOP,Renekton,True,hate crowds,red,TOP,Jax,False
13.17.529.525,Zeus ex machlna,red,TOP,Kennen,True,TL APA,blue,MIDDLE,Orianna,False
13.17.529.525,Zeus ex machlna,blue,TOP,KSante,True,muchen,red,TOP,Fiora,False
13.17.529.525,Zeus ex machlna,blue,TOP,Aatrox,True,전민혁,red,TOP,Maokai,False
13.17.529.525,Zeus ex machlna,red,TOP,Jax,True,학무지경    버,blue,TOP,Gragas,False
13.17.529.525,Zeus ex machlna,red,TOP,KSante,True,DK Sharvel,blue,JUNGLE,Hecarim,False
13.17.529.525,Zeus ex machlna,red,TOP,KSante,True,laji zhongdan,blue,TOP,Malphite,False
13.17.529.525,Zeus ex machlna,blue,TOP,KSante,False,muchen,red,TOP,Fiora,True
13.17.529.525,Zeus ex machlna,blue,TOP,KSante,True,이렐아칼리,red,TOP,Irelia,False
13.17.529.525,Zeus ex machlna,blue,TOP,Gnar,True,빛나는 근원,red,TOP,Jax,False
13.17.529.525,Zeus ex machlna,blue,TOP,Xerath,True,조관우급 틀 설치,red,TOP,Cassiopeia,False
13.17.529.525,Zeus ex machlna,blue,TOP,Poppy,False,whomtorelyon,red,TOP,Varus,True
13.17.529.525,Zeus ex machlna,red,TOP,KSante,True,Flozel,blue,TOP,Ornn,False
13.17.529.525,Zeus ex machlna,red,TOP,KSante,True,hanguilan,blue,TOP,Jax,False
13.17.529.525,Zeus ex machlna,blue,TOP,KSante,True,KANED,red,TOP,Renekton,False
13.17.529.525,Zeus ex machlna,blue,TOP,Yone,False,leebejoyful,red,TOP,KSante,True
13.17.529.525,Zeus ex machlna,red,TOP,KSante,False,qtqt,blue,TOP,Rumble,True
13.17.529.525,Zeus ex machlna,blue,TOP,Jax,False,mikasa3,red,MIDDLE,Diana,True
13.17.529.525,Zeus ex machlna,red,TOP,Gragas,True,원신 가동,blue,TOP,Aatrox,False
13.17.529.525,Zeus ex machlna,blue,TOP,Yone,True,memory reboot,red,TOP,Aatrox,False
13.17.529.525,Zeus ex machlna,red,TOP,KSante,True,eeeLeee,blue,TOP,Pantheon,False
13.17.529.525,Zeus ex machlna,red,TOP,KSante,False,Dawn u,blue,TOP,Jax,True
13.17.529.525,Zeus ex machlna,red,TOP,Jax,False,asd132,blue,TOP,Fiora,True
13.17.529.525,Zeus ex machlna,blue,TOP,Jax,False,HLE Haetae,red,TOP,Tryndamere,True
13.17.529.525,Zeus ex machlna,red,TOP,KSante,False,그아아아아아아악,blue,TOP,Renekton,True
13.17.529.525,Zeus ex machlna,blue,TOP,Jayce,False,그아아아아아아악,red,TOP,Poppy,True
13.17.529.525,Zeus ex machlna,blue,TOP,Gragas,True,천공 침범,red,TOP,Rumble,False
13.17.529.525,Zeus ex machlna,blue,TOP,KSante,True,기 찬,red,TOP,Rumble,False
13.17.529.525,Zeus ex machlna,blue,TOP,Poppy,False,자신감을잃지말자,red,TOP,Vladimir,True
13.17.529.525,Zeus ex machlna,red,TOP,Jayce,False,그아아아아아아악,blue,TOP,Rumble,True
13.17.529.525,Zeus ex machlna,red,TOP,Gragas,False,K CHEN,blue,TOP,Fiora,True
13.17.529.525,Zeus ex machlna,blue,TOP,Poppy,True,GeneralSn1per,red,TOP,Jayce,False
13.17.529.525,Zeus ex machlna,red,TOP,Poppy,True,Dont stop me plz,blue,MIDDLE,Tristana,False
13.17.529.525,Zeus ex machlna,red,TOP,KSante,True,HLE Haetae,blue,TOP,Fiora,False
13.17.529.525,Zeus ex machlna,red,TOP,Jayce,True,Chaйge,blue,TOP,Malphite,False
13.17.529.525,Zeus ex machlna,blue,TOP,Camille,True,BRO Morgan,red,TOP,Tryndamere,False
13.17.529.525,Zeus ex machlna,red,TOP,Jayce,True,Want To Be Young,blue,TOP,Renekton,False
13.17.529.525,Zeus ex machlna,red,TOP,KSante,False,전민혁,blue,MIDDLE,Maokai,True
13.17.529.525,Zeus ex machlna,blue,TOP,Gragas,True,전민혁,red,TOP,Aatrox,False
13.17.529.525,최고순,blue,TOP,Gwen,False,wei xun fox,red,TOP,Vex,True
13.17.529.525,최고순,blue,TOP,KSante,False,그랬으면좋겠요,red,TOP,Gwen,True
13.17.529.525,최고순,blue,TOP,KSante,True,FA Kingdom,red,TOP,Tryndamere,False
13.17.529.525,최고순,red,TOP,KSante,False,새이름송,blue,TOP,Gnar,True
13.17.529.525,최고순,red,TOP,KSante,True,어리고싶다,blue,TOP,Gwen,False
13.17.529.525,최고순,red,TOP,Renekton,True,bravery,blue,TOP,Camille,False
13.17.529.525,최고순,red,TOP,KSante,True,억롤하는 갑각류,blue,TOP,Gnar,False
13.17.529.525,최고순,blue,TOP,KSante,True,불멸의 영웅 율드,red,TOP,DrMundo,False
13.17.529.525,최고순,blue,TOP,Poppy,True,천공 침범,red,TOP,Renekton,False
13.17.529.525,최고순,red,TOP,KSante,False,천공 침범,blue,TOP,Rumble,True
13.17.529.525,최고순,red,TOP,Jax,False,악사랬지,blue,TOP,Garen,True
13.17.529.525,최고순,red,TOP,Jayce,True,파인애플검희,blue,TOP,Fiora,False
13.17.529.525,최고순,blue,TOP,Jax,False,최강 고세구1,red,TOP,Aatrox,True
13.17.529.525,최고순,red,TOP,Jax,False,Want To Be Young,blue,TOP,Akali,True
13.17.529.525,최고순,blue,TOP,Jax,False,빛나는 근원,red,TOP,Rumble,True
13.17.529.525,최고순,red,TOP,Jax,True,Smear Snot,blue,TOP,Pantheon,False
13.17.529.525,최고순,red,TOP,Jax,True,90 마린,blue,TOP,Rumble,False
13.17.529.525,최고순,blue,TOP,KSante,True,함현식,red,TOP,Quinn,False
13.17.529.525,최고순,red,TOP,Jax,False,qwas23,blue,MIDDLE,KSante,True
13.17.529.525,최고순,red,TOP,Jax,False,aaaddddd,blue,BOTTOM,Aphelios,True
13.17.528.2266,최고순,blue,TOP,Jax,False,GWLZHF,red,TOP,Jayce,True
13.17.528.2266,최고순,red,TOP,Jax,False,Want To Be Young,blue,TOP,Akali,True
13.17.528.2266,최고순,blue,TOP,Akali,True,pft,red,TOP,Aatrox,False
13.17.528.2266,최고순,blue,TOP,Jax,False,노오란감귤,red,TOP,Singed,True
13.17.528.2266,최고순,blue,TOP,KSante,False,이성조,red,TOP,Volibear,True
13.17.528.2266,최고순,red,TOP,KSante,False,어쩌라고맞짱뜰까,blue,TOP,Gwen,True
13.17.528.2266,최고순,blue,TOP,KSante,False,Fan xiao dong ,red,TOP,Renekton,True
13.17.528.2266,최고순,blue,TOP,Rumble,False,bravery,red,TOP,Renekton,True
13.17.528.2266,최고순,red,TOP,Jax,True,사람위에사람없고,blue,TOP,Kennen,False
13.17.528.2266,최고순,blue,TOP,Akali,True,BJ다누리 팬,red,TOP,Qiyana,False
13.17.528.2266,최고순,blue,TOP,KSante,True,This game canwin,red,TOP,Gwen,False
13.17.528.2266,최고순,blue,TOP,Aatrox,True,uuop,red,TOP,Jax,False
13.16.525.6443,최고순,red,TOP,Poppy,True,KT Castle,blue,TOP,Aatrox,False
13.16.525.6443,최고순,blue,TOP,Yone,False,엉민이에오,red,TOP,Camille,True
13.16.525.6443,최고순,red,TOP,Aatrox,True,광복의아이,blue,TOP,Renekton,False
13.16.525.6443,최고순,red,TOP,Jayce,False,memory reboot,blue,TOP,Volibear,True
13.16.525.6443,최고순,red,TOP,Akali,False,뽀메리카,blue,TOP,Poppy,True
13.16.525.6443,최고순,red,TOP,Camille,True,OOLAFKING,blue,TOP,Olaf,False
13.16.525.6443,최고순,red,TOP,Akali,False,풍월량머독침착맨,blue,TOP,Rumble,True
13.16.525.6443,최고순,blue,TOP,Aatrox,True,afreeca 김태연 ,red,TOP,Rumble,False
13.16.525.6443,최고순,blue,TOP,Rumble,True,Mask Man,red,JUNGLE,Rengar,False
13.16.525.6443,최고순,red,JUNGLE,Viego,True,GRINDIN ALL DAY,blue,JUNGLE,JarvanIV,False
13.16.525.6443,최고순,blue,JUNGLE,Sejuani,True,매직캐스터김춘자,red,JUNGLE,Nidalee,False
13.16.525.6443,최고순,blue,JUNGLE,Vi,True,역삼동부센트레빌,red,JUNGLE,Khazix,False
13.16.525.6443,최고순,blue,BOTTOM,Caitlyn,False,GeneralSn1per,red,BOTTOM,Kaisa,True
13.16.525.6443,최고순,blue,TOP,Akali,True,Wontae1,red,TOP,Aatrox,False
13.16.525.6443,최고순,red,TOP,Camille,False,adiel,blue,BOTTOM,Zeri,True
13.16.525.6443,최고순,red,TOP,Akali,True,zhao yang ,blue,BOTTOM,Zeri,False
13.16.525.6443,최고순,blue,TOP,Akali,False,zun du jia du,red,TOP,Aatrox,True
13.16.525.6443,최고순,red,TOP,Akali,True,강동무적zl존유창,blue,TOP,Yone,False
13.16.525.6443,최고순,blue,TOP,Sylas,False,JOHANSON,red,TOP,Maokai,True
13.16.525.6443,최고순,red,TOP,Akali,True,NNANANAOMI,blue,TOP,KSante,False
13.16.525.6443,최고순,blue,TOP,Akali,True,NNANANAOMI,red,TOP,Rumble,False
13.16.525.6443,최고순,red,TOP,Gwen,True,NS Callme,blue,TOP,Renekton,False
13.16.525.6443,최고순,red,TOP,Aatrox,False,칼과 창 방패,blue,TOP,Warwick,True
13.16.525.6443,최고순,red,TOP,Rumble,False,이야공,blue,TOP,Diana,True
13.16.525.6443,최고순,blue,TOP,Camille,False,gnpm,red,TOP,KSante,True
13.16.525.6443,우 제,blue,TOP,Fiora,True,어리고싶다,red,TOP,KSante,False
13.16.525.6443,우 제,blue,TOP,Irelia,False,것샷 올인,red,TOP,Poppy,True
13.16.525.6443,우 제,red,TOP,Gragas,False,HLE Haetae,blue,TOP,Jax,True
13.16.525.6443,우 제,blue,TOP,Yone,False,DK Siwoo1,red,TOP,Aatrox,True
13.16.525.6443,우 제,red,TOP,Aatrox,False,DK Siwoo1,blue,TOP,Sylas,True
13.16.525.6443,우 제,blue,TOP,Fiora,True,DK Siwoo1,red,TOP,Jayce,False
13.16.525.6443,우 제,blue,TOP,Aatrox,False,DK Siwoo1,red,TOP,Yone,True
13.16.525.6443,우 제,blue,TOP,Irelia,True,hbzb,red,BOTTOM,Zeri,False
13.15.524.1760,우 제,blue,TOP,Gnar,True,DK Thanatos,red,TOP,Aatrox,False
13.15.524.1760,우 제,red,TOP,Jayce,False,풍월량머독침착맨,blue,TOP,Poppy,True
13.15.524.1760,우 제,red,TOP,Rumble,True,HLE Haetae,blue,TOP,Jax,False
13.15.524.1760,우 제,red,TOP,KSante,True,This game canwin,blue,TOP,Renekton,False
13.15.524.1760,우 제,blue,TOP,Jayce,True,DK Pullbae,red,TOP,Renekton,False
13.15.524.1760,우 제,blue,TOP,Gnar,False,DK Siwoo1,red,TOP,KSante,True
13.15.524.1760,우 제,blue,TOP,Gwen,True,호시노 칸나,red,TOP,Fiora,False
13.15.524.1760,우 제,blue,TOP,Gnar,True,Just go to win,red,TOP,Camille,False
13.15.524.1760,우 제,blue,TOP,Fiora,False,날뜩한 칼,red,TOP,KSante,True
13.15.524.1760,우 제,red,TOP,Jayce,True,킬러톱,blue,TOP,Cassiopeia,False
13.15.524.1760,우 제,blue,TOP,KSante,False,MoineR,red,TOP,Renekton,True
13.15.524.1760,우 제,red,TOP,Jax,False,눈을 사용하세요,blue,BOTTOM,Draven,True
13.15.524.1760,우 제,red,TOP,Jax,True,따봉 람머스,blue,TOP,Rumble,False
13.15.524.1760,우 제,red,TOP,Aatrox,True,DK Sharvel,blue,TOP,Renekton,False
13.15.524.1760,우 제,red,TOP,Aatrox,False,따봉 람머스,blue,TOP,KSante,True
13.15.524.1760,우 제,blue,TOP,Camille,False,hi its viper,red,TOP,Akali,True
13.15.524.1760,우 제,red,TOP,Camille,False,NS OddEye,blue,BOTTOM,Kaisa,True
13.15.524.1760,우 제,red,BOTTOM,Xayah,True,KDF 태윤,blue,BOTTOM,Varus,False
13.15.524.1760,우 제,red,TOP,Camille,True,노오란감귤,blue,TOP,Singed,False
13.15.524.1760,우 제,blue,TOP,Fiora,False,광복의아이,red,TOP,Garen,True
13.15.524.1760,우 제,red,TOP,KSante,False,Aileri,blue,TOP,Akali,True
13.15.524.1760,우 제,blue,TOP,Jax,True,DK Siwoo1,red,TOP,KSante,False
13.15.524.1760,우 제,red,TOP,Jax,True,스트레스유발협곡,blue,TOP,KSante,False
13.15.524.1760,우 제,red,TOP,Gwen,False,DK Siwoo1,blue,TOP,KSante,True
13.15.524.1760,우 제,red,TOP,Jax,False,ZerosVietnamese,blue,TOP,Jayce,True
13.15.524.1760,우 제,red,TOP,Sejuani,False,DK Siwoo1,blue,TOP,KSante,True
13.15.524.1760,우 제,blue,TOP,Gwen,True,열 불,red,TOP,Rumble,False
13.15.524.1760,우 제,red,TOP,Gwen,True,BRO DDoiV,blue,TOP,Rumble,False
13.15.524.1760,우 제,blue,TOP,Gragas,True,시간빠르다앙,red,UTILITY,Nautilus,False
13.15.524.1760,우 제,red,TOP,Gwen,False,열 불,blue,TOP,Rumble,True
13.15.524.1760,우 제,blue,TOP,Aatrox,True,날 묻지마,red,TOP,Yone,False
13.15.524.1760,우 제,red,TOP,Irelia,True,사랑스러운 슬기,blue,TOP,Cassiopeia,False
13.15.524.1760,우 제,blue,BOTTOM,Zeri,False,T1 Gumayusi,red,BOTTOM,Sivir,True
13.15.524.1760,우 제,blue,TOP,Jax,True,kismets,red,TOP,Kennen,False
13.15.524.1760,우 제,blue,TOP,Jax,False,쳔둥벌거숭이,red,TOP,Renekton,True
13.15.524.1760,우 제,blue,TOP,Gnar,True,라딘구구,red,TOP,Renekton,False
13.15.524.1760,우 제,red,TOP,Jax,True,밥 몬,blue,TOP,Gragas,False
13.15.524.1760,우 제,blue,TOP,Jax,True,T1 포레스트,red,TOP,Leblanc,False
13.15.524.1760,우 제,blue,BOTTOM,Ezreal,False,BBBBBBBBBBulldog,red,BOTTOM,Zeri,True
13.15.524.1760,우 제,blue,TOP,Aatrox,True,DRX Rascal,red,TOP,Rumble,False
13.15.524.1760,우 제,red,TOP,Renekton,True,렝가는고양이에요,blue,TOP,Rengar,False
13.15.524.1760,우 제,red,TOP,Jax,True,꺾이지 안는 마음,blue,TOP,Jayce,False
13.15.524.1760,우 제,blue,TOP,Renekton,False,zdsf3445cvbxj,red,TOP,Jax,True
13.15.524.1760,우 제,blue,TOP,Poppy,True,그라가스할래요,red,TOP,Gragas,False
13.15.524.1760,우 제,blue,TOP,KSante,False,Smear Snot,red,TOP,Pantheon,True
13.15.524.1760,우 제,blue,TOP,Jax,True,샌드박스 송현민,red,TOP,Gangplank,False
13.15.523.2423,우 제,red,TOP,Jax,True,dlznlshrtm,blue,TOP,Jayce,False
13.15.523.2423,우 제,blue,TOP,Jax,True,dlznlshrtm,red,TOP,KSante,False
13.15.523.2423,우 제,blue,TOP,Jax,True,dlznlshrtm,red,TOP,Renekton,False
13.15.523.2423,우 제,blue,TOP,Jax,True,건곤역 ,red,TOP,Kennen,False
13.15.523.2423,우 제,blue,TOP,Jax,False,dlznlshrtm,red,TOP,Jayce,True
13.15.523.2423,우 제,blue,TOP,Fiora,True,T w f n o,red,TOP,Aatrox,False
13.15.523.2423,우 제,red,TOP,Jax,False,DK Siwoo1,blue,TOP,KSante,True
13.15.523.2423,우 제,blue,TOP,Jax,True,MoineR,red,TOP,Renekton,False
13.15.523.2423,우 제,red,TOP,Jax,False,asdasdasdasdff,blue,TOP,Aatrox,True
13.15.523.2423,우 제,blue,TOP,Jax,False,BRO Morgan,red,TOP,Renekton,True
13.15.523.2423,우 제,blue,TOP,Volibear,True,별양동캣맘유지드,red,TOP,Singed,False
13.15.523.2423,우 제,blue,TOP,Gangplank,False,별양동캣맘유지드,red,TOP,Singed,True
13.15.523.2423,우 제,red,TOP,Gnar,True,MoineR,blue,TOP,Renekton,False
13.15.523.2423,우 제,red,TOP,Renekton,False,Gen G Zest,blue,TOP,Rumble,True
13.14.522.7601,우 제,blue,TOP,Aatrox,False,gnpm,red,TOP,Rumble,True
13.14.522.7601,우 제,blue,BOTTOM,Xayah,False,ADC0419,red,BOTTOM,Kaisa,True
13.14.522.7601,우 제,red,TOP,Aatrox,True,Gen G Zest,blue,TOP,Yone,False
13.14.522.7601,우 제,red,TOP,Aatrox,False,Gen G Zest,blue,TOP,Camille,True
13.14.522.7601,우 제,blue,TOP,KSante,True,pz1234,red,TOP,Yone,False
13.14.522.7601,우 제,blue,TOP,Gragas,False,ko0k,red,TOP,Jax,True
13.14.522.7601,우 제,red,TOP,Aatrox,True,지저스 기돌,blue,TOP,Renekton,False
13.14.522.7601,우 제,blue,TOP,Aatrox,True,04년생 Akaps,red,TOP,Fiora,False
13.14.522.7601,우 제,blue,TOP,Aatrox,True,Kiw1 doctor,red,TOP,Tryndamere,False
13.14.522.7601,우 제,red,TOP,Jax,False,NSDnDn1,blue,TOP,Aatrox,True
13.14.522.7601,우 제,red,TOP,Aatrox,True,Been youu,blue,TOP,Riven,False
13.14.522.7601,우 제,red,TOP,Aatrox,True,칼과 창 방패,blue,TOP,Warwick,False
13.14.522.7601,우 제,blue,TOP,Aatrox,True,개 천,red,TOP,Zac,False
13.14.522.7601,우 제,blue,TOP,Maokai,True,This game canwin,red,TOP,Renekton,False
13.14.522.7601,우 제,red,TOP,Aatrox,True,FA ady,blue,TOP,Volibear,False
13.14.520.6878,우 제,blue,TOP,Aatrox,True,uuop,red,TOP,Jayce,False
13.14.520.6878,우 제,red,TOP,Aatrox,True,Gen G Zest,blue,TOP,KSante,False
13.14.520.6878,우 제,blue,TOP,KSante,True,Wontae1,red,TOP,Jax,False
13.14.520.6878,우 제,red,TOP,KSante,True,qwazss,blue,TOP,Rumble,False
13.14.520.6878,우 제,blue,TOP,Poppy,False,T1 Dal,red,TOP,KSante,True
13.14.520.6878,우 제,blue,TOP,Jax,False,i half,red,TOP,Renekton,True
13.14.520.6878,우 제,blue,BOTTOM,Varus,True,lIIllIllllllllll,red,BOTTOM,Kaisa,False
13.14.520.6878,우 제,blue,TOP,KSante,True,화려한화려한,red,TOP,Volibear,False
13.14.520.6878,우 제,blue,TOP,Jax,False,Gen G Zest,red,TOP,Rumble,True
13.14.520.6878,우 제,blue,TOP,Camille,False,석 태 마,red,TOP,Aatrox,True
13.14.520.6878,우 제,blue,TOP,KSante,False,minsdog,red,TOP,Darius,True
13.14.520.6878,우 제,blue,TOP,Rumble,False,Ridic,red,TOP,Udyr,True
13.14.520.6878,우 제,blue,BOTTOM,Xayah,False,반오십의 희망,red,BOTTOM,MissFortune,True
13.14.520.6878,우 제,blue,TOP,Aatrox,True,손주녁,red,BOTTOM,Ezreal,False
13.14.520.6878,우 제,blue,TOP,Aatrox,False,zhouerfushi,red,TOP,Jax,True
13.14.520.6878,우 제,blue,TOP,Renekton,True,gnpm,red,TOP,Rumble,False
13.14.520.6878,우 제,blue,TOP,Aatrox,False,xiaofangOWO,red,TOP,Olaf,True
13.14.520.6878,우 제,red,TOP,Renekton,False,커피물조절장인,blue,TOP,Kennen,True
13.14.520.6878,우 제,red,TOP,Aatrox,False,1v9 top,blue,TOP,Kennen,True
13.14.520.6878,우 제,blue,TOP,Aatrox,False,펭로스,red,TOP,Camille,True
13.14.520.6878,우 제,blue,TOP,Aatrox,True,i half,red,TOP,Gragas,False
13.14.520.6878,우 제,blue,TOP,Aatrox,True,Wen shen,red,TOP,Jax,False
13.14.520.6878,우 제,blue,TOP,Aatrox,False,은주는공주야,red,TOP,Cassiopeia,True
13.14.520.6878,우 제,blue,TOP,Aatrox,False,앵그리권지인,red,TOP,Renekton,True
13.14.520.6878,우 제,blue,TOP,Gangplank,True,따봉 람머스,red,TOP,Jax,False
13.14.520.6878,우 제,red,TOP,Jax,True,장자함,blue,TOP,Fiora,False
13.14.520.6878,우 제,red,TOP,Aatrox,True,자신감을잃지말자,blue,TOP,Jayce,False
13.14.520.6878,우 제,blue,TOP,Gnar,False,lllllanbaixia,red,TOP,Renekton,True
13.14.520.6878,우 제,blue,TOP,KSante,False,BRO Kangin,red,TOP,Renekton,True
13.14.520.6878,우 제,red,TOP,Jax,True,알았어제발진정해,blue,TOP,Gangplank,False
13.14.520.6878,우 제,blue,TOP,Aatrox,True,신이 되는 길,red,BOTTOM,Kaisa,False
13.14.520.6878,우 제,blue,TOP,Fiora,True,one Iast time ,red,TOP,Jax,False
13.14.520.6878,우 제,blue,TOP,Gnar,True,제티없이못살아,red,TOP,Fiora,False
13.14.520.6878,우 제,blue,TOP,Jax,True,시간의 숲 FoT,red,TOP,Gragas,False
13.14.520.6878,우 제,blue,TOP,Kennen,True,ll이노리ll,red,TOP,Urgot,False
13.14.520.6878,우 제,blue,TOP,Renekton,True,DRX Juhana,red,TOP,Rumble,False
13.14.520.6878,우 제,blue,TOP,Leblanc,True,lautarobarella,red,TOP,Shen,False
13.14.520.6878,우 제,blue,TOP,Gnar,True,saigo no chosen,red,TOP,KSante,False
13.14.520.6878,sprtkim,blue,TOP,Renekton,False,나 랜선데,red,TOP,Rumble,True
13.14.520.6878,sprtkim,blue,TOP,KSante,True,DK Sharvel,red,TOP,Renekton,False
13.14.520.6878,sprtkim,red,TOP,Jax,True,Aeiden,blue,TOP,Rumble,False
13.14.520.6878,sprtkim,blue,TOP,Jax,True,NS Mihile,red,TOP,KSante,False
13.14.520.6878,sprtkim,blue,TOP,Jax,True,DEEPLOL DEKAR,red,TOP,Rengar,False
13.14.520.6878,sprtkim,blue,TOP,Jax,True,Qianshi,red,TOP,Aatrox,False
13.14.520.6878,sprtkim,blue,TOP,Jayce,True,cczxzas1,red,TOP,Aatrox,False
13.14.520.6878,sprtkim,blue,TOP,LeeSin,False,주원인데,red,TOP,Rengar,True
13.14.520.6878,sprtkim,blue,TOP,Gwen,False,Meannnnn,red,TOP,Rumble,True
13.14.520.6878,sprtkim,red,TOP,Aatrox,True,땔깩캐리,blue,TOP,Rammus,False
13.14.520.6878,sprtkim,blue,TOP,Rumble,False,Turned to leave,red,TOP,Aatrox,True
13.14.520.6878,sprtkim,blue,TOP,Rumble,False,송플랭크,red,TOP,Gangplank,True
13.13.518.539,sprtkim,red,TOP,Rumble,True,Sbtopp,blue,TOP,Sejuani,False
13.13.518.539,sprtkim,blue,TOP,Belveth,True,어리고싶다,red,TOP,Rumble,False
13.13.518.539,sprtkim,blue,TOP,Jax,False,지저스 기돌,red,TOP,Renekton,True
13.13.518.539,sprtkim,red,TOP,Jax,True,HLE Haetae,blue,TOP,Rumble,False
13.13.518.539,sprtkim,blue,TOP,Jayce,True,HLE Haetae,red,TOP,Rumble,False
13.13.518.539,sprtkim,blue,TOP,Renekton,False,Kiw1 doctor,red,TOP,Rumble,True
13.13.518.539,sprtkim,red,TOP,Rumble,True,samara,blue,TOP,KSante,False
13.13.518.539,sprtkim,blue,TOP,Gwen,False,전동엽,red,TOP,KSante,True
13.13.518.539,sprtkim,blue,TOP,Jax,True,최고의전투기까지,red,TOP,Renekton,False
13.13.518.539,sprtkim,blue,TOP,Gangplank,True,빼꼼 미어캣,red,TOP,KSante,False
13.13.518.539,sprtkim,blue,TOP,Yone,False,QWE1234Q,red,TOP,Rumble,True
13.13.518.539,sprtkim,blue,TOP,Gangplank,True,qweasdqweasdqw,red,BOTTOM,Tristana,False
13.13.518.539,sprtkim,red,TOP,Yone,False,238000,blue,TOP,Rumble,True
13.13.518.539,sprtkim,red,TOP,Jax,True,London Boy1,blue,TOP,Poppy,False
13.13.518.539,sprtkim,red,TOP,KSante,True,TwitchTV Migung,blue,TOP,Akshan,False
13.13.518.539,sprtkim,blue,TOP,Jax,True,던의아들,red,TOP,Renekton,False
13.13.518.539,sprtkim,red,TOP,Jax,False,GOOD GAME GG XD,blue,TOP,KSante,True
13.13.518.539,sprtkim,red,BOTTOM,Xayah,False,BRO Enosh,blue,BOTTOM,Kaisa,True
13.13.518.539,sprtkim,red,TOP,Jax,True,chendian,blue,TOP,Malphite,False
13.13.518.539,sprtkim,blue,TOP,Gangplank,True,자신감을잃지말자,red,TOP,Renekton,False
13.13.518.539,sprtkim,red,TOP,Jax,True,Carius,blue,TOP,Rumble,False
13.13.518.539,sprtkim,red,TOP,Jax,False,London Boy1,blue,TOP,Gragas,True
13.13.518.539,sprtkim,blue,TOP,KSante,False,IRELKlNG,red,TOP,Irelia,True
13.13.518.539,sprtkim,red,TOP,Jax,False,Chl기명,blue,BOTTOM,Samira,True
13.13.518.539,sprtkim,red,BOTTOM,Kaisa,False,그라가스할래요,blue,MIDDLE,Gragas,True
13.13.518.539,sprtkim,blue,TOP,Syndra,False,김구앵,red,TOP,Quinn,True
13.13.518.539,sprtkim,red,TOP,Jax,False,샌드박스 송현민,blue,TOP,Rumble,True
13.13.518.539,sprtkim,red,TOP,Yone,True,그라가스할래요,blue,TOP,Gragas,False
13.13.518.539,sprtkim,blue,TOP,Jax,True,픽셀 쪼가리,red,TOP,Poppy,False
13.13.518.539,sprtkim,blue,BOTTOM,Xayah,False,Deft DK,red,BOTTOM,Tristana,True
13.13.518.539,sprtkim,blue,BOTTOM,Xayah,False,Gen G SIayer,red,BOTTOM,Ezreal,True
13.13.518.539,sprtkim,red,TOP,Tristana,False,매일매일예,blue,TOP,Irelia,True
13.13.518.539,sprtkim,blue,TOP,Tristana,True,KDF1,red,TOP,Rumble,False
13.13.518.539,sprtkim,red,TOP,KSante,False,pft,blue,TOP,Renekton,True
13.13.518.539,sprtkim,red,TOP,Rumble,True,FIORAKlNG,blue,TOP,Fiora,False
13.13.518.539,sprtkim,blue,TOP,Rumble,True,어쩔마문,red,BOTTOM,Jinx,False
13.13.518.539,sprtkim,red,TOP,Rumble,False,DK Rahel,blue,TOP,Yone,True
13.13.518.539,sprtkim,red,TOP,Rumble,True,Turned to leave,blue,TOP,Jax,False
13.13.518.539,sprtkim,red,TOP,Kennen,False,어리고싶다,blue,TOP,Jax,True
13.13.518.539,sprtkim,red,TOP,Rumble,False,DRX Fr0g,blue,TOP,Jax,True
13.13.518.539,sprtkim,blue,TOP,Rumble,True,Kiw1 doctor,red,TOP,Gragas,False
13.13.518.539,sprtkim,blue,TOP,Jayce,True,던의아들,red,TOP,Rumble,False
13.13.518.539,sprtkim,red,TOP,Jax,True,던의아들,blue,TOP,Renekton,False
13.13.518.539,sprtkim,blue,TOP,Jax,False,던의아들,red,TOP,KSante,True
13.13.518.539,sprtkim,red,TOP,Jax,False,어쩌라고맞짱뜰까,blue,TOP,Sejuani,True
13.13.518.539,sprtkim,blue,TOP,Jax,True,Kingen,red,TOP,Gangplank,False
13.13.518.539,sprtkim,red,BOTTOM,Aphelios,False,으끄으끄,blue,BOTTOM,Kaisa,True
13.13.518.539,sprtkim,blue,TOP,Renekton,False,This game canwin,red,TOP,Gwen,True
13.13.518.539,sprtkim,red,BOTTOM,Xayah,True,ToongE,blue,BOTTOM,Kaisa,False
13.13.518.539,sprtkim,blue,TOP,Lucian,True,DK Thanatos,red,TOP,Quinn,False
13.13.518.539,sprtkim,blue,TOP,Ornn,False,FA ady,red,TOP,Taric,True
13.13.518.539,sprtkim,red,TOP,Gangplank,True,  huang tian ,blue,TOP,Rumble,False
13.13.518.539,sprtkim,blue,TOP,Gangplank,True,1983 08 28,red,TOP,KSante,False
13.13.518.539,sprtkim,blue,BOTTOM,Ezreal,False,던의아들,red,TOP,Rumble,True
13.13.518.539,sprtkim,blue,BOTTOM,Kaisa,False,cdwd,red,BOTTOM,Xayah,True
13.13.518.539,sprtkim,blue,MIDDLE,Jax,True,I이경우,red,BOTTOM,Xayah,False
13.13.518.539,sprtkim,blue,TOP,Rumble,True,캐 인,red,TOP,Rengar,False
13.13.518.539,sprtkim,red,TOP,Renekton,True,트위치 이렐장군2,blue,TOP,Irelia,False
13.13.518.539,sprtkim,red,TOP,KSante,True,BRO Kangin,blue,TOP,Fiora,False
13.13.518.539,sprtkim,blue,TOP,KSante,True,ewqqrweqq,red,TOP,Rengar,False
13.13.518.539,sprtkim,blue,TOP,Jax,True,DRXVIICHAN,red,TOP,Illaoi,False
13.13.518.539,sprtkim,red,TOP,Renekton,True,TwitchTV Migung,blue,TOP,Akshan,False
13.13.518.539,sprtkim,red,TOP,Gangplank,True,dlznlshrtm,blue,TOP,Aatrox,False
13.13.518.539,sprtkim,blue,TOP,Gragas,True,랑카위,red,TOP,Quinn,False
13.13.518.539,T1 Zeus,blue,TOP,Rumble,True,Want To Be Young,red,TOP,Renekton,False
13.13.518.539,T1 Zeus,blue,TOP,Kennen,False,lllllanbaixia,red,TOP,Gragas,True
13.13.518.539,T1 Zeus,red,TOP,KSante,True,nano Tech Kid ,blue,TOP,Darius,False
13.13.518.539,T1 Zeus,red,TOP,Rumble,False,Kingen,blue,TOP,Akali,True
13.13.518.539,T1 Zeus,red,TOP,Rumble,True,100T TENACITY,blue,TOP,KSante,False
13.13.518.539,T1 Zeus,blue,TOP,Rumble,False,LIKAIZZ,red,TOP,Jax,True
13.13.518.539,T1 Zeus,blue,TOP,Renekton,False,No one loves me,red,TOP,Rengar,True
13.13.518.539,T1 Zeus,blue,BOTTOM,Kaisa,False,wodexinhaoleng,red,BOTTOM,Samira,True
13.13.518.539,T1 Zeus,red,TOP,Rumble,False,ding qing lai,blue,TOP,Sion,True
13.13.518.539,T1 Zeus,blue,TOP,Rumble,True,호시노 칸나,red,TOP,Jayce,False
13.13.518.539,T1 Zeus,red,TOP,Rumble,False,석 태 마,blue,TOP,Kennen,True
13.13.518.539,T1 Zeus,red,TOP,Jax,True,빈 스토리,blue,TOP,Renekton,False
13.13.518.539,T1 Zeus,red,TOP,KSante,True,yasuu,blue,TOP,Yasuo,False
13.13.518.539,T1 Zeus,red,TOP,Rumble,True,Quad,blue,MIDDLE,Azir,False
13.13.518.539,T1 Zeus,blue,TOP,Rumble,True,DRX 파덕,red,TOP,KSante,False
13.13.518.539,T1 Zeus,blue,TOP,Jax,True,Jay Chou,red,TOP,KSante,False
13.13.518.539,T1 Zeus,blue,TOP,Poppy,True,Fiora,red,TOP,Fiora,False
13.13.518.539,T1 Zeus,blue,TOP,KSante,False,KDF Lancer,red,TOP,Jax,True
13.13.518.539,T1 Zeus,blue,TOP,Fiora,True,zcxsdasdas,red,TOP,KSante,False
13.13.518.539,T1 Zeus,red,TOP,Jax,False,samara,blue,TOP,Gnar,True
13.13.518.539,T1 Zeus,blue,TOP,Gragas,True,BRO DDoiV,red,TOP,Renekton,False
13.13.518.539,T1 Zeus,blue,JUNGLE,Belveth,False,wangbadashen001,red,JUNGLE,RekSai,True
13.13.518.539,T1 Zeus,red,TOP,KSante,False,wangbadashen001,blue,JUNGLE,Viego,True
13.13.518.539,T1 Zeus,red,TOP,Gwen,False,규 보 리,blue,TOP,Garen,True
13.13.518.539,T1 Zeus,blue,TOP,Rumble,True,Azhy,red,TOP,Riven,False
13.13.518.539,T1 Zeus,red,TOP,Rumble,True,FA Ro5e,blue,TOP,Sion,False
13.13.518.539,T1 Zeus,blue,BOTTOM,Kaisa,False,재하의 새벽,red,BOTTOM,Ezreal,True
13.12.515.4234,T1 Zeus,red,TOP,Kennen,True,미안한데어쩌라고,blue,TOP,Jayce,False
13.12.515.4234,T1 Zeus,blue,UTILITY,Rell,False,마지막 반년,red,UTILITY,Rakan,True
13.12.515.4234,T1 Zeus,blue,TOP,Renekton,False,pft,red,TOP,KSante,True
13.12.515.4234,T1 Zeus,red,TOP,Jayce,False,DK Thanatos,blue,TOP,Sion,True
13.12.515.4234,T1 Zeus,red,BOTTOM,Zeri,True,kiritoasuua,blue,BOTTOM,Aphelios,False
13.12.515.4234,T1 Zeus,red,TOP,Kennen,True,tinnxp,blue,JUNGLE,Gragas,False
13.12.515.4234,T1 Zeus,red,TOP,Poppy,True,불멸의무빙,blue,TOP,Ornn,False
13.12.515.4234,T1 Zeus,red,BOTTOM,Zeri,True,yiout,blue,BOTTOM,MissFortune,False
13.12.515.4234,T1 Zeus,blue,TOP,Jayce,True,FIORAKlNG,red,TOP,Fiora,False
13.12.515.4234,T1 Zeus,blue,TOP,Tristana,False,하나둘셋 찰칵,red,TOP,Kennen,True
13.12.515.4234,T1 Zeus,blue,TOP,Renekton,True,잠자는 왕,red,TOP,Ivern,False
13.12.515.4234,T1 Zeus,blue,TOP,Renekton,False,Cattttinggggggg,red,TOP,Jax,True
13.12.515.4234,T1 Zeus,blue,UTILITY,Sylas,True,NS HH,red,UTILITY,Rell,False
13.12.515.4234,T1 Zeus,blue,TOP,Gangplank,False,역천괴,red,BOTTOM,Kaisa,True
13.12.515.4234,T1 Zeus,red,TOP,Poppy,True,BRO Pollu,blue,TOP,Ornn,False
13.12.515.4234,T1 Zeus,red,TOP,Renekton,True,FA  thh,blue,TOP,Jax,False
13.12.515.4234,T1 Zeus,blue,BOTTOM,Zeri,False,어제보단잘하자,red,BOTTOM,Kaisa,True
13.12.515.4234,T1 Zeus,blue,TOP,Malphite,True,죽이고 싶다1,red,TOP,Jayce,False
13.12.515.4234,T1 Zeus,blue,TOP,Gragas,True,Kingen,red,TOP,Jax,False
13.12.515.4234,T1 Zeus,blue,TOP,Jax,True,학고참,red,TOP,Fiora,False
13.12.515.4234,T1 Zeus,red,TOP,Varus,False,어리바리몽키,blue,TOP,Irelia,True
13.12.515.4234,T1 Zeus,red,TOP,Varus,True,Lv1 갑각류,blue,TOP,Jayce,False
13.12.515.4234,T1 Zeus,blue,TOP,Renekton,False,Carnlvore,red,TOP,Sion,True
13.12.515.4234,T1 Zeus,red,TOP,Renekton,False,시작부터뮤트올함,blue,BOTTOM,Kaisa,True
13.12.515.4234,T1 Zeus,red,TOP,Renekton,False,마인크래트프,blue,TOP,Warwick,True
13.12.515.4234,T1 Zeus,blue,TOP,Jax,False,픽셀 쪼가리,red,TOP,Renekton,True
13.12.515.4234,T1 Zeus,red,TOP,Renekton,False,i noob sry,blue,JUNGLE,Maokai,True
13.12.515.4234,T1 Zeus,blue,TOP,Jax,True,TheRosenkavalier,red,TOP,Kennen,False
13.12.515.4234,T1 Zeus,blue,BOTTOM,Aphelios,False,Bad End,red,BOTTOM,Varus,True
13.12.515.4234,T1 Zeus,blue,TOP,Renekton,True,김민교 수제자,red,MIDDLE,Cassiopeia,False
13.12.515.4234,T1 Zeus,blue,TOP,Poppy,False,미니언14,red,TOP,Kennen,True
13.12.514.8523,T1 Zeus,red,TOP,KSante,True,FA ady,blue,TOP,Pantheon,False
13.12.514.8523,T1 Zeus,blue,BOTTOM,Aphelios,False,cuicuishu,red,BOTTOM,Samira,True
13.12.514.8523,T1 Zeus,blue,TOP,Vi,False,산수 사이,red,TOP,KSante,True
13.12.514.8523,T1 Zeus,red,TOP,Renekton,False,초보메이지유저,blue,TOP,Kennen,True
13.12.514.8523,T1 Zeus,red,TOP,Gragas,False,Dplus Top,blue,TOP,Renekton,True
13.12.514.8523,T1 Zeus,red,TOP,Poppy,True,JUGKlNG,blue,TOP,Gragas,False
13.12.514.8523,T1 Zeus,blue,TOP,Rumble,True,zjl3,red,JUNGLE,Viego,False
13.12.514.8523,T1 Zeus,red,TOP,Poppy,True,핏빛 계약,blue,TOP,Vladimir,False
13.12.514.8523,T1 Zeus,red,TOP,Renekton,True,화려한 솔로킬,blue,TOP,Jax,False
13.12.514.8523,T1 Zeus,red,TOP,Renekton,False,아리마 카나,blue,TOP,KSante,True
13.11.513.8260,T1 Zeus,red,TOP,Aatrox,True,DRX 파덕,blue,BOTTOM,Zeri,False
13.11.513.8260,T1 Zeus,blue,BOTTOM,Aphelios,False,당신너무예뻐,red,BOTTOM,Draven,True
13.11.513.8260,T1 Zeus,blue,TOP,Vi,True,전동엽,red,TOP,Sion,False
13.11.513.8260,T1 Zeus,red,TOP,Annie,True,좋은하루좋은아침,blue,TOP,KSante,False
13.11.513.8260,T1 Zeus,red,TOP,Poppy,False, wxzsr,blue,BOTTOM,Zeri,True
13.11.513.8260,T1 Zeus,blue,TOP,Aatrox,True,Lehends,red,TOP,Gragas,False
13.11.513.8260,T1 Zeus,blue,TOP,Jayce,True,오도독 해삼 ,red,TOP,Kennen,False
13.11.513.8260,T1 Zeus,blue,TOP,Kalista,True,Fiora Gwen,red,TOP,Fiora,False
13.11.513.8260,T1 Zeus,blue,TOP,Jayce,False,AlphaGo test 06,red,TOP,Gnar,True
13.11.513.8260,T1 Zeus,red,TOP,Aatrox,True,NS Quad,blue,MIDDLE,Gragas,False
13.11.513.8260,T1 Zeus,red,BOTTOM,Xayah,True,ppapdd,blue,BOTTOM,Jinx,False
13.11.513.8260,T1 Zeus,red,TOP,Gnar,True,Twitch 곰팡호,blue,TOP,Malphite,False
13.11.513.8260,T1 Zeus,red,TOP,Jax,True,aaddssff,blue,TOP,Kennen,False
13.11.513.8260,T1 Zeus,red,TOP,Renekton,True,starloving,blue,BOTTOM,Aphelios,False
13.11.513.8260,T1 Zeus,red,TOP,Jax,True,파푸니카주민,blue,TOP,Ornn,False
13.11.512.9046,T1 Zeus,red,TOP,Gnar,False,KDF1,blue,TOP,Gragas,True
13.11.512.9046,T1 Zeus,red,TOP,Gnar,False,duoxiezixin,blue,TOP,Kennen,True
13.11.512.9046,T1 Zeus,blue,TOP,Kennen,False,주 목,red,MIDDLE,Qiyana,True
13.11.512.9046,T1 Zeus,blue,BOTTOM,Aphelios,False,xiao lUo si,red,BOTTOM,Draven,True
13.11.512.9046,T1 Zeus,blue,TOP,Gnar,False,초보메이지유저,red,TOP,KSante,True
13.11.512.9046,T1 Zeus,red,TOP,Jayce,True,그 맛은궁진하다,blue,TOP,Malphite,False
13.11.512.9046,T1 Zeus,blue,TOP,Gragas,False,gnpm,red,TOP,Fiora,True
13.11.512.9046,T1 Zeus,red,TOP,Jax,False,Fiora Gwen,blue,TOP,Fiora,True
13.11.512.9046,T1 Zeus,red,TOP,Jax,False,pft,blue,TOP,KSante,True
13.11.512.9046,T1 Zeus,blue,BOTTOM,Zeri,True,qzedujlp,red,BOTTOM,Jinx,False
13.11.512.9046,T1 Zeus,red,TOP,Jax,True,FA ady,blue,TOP,Vi,False
13.11.512.9046,T1 Zeus,red,TOP,Renekton,True,화려한화려한,blue,TOP,Gnar,False
13.11.512.8126,T1 Zeus,blue,TOP,Aatrox,False,전령무새,red,TOP,Jax,True
13.11.512.8126,T1 Zeus,red,BOTTOM,Jhin,True,Gen G Ruler,blue,BOTTOM,Aphelios,False
13.11.512.8126,T1 Zeus,blue,TOP,Gragas,False,아리마 카나,red,TOP,KSante,True
13.11.512.8126,T1 Zeus,blue,TOP,Sylas,False,오희찬,red,MIDDLE,Ahri,True
13.11.512.8126,T1 Zeus,red,TOP,Gragas,False,오도독 해삼 ,blue,TOP,Gnar,True
13.11.512.8126,T1 Zeus,blue,TOP,Gragas,False,속고만살았나보다,red,TOP,Ryze,True
13.11.512.8126,T1 Zeus,blue,TOP,Kayle,False,GoYounha fan,red,TOP,Zac,True
13.11.512.8126,T1 Zeus,blue,BOTTOM,Zeri,True,Challengers T1,red,BOTTOM,Aphelios,False
13.10.509.8402,T1 Zeus,red,TOP,Gragas,False,벨베슥,blue,TOP,Belveth,True
13.10.509.8402,T1 Zeus,red,TOP,Gragas,False,Aileri,blue,TOP,Irelia,True
13.10.509.8402,T1 Zeus,red,TOP,Aatrox,False,pft,blue,TOP,Jayce,True
13.10.509.8402,T1 Zeus,red,TOP,Aatrox,False,산기슭곰발인,blue,MIDDLE,Annie,True
13.10.509.8402,T1 Zeus,red,MIDDLE,Ahri,False,QqQqQuid,blue,MIDDLE,Karma,True
13.10.509.8402,T1 Zeus,blue,TOP,Gwen,True,BRO Frim,red,TOP,Jayce,False
13.10.509.8402,T1 Zeus,red,TOP,Kayle,False,출전을 신청하다,blue,JUNGLE,FiddleSticks,True
13.10.509.8402,T1 Zeus,blue,TOP,Kayle,False,화려한 솔로킬,red,TOP,KSante,True
13.10.509.8402,T1 Zeus,red,MIDDLE,KSante,True,주니어 네키,blue,MIDDLE,Gragas,False
13.10.509.8402,T1 Zeus,blue,TOP,Aatrox,True,강하다 별,red,TOP,Jax,False
13.10.509.8402,T1 Zeus,blue,TOP,Gnar,False,모든 것이 제,red,TOP,Renekton,True
13.10.509.8402,T1 Zeus,red,JUNGLE,Hecarim,True,BRO Raptor,blue,JUNGLE,Sejuani,False
13.10.509.8402,T1 Zeus,red,TOP,Gragas,False,shuidajiao,blue,TOP,Sion,True
13.10.509.8402,T1 Zeus,red,TOP,KSante,False,KT Castle,blue,TOP,Gwen,True
13.10.509.8402,T1 Zeus,red,TOP,Fiora,False,xxxxlululu,blue,TOP,Jax,True
13.10.509.8402,우제17,blue,TOP,Jayce,False,비바람이 되다,red,TOP,Jax,True
13.10.509.8402,우제17,red,TOP,Jayce,False,DK Rahel,blue,TOP,Gragas,True
13.10.509.8402,우제17,blue,TOP,Aatrox,True,칼과 창 방패,red,TOP,Poppy,False
13.10.509.8402,우제17,blue,TOP,Jayce,True,axibakeisaga,red,TOP,Malphite,False
13.10.509.8402,우제17,red,TOP,Aatrox,False,Backless,blue,TOP,Akshan,True
13.10.509.8402,우제17,blue,TOP,Gragas,False,Aileri,red,TOP,Irelia,True
13.10.509.8402,우제17,blue,MIDDLE,Annie,False,용감한바다의전사,red,MIDDLE,Lissandra,True
13.10.509.8402,우제17,red,TOP,Ekko,False,racerr,blue,TOP,KSante,True
13.10.509.8402,우제17,red,TOP,Aatrox,False,xxxxlululu,blue,TOP,Jax,True
13.10.509.8402,우제17,blue,TOP,Aatrox,True,강타자다,red,TOP,KSante,False
13.10.509.8402,우제17,blue,MIDDLE,Akshan,False,구도뒤집기,red,MIDDLE,KSante,True
13.10.509.8402,우제17,blue,TOP,Jayce,True,외길인생 샤코,red,JUNGLE,Shaco,False
13.10.509.8402,우제17,blue,TOP,Gnar,True,pft,red,TOP,Yasuo,False
13.10.509.8402,우제17,red,TOP,Gragas,False,Azhy,blue,TOP,Riven,True
13.10.509.8402,우제17,blue,TOP,Gragas,False,Takey99,red,MIDDLE,Akshan,True
13.10.509.8402,우제17,blue,TOP,Kennen,True,제 천,red,TOP,Rengar,False
13.10.509.8402,우제17,blue,TOP,Irelia,False,HLE Haetae,red,TOP,Jayce,True
13.10.509.8402,우제17,red,TOP,Gragas,False,qwazss,blue,TOP,Jax,True
13.10.509.8402,2U35,blue,TOP,Gragas,False,Ninefog,red,TOP,Darius,True
13.9.506.4846,2U35,red,TOP,Poppy,False,뇌 녹 사,blue,TOP,DrMundo,True
13.8.505.1214,2U35,blue,TOP,Kennen,False,뽜 아,red,TOP,Irelia,True
13.8.505.1214,2U35,blue,TOP,Kennen,True,Meteor is coming,red,TOP,Malphite,False
13.8.505.1214,2U35,blue,UTILITY,TahmKench,False,Lehends,red,UTILITY,Milio,True
13.8.505.1214,2U35,red,MIDDLE,Ahri,False,DK Pullbae,blue,MIDDLE,AurelionSol,True
13.8.505.1214,2U35,red,TOP,KSante,False,중졸히키아싸씹덕,blue,TOP,Jayce,True
13.8.505.1214,2U35,red,MIDDLE,Ahri,False,GOOD GAME GG XD,blue,MIDDLE,AurelionSol,True
13.8.505.1214,2U35,red,TOP,Gragas,False,칼과 창 방패,blue,TOP,Poppy,True
13.8.505.1214,2U35,blue,TOP,Poppy,True,어쩌라고맞짱뜰까,red,TOP,Jayce,False
13.8.505.1214,2U35,red,TOP,Sejuani,False,openbye3,blue,MIDDLE,Annie,True
13.8.505.1214,2U35,blue,TOP,Jax,True,피곤피곤 열매,red,TOP,Akshan,False
13.8.505.1214,2U35,blue,TOP,Camille,False,원광대 섹진영,red,TOP,KSante,True
13.8.505.1214,2U35,blue,MIDDLE,Yasuo,False,쪼렙이다말로하자,red,MIDDLE,Leblanc,True
13.8.505.1214,2U35,red,TOP,Illaoi,False,BRO Morgan,blue,TOP,KSante,True
13.8.505.1214,2U35,blue,UTILITY,Nautilus,True,2023은 나의 해,red,UTILITY,Karma,False
13.8.505.1214,2U35,blue,TOP,KSante,False,eyed2,red,TOP,Tryndamere,True
13.8.505.1214,2U35,red,TOP,Jayce,True,FA ady,blue,TOP,Vi,False
13.8.505.1214,2U35,red,JUNGLE,Khazix,False,B0NN1E,blue,JUNGLE,Viego,True
13.8.505.1214,2U35,blue,TOP,Gwen,True,gnpm,red,TOP,KSante,False
13.8.505.1214,2U35,blue,MIDDLE,Ahri,True,Jiahai,red,MIDDLE,Yasuo,False
13.8.505.1214,2U35,red,TOP,Gangplank,True,에휴휴휴휴휴,blue,TOP,Jax,False
13.8.505.1214,2U35,blue,TOP,KSante,False,쿼드쿼드,red,TOP,Jayce,True
13.8.505.1214,2U35,blue,TOP,KSante,True,qwercxvz,red,TOP,Sion,False
13.8.505.1214,2U35,red,TOP,Ornn,False,qwercxvz,blue,TOP,Sion,True
13.8.505.1214,2U35,blue,TOP,Jayce,False,FA Maru ,red,TOP,Yasuo,True
13.8.505.1214,2U35,blue,TOP,Jayce,True,hong Zhong,red,TOP,Garen,False
13.8.504.1242,2U35,blue,TOP,KSante,False,Want To Be Young,red,TOP,Kennen,True
13.7.502.2586,2U35,blue,TOP,Sion,False,우유없는시리얼,red,TOP,Kayle,True
13.7.502.2586,2U35,blue,TOP,Jayce,True,자신감을잃지말자,red,TOP,KSante,False
13.7.502.2586,2U35,blue,TOP,Jayce,False,살퀸레,red,TOP,Quinn,True
13.7.502.2586,2U35,red,TOP,Kennen,True,new number ,blue,TOP,Gragas,False
13.7.502.2586,2U35,red,TOP,Kennen,False,NongshimRedForce,blue,TOP,Annie,True
13.7.502.2586,2U35,red,TOP,Kennen,True,우유없는시리얼,blue,TOP,Kayle,False
13.7.502.2586,2U35,blue,TOP,Kennen,True,pasino,red,TOP,Rumble,False
13.7.501.1316,2U35,red,TOP,Kennen,False,qaqbqc,blue,TOP,Sion,True
13.6.499.7758,2U35,red,TOP,Renekton,False,FA ady,blue,TOP,Galio,True
13.6.499.7758,2U35,blue,TOP,Sejuani,True,JUGKlNG,red,TOP,Jayce,False
13.6.499.7758,2U35,red,TOP,Kennen,True,KT Castle,blue,TOP,Nasus,False
13.6.499.7758,2U35,blue,TOP,Jayce,False,단일 테이프,red,TOP,Renekton,True
13.6.499.7758,2U35,red,TOP,Gnar,False,FA ady,blue,TOP,Galio,True
13.6.499.7758,2U35,blue,TOP,Gwen,True,자신감을잃지말자,red,TOP,KSante,False
13.6.499.7758,2U35,blue,TOP,Gragas,True,DRXVIICHAN,red,TOP,KSante,False
13.6.499.7758,2U35,red,TOP,Jax,True,윤용호,blue,TOP,Renekton,False
13.6.499.7758,2U35,blue,TOP,KSante,True,칼과 창 방패,red,TOP,Warwick,False
13.6.499.7758,2U35,blue,TOP,Jayce,True,단일 테이프,red,TOP,Fiora,False
13.6.499.7758,2U35,red,TOP,Jayce,False,스즈즈메,blue,TOP,KSante,True
13.6.499.7165,2U35,blue,TOP,KSante,True,어리고싶다,red,TOP,Malphite,False
13.6.499.7165,2U35,red,TOP,KSante,False,KT Castle,blue,TOP,Malphite,True
13.6.499.7165,2U35,red,TOP,KSante,True,KT Castle,blue,TOP,Malphite,False
13.6.499.913,2U35,blue,TOP,KSante,True,몽키다마 왕c,red,TOP,Rumble,False
13.6.499.913,2U35,blue,TOP,KSante,True,yasuu,red,TOP,Yasuo,False
13.6.499.913,2U35,blue,TOP,Gragas,True,mashushu,red,TOP,Kennen,False
13.6.499.913,2U35,red,TOP,Gragas,True,FA ady,blue,TOP,Galio,False
13.6.499.913,2U35,blue,TOP,Malphite,False,aaaqqq,red,TOP,KSante,True
13.6.499.913,2U35,blue,TOP,KSante,True,스즈즈메,red,TOP,Kennen,False
13.6.499.913,2U35,blue,TOP,KSante,False,Quad,red,TOP,Cassiopeia,True
13.6.499.913,2U35,blue,TOP,Malphite,True,잠이안와아보카도,red,TOP,KSante,False
13.5.495.8836,2U35,red,TOP,Gnar,True,FA ady,blue,TOP,Braum,False
13.5.495.8836,2U35,red,TOP,Yone,False,GOOD GAME GG XD,blue,TOP,Illaoi,True
13.5.495.8836,2U35,blue,TOP,Gragas,True,크산테 원챔1,red,TOP,KSante,False
13.5.495.8836,2U35,blue,TOP,Jayce,True,화려한화려한,red,TOP,Kennen,False
13.5.495.8836,2U35,red,TOP,Kennen,True,ni lai wo siii,blue,TOP,Jayce,False
13.5.495.8836,2U35,blue,TOP,KSante,True,DieThal,red,TOP,Kennen,False
13.5.495.8836,2U35,red,TOP,Jayce,False,크산테 원챔1,blue,TOP,Gragas,True
13.5.495.8836,2U35,red,TOP,KSante,True,cczxzas1,blue,TOP,Kennen,False
13.5.495.8836,2U35,red,TOP,Leblanc,False,칼과 창 방패,blue,MIDDLE,Warwick,True
13.5.495.8836,2U35,blue,TOP,Jayce,True,cadianNN,red,TOP,Irelia,False
13.5.495.8836,2U35,blue,TOP,Kennen,True,어쩌라고맞짱뜰까,red,TOP,Jayce,False
13.5.495.8836,2U35,red,TOP,Chogath,False,미니언14,blue,TOP,Fiora,True
13.5.495.8836,2U35,red,TOP,Jayce,True,Bae Suzy,blue,TOP,Gnar,False
13.5.495.8836,2U35,blue,TOP,Gwen,False,ILLAKlNG,red,TOP,Illaoi,True
13.5.495.8836,2U35,blue,TOP,Kennen,True,어리고싶다,red,TOP,Jayce,False
13.5.495.8836,2U35,blue,TOP,KSante,False,FA ady,red,TOP,Galio,True
13.5.495.8836,2U35,red,TOP,Kennen,False,cadianNN,blue,TOP,Jayce,True
13.5.495.8836,2U35,blue,TOP,Jayce,True,길길길길기,red,TOP,Renekton,False
13.5.495.8836,2U35,blue,TOP,Irelia,True,내이리 오면,red,TOP,Jayce,False
13.5.495.8836,2U35,blue,TOP,Kennen,True,현기증나는사람,red,TOP,Jayce,False
13.5.495.8836,2U35,red,TOP,Jayce,True,FA ady,blue,TOP,Rakan,False
13.5.495.8836,2U35,blue,TOP,Kennen,True,weilaihuanweilai,red,TOP,Jayce,False
13.5.495.8836,2U35,red,TOP,Kennen,True,324142,blue,TOP,Renekton,False
13.5.495.8836,2U35,red,TOP,Kennen,True,324142,blue,TOP,Jayce,False
13.5.495.8836,2U35,red,TOP,Jayce,True,FA ady,blue,TOP,Thresh,False
13.5.495.8836,2U35,red,TOP,Pantheon,True,Gen G Zest,blue,TOP,Jax,False
13.5.495.8836,2U35,red,TOP,KSante,False,FA ady,blue,TOP,Rakan,True
13.5.495.8836,2U35,blue,TOP,Jayce,False,Gen ssad,red,TOP,Kennen,True
13.5.495.8836,2U35,blue,TOP,Gangplank,False,고구마팬케이크,red,TOP,Jax,True
13.5.495.8836,2U35,blue,TOP,Renekton,False,ni lai wo siii,red,TOP,Gnar,True
13.5.495.8836,2U35,blue,TOP,Camille,True,어쩌라고맞짱뜰까,red,TOP,Jayce,False
13.5.495.8836,2U35,red,TOP,Renekton,True,농심 레드포,blue,TOP,Darius,False
13.5.495.8836,2U35,blue,TOP,Renekton,True,ILLAKlNG,red,TOP,Illaoi,False
13.5.495.8836,2U35,red,TOP,Renekton,True,FA ady,blue,TOP,Pantheon,False
13.5.495.8836,2U35,red,JUNGLE,Elise,False,DK Lucid,blue,JUNGLE,Viego,True
13.5.495.8836,2U35,blue,TOP,Gragas,False,xxxxlululu,red,JUNGLE,LeeSin,True
13.4.494.1549,2U35,blue,TOP,Jayce,False,Gen G Zest,red,TOP,Renekton,True
13.4.494.1549,2U35,red,TOP,Jayce,True,ni lai wo siii,blue,TOP,Camille,False
13.4.494.1549,2U35,blue,JUNGLE,Viego,True,잘가요 굿바이,red,JUNGLE,Ekko,False
13.4.494.1549,2U35,blue,TOP,Akali,True,몸의 불,red,TOP,Camille,False
13.4.494.1549,2U35,red,TOP,KSante,True,Haimianbaob,blue,TOP,Gragas,False
13.4.494.1549,2U35,red,TOP,Aatrox,True,브레인저그,blue,TOP,Rumble,False
13.4.494.1549,2U35,blue,TOP,Jayce,False,1vsAll,red,TOP,Darius,True
13.4.494.1549,2U35,blue,TOP,Gangplank,False,한국인입니다6,red,MIDDLE,Tryndamere,True
13.4.494.1549,2U35,blue,TOP,Jayce,True,my몸에서나가 칸,red,TOP,Kled,False
13.4.494.1549,2U35,blue,TOP,Sejuani,True,농심 레드포,red,TOP,Jayce,False
13.4.494.1549,2U35,red,TOP,KSante,False,Michi Wo Yuke,blue,JUNGLE,MonkeyKing,True
13.4.494.1549,2U35,red,TOP,KSante,True,정글1왕6974,blue,TOP,Gangplank,False
13.4.494.1549,2U35,red,TOP,Renekton,True,Gen ssad,blue,TOP,Gnar,False
13.4.494.1549,2U35,blue,TOP,Camille,False,ni lai wo siii,red,TOP,KSante,True
13.4.494.1549,2U35,blue,TOP,Jax,True,Gen G Casting,red,TOP,KSante,False
13.4.494.1549,2U35,blue,TOP,Kennen,False,DARIKING,red,TOP,Darius,True
13.4.494.1549,2U35,blue,TOP,Jayce,True,1vsAll,red,TOP,XinZhao,False
13.4.494.1549,2U35,red,TOP,Jayce,True,토론지 대장,blue,TOP,Lucian,False
13.4.494.1549,2U35,blue,TOP,Darius,True,xxiaofang,red,TOP,Olaf,False
13.4.494.1549,2U35,blue,TOP,Yone,True,pursue,red,TOP,Sion,False
13.4.494.1549,2U35,blue,TOP,Gnar,True,GARENK1NG,red,TOP,Garen,False
13.4.494.1549,2U35,red,TOP,Jax,False,어쩌라고맞짱뜰까,blue,TOP,Yone,True
13.4.494.1549,2U35,blue,TOP,Camille,True,윤서스,red,TOP,Tryndamere,False
13.4.494.1549,2U35,red,TOP,Renekton,True,김민교 수제자,blue,MIDDLE,Cassiopeia,False
13.4.494.1549,2U35,blue,TOP,Gnar,False,evil galio,red,TOP,Fiora,True
13.4.494.1549,2U35,blue,TOP,Gragas,True,Permaban12361944,red,TOP,Illaoi,False
13.4.494.1549,2U35,blue,TOP,Gangplank,False,Gen G Zest,red,TOP,Rumble,True
13.4.494.1549,2U35,red,TOP,Gangplank,True,IAKIL,blue,TOP,Chogath,False
13.4.494.1549,2U35,blue,TOP,Gnar,False, 갱생한 이현,red,TOP,Jax,True
13.4.494.1549,2U35,blue,TOP,Gnar,False, 갱생한 이현,red,TOP,Jax,True
13.4.494.1549,2U35,blue,TOP,Jayce,True,zylylylylyl,red,TOP,Gragas,False
13.4.494.1549,2U35,blue,TOP,Yasuo,True,zylylylylyl,red,TOP,Gnar,False
13.4.494.1549,2U35,blue,TOP,Gragas,True,NS Mihile,red,TOP,Aatrox,False
13.4.494.1549,2U35,red,TOP,Gnar,False,ni lai wo siii,blue,TOP,Gangplank,True
13.4.494.1549,2U35,blue,TOP,Fiora,False,cadianN,red,TOP,Jax,True
13.4.494.1549,2U35,red,TOP,Jayce,True,Gen ssad,blue,TOP,Gnar,False
13.4.494.1549,2U35,blue,TOP,Fiora,True,윈터는차가워,red,TOP,Jax,False
13.4.494.1549,2U35,blue,TOP,Kennen,False,Binsenjokasano,red,TOP,Jayce,True
13.4.494.1549,2U35,red,TOP,Renekton,False,1vsAll,blue,TOP,Pantheon,True
13.4.494.1549,2U35,red,TOP,Olaf,False,Euphorbia,blue,TOP,Darius,True
13.4.494.1549,2U35,blue,TOP,Jax,True,Xiaolaoshuzzz,red,TOP,Gragas,False
13.4.494.1549,2U35,red,TOP,Gnar,True,Azhy,blue,TOP,Riven,False
13.4.494.1549,2U35,red,TOP,Jax,False,324142,blue,TOP,Gnar,True
13.4.494.1549,2U35,red,TOP,KSante,False,DieThal,blue,TOP,Rumble,True
13.4.494.1549,2U35,blue,TOP,Jax,True,Emperor penguin1,red,TOP,Fiora,False
13.4.494.1549,2U35,blue,TOP,Camille,True,cczxzas1,red,TOP,Jayce,False
