,total,briar,ekko,elise,fiddlesticks,graves,gwen,hecarim,jarvaniv,jax,karthus,kindred,leesin,lillia,nidalee,nunu,rumble,taliyah,vi,viego
jarvaniv,"[2, 4, 50.0, 10.26]","[0, 0, 0, 0.0]","[0, 0, 0, 0.0]","[0, 0, 0, 0.0]","[0, 0, 0, 0.0]","[0, 0, 0, 0.0]","[0, 0, 0, 0.0]","[0, 0, 0, 0.0]","[0, 0, 0, 0.0]","[0, 0, 0, 0.0]","[2, 3, 66.67, 60.0]","[0, 0, 0, 0.0]","[0, 0, 0, 0.0]","[0, 1, 0.0, 100.0]","[0, 0, 0, 0.0]","[0, 0, 0, 0.0]","[0, 0, 0, 0.0]","[0, 0, 0, 0.0]","[0, 0, 0, 0.0]","[0, 0, 0, 0.0]"
karthus,"[0, 1, 0.0, 2.56]","[0, 1, 0.0, 100.0]","[0, 0, 0, 0.0]","[0, 0, 0, 0.0]","[0, 0, 0, 0.0]","[0, 0, 0, 0.0]","[0, 0, 0, 0.0]","[0, 0, 0, 0.0]","[0, 0, 0, 0.0]","[0, 0, 0, 0.0]","[0, 0, 0, 0.0]","[0, 0, 0, 0.0]","[0, 0, 0, 0.0]","[0, 0, 0, 0.0]","[0, 0, 0, 0.0]","[0, 0, 0, 0.0]","[0, 0, 0, 0.0]","[0, 0, 0, 0.0]","[0, 0, 0, 0.0]","[0, 0, 0, 0.0]"
leesin,"[3, 7, 42.86, 17.95]","[0, 0, 0, 0.0]","[0, 1, 0.0, 100.0]","[0, 0, 0, 0.0]","[0, 0, 0, 0.0]","[0, 0, 0, 0.0]","[0, 0, 0, 0.0]","[1, 1, 100.0, 50.0]","[0, 1, 0.0, 33.33]","[0, 0, 0, 0.0]","[2, 2, 100.0, 40.0]","[0, 0, 0, 0.0]","[0, 0, 0, 0.0]","[0, 0, 0, 0.0]","[0, 0, 0, 0.0]","[0, 0, 0, 0.0]","[0, 0, 0, 0.0]","[0, 0, 0, 0.0]","[0, 1, 0.0, 50.0]","[0, 1, 0.0, 25.0]"
maokai,"[1, 1, 100.0, 2.56]","[0, 0, 0, 0.0]","[0, 0, 0, 0.0]","[0, 0, 0, 0.0]","[0, 0, 0, 0.0]","[0, 0, 0, 0.0]","[0, 0, 0, 0.0]","[0, 0, 0, 0.0]","[1, 1, 100.0, 33.33]","[0, 0, 0, 0.0]","[0, 0, 0, 0.0]","[0, 0, 0, 0.0]","[0, 0, 0, 0.0]","[0, 0, 0, 0.0]","[0, 0, 0, 0.0]","[0, 0, 0, 0.0]","[0, 0, 0, 0.0]","[0, 0, 0, 0.0]","[0, 0, 0, 0.0]","[0, 0, 0, 0.0]"
neeko,"[1, 4, 25.0, 10.26]","[0, 0, 0, 0.0]","[0, 0, 0, 0.0]","[0, 1, 0.0, 50.0]","[0, 0, 0, 0.0]","[0, 0, 0, 0.0]","[1, 1, 100.0, 33.33]","[0, 0, 0, 0.0]","[0, 0, 0, 0.0]","[0, 0, 0, 0.0]","[0, 0, 0, 0.0]","[0, 1, 0.0, 50.0]","[0, 0, 0, 0.0]","[0, 0, 0, 0.0]","[0, 1, 0.0, 50.0]","[0, 0, 0, 0.0]","[0, 0, 0, 0.0]","[0, 0, 0, 0.0]","[0, 0, 0, 0.0]","[0, 0, 0, 0.0]"
nidalee,"[0, 5, 0.0, 12.82]","[0, 0, 0, 0.0]","[0, 0, 0, 0.0]","[0, 0, 0, 0.0]","[0, 0, 0, 0.0]","[0, 0, 0, 0.0]","[0, 0, 0, 0.0]","[0, 0, 0, 0.0]","[0, 0, 0, 0.0]","[0, 0, 0, 0.0]","[0, 0, 0, 0.0]","[0, 1, 0.0, 50.0]","[0, 1, 0.0, 25.0]","[0, 0, 0, 0.0]","[0, 0, 0, 0.0]","[0, 0, 0, 0.0]","[0, 0, 0, 0.0]","[0, 1, 0.0, 100.0]","[0, 0, 0, 0.0]","[0, 2, 0.0, 50.0]"
poppy,"[2, 6, 33.33, 15.38]","[0, 0, 0, 0.0]","[0, 0, 0, 0.0]","[0, 0, 0, 0.0]","[0, 0, 0, 0.0]","[0, 0, 0, 0.0]","[0, 0, 0, 0.0]","[0, 1, 0.0, 50.0]","[0, 0, 0, 0.0]","[1, 1, 100.0, 100.0]","[0, 0, 0, 0.0]","[0, 0, 0, 0.0]","[1, 3, 33.33, 75.0]","[0, 0, 0, 0.0]","[0, 0, 0, 0.0]","[0, 0, 0, 0.0]","[0, 0, 0, 0.0]","[0, 0, 0, 0.0]","[0, 1, 0.0, 50.0]","[0, 0, 0, 0.0]"
rell,"[1, 2, 50.0, 5.13]","[0, 0, 0, 0.0]","[0, 0, 0, 0.0]","[0, 0, 0, 0.0]","[0, 0, 0, 0.0]","[0, 1, 0.0, 50.0]","[0, 0, 0, 0.0]","[0, 0, 0, 0.0]","[0, 0, 0, 0.0]","[0, 0, 0, 0.0]","[0, 0, 0, 0.0]","[0, 0, 0, 0.0]","[0, 0, 0, 0.0]","[0, 0, 0, 0.0]","[0, 0, 0, 0.0]","[0, 0, 0, 0.0]","[0, 0, 0, 0.0]","[0, 0, 0, 0.0]","[0, 0, 0, 0.0]","[1, 1, 100.0, 25.0]"
sejuani,"[2, 2, 100.0, 5.13]","[0, 0, 0, 0.0]","[0, 0, 0, 0.0]","[1, 1, 100.0, 50.0]","[1, 1, 100.0, 100.0]","[0, 0, 0, 0.0]","[0, 0, 0, 0.0]","[0, 0, 0, 0.0]","[0, 0, 0, 0.0]","[0, 0, 0, 0.0]","[0, 0, 0, 0.0]","[0, 0, 0, 0.0]","[0, 0, 0, 0.0]","[0, 0, 0, 0.0]","[0, 0, 0, 0.0]","[0, 0, 0, 0.0]","[0, 0, 0, 0.0]","[0, 0, 0, 0.0]","[0, 0, 0, 0.0]","[0, 0, 0, 0.0]"
taliyah,"[0, 1, 0.0, 2.56]","[0, 0, 0, 0.0]","[0, 0, 0, 0.0]","[0, 0, 0, 0.0]","[0, 0, 0, 0.0]","[0, 0, 0, 0.0]","[0, 1, 0.0, 33.33]","[0, 0, 0, 0.0]","[0, 0, 0, 0.0]","[0, 0, 0, 0.0]","[0, 0, 0, 0.0]","[0, 0, 0, 0.0]","[0, 0, 0, 0.0]","[0, 0, 0, 0.0]","[0, 0, 0, 0.0]","[0, 0, 0, 0.0]","[0, 0, 0, 0.0]","[0, 0, 0, 0.0]","[0, 0, 0, 0.0]","[0, 0, 0, 0.0]"
viego,"[1, 6, 16.67, 15.38]","[0, 0, 0, 0.0]","[0, 0, 0, 0.0]","[0, 0, 0, 0.0]","[0, 0, 0, 0.0]","[0, 1, 0.0, 50.0]","[0, 1, 0.0, 33.33]","[0, 0, 0, 0.0]","[0, 1, 0.0, 33.33]","[0, 0, 0, 0.0]","[0, 0, 0, 0.0]","[0, 0, 0, 0.0]","[0, 0, 0, 0.0]","[0, 0, 0, 0.0]","[0, 1, 0.0, 50.0]","[0, 1, 0.0, 100.0]","[1, 1, 100.0, 100.0]","[0, 0, 0, 0.0]","[0, 0, 0, 0.0]","[0, 0, 0, 0.0]"
