,total,aatrox,ahri,akali,akshan,alistar,anivia,annie,aurelionsol,azir,cassiopeia,chogath,diana,ekko,fiddlesticks,fizz,galio,gangplank,gragas,graves,hwei,illaoi,irelia,jax,jayce,karma,kassadin,katarina,kennen,ksante,leblanc,leesin,lissandra,lucian,lux,malphite,malzahar,masteryi,milio,naafiri,neeko,nocturne,orianna,pantheon,poppy,pyke,qiyana,rakan,renekton,rumble,seraphine,singed,sion,swain,sylas,syndra,taliyah,talon,tristana,tryndamere,twistedfate,vex,viego,viktor,vladimir,xerath,yasuo,yone,zed,ziggs,zilean,zoe
aatrox,"[0, 1, 0.0, 0.18]","[0, 0, 0, 0.0]","[0, 0, 0, 0.0]","[0, 0, 0, 0.0]","[0, 0, 0, 0.0]","[0, 0, 0, 0.0]","[0, 0, 0, 0.0]","[0, 0, 0, 0.0]","[0, 0, 0, 0.0]","[0, 0, 0, 0.0]","[0, 0, 0, 0.0]","[0, 0, 0, 0.0]","[0, 0, 0, 0.0]","[0, 0, 0, 0.0]","[0, 0, 0, 0.0]","[0, 0, 0, 0.0]","[0, 0, 0, 0.0]","[0, 0, 0, 0.0]","[0, 0, 0, 0.0]","[0, 0, 0, 0.0]","[0, 0, 0, 0.0]","[0, 0, 0, 0.0]","[0, 0, 0, 0.0]","[0, 0, 0, 0.0]","[0, 0, 0, 0.0]","[0, 0, 0, 0.0]","[0, 0, 0, 0.0]","[0, 0, 0, 0.0]","[0, 0, 0, 0.0]","[0, 0, 0, 0.0]","[0, 0, 0, 0.0]","[0, 0, 0, 0.0]","[0, 0, 0, 0.0]","[0, 0, 0, 0.0]","[0, 0, 0, 0.0]","[0, 0, 0, 0.0]","[0, 0, 0, 0.0]","[0, 0, 0, 0.0]","[0, 0, 0, 0.0]","[0, 0, 0, 0.0]","[0, 0, 0, 0.0]","[0, 0, 0, 0.0]","[0, 1, 0.0, 1.61]","[0, 0, 0, 0.0]","[0, 0, 0, 0.0]","[0, 0, 0, 0.0]","[0, 0, 0, 0.0]","[0, 0, 0, 0.0]","[0, 0, 0, 0.0]","[0, 0, 0, 0.0]","[0, 0, 0, 0.0]","[0, 0, 0, 0.0]","[0, 0, 0, 0.0]","[0, 0, 0, 0.0]","[0, 0, 0, 0.0]","[0, 0, 0, 0.0]","[0, 0, 0, 0.0]","[0, 0, 0, 0.0]","[0, 0, 0, 0.0]","[0, 0, 0, 0.0]","[0, 0, 0, 0.0]","[0, 0, 0, 0.0]","[0, 0, 0, 0.0]","[0, 0, 0, 0.0]","[0, 0, 0, 0.0]","[0, 0, 0, 0.0]","[0, 0, 0, 0.0]","[0, 0, 0, 0.0]","[0, 0, 0, 0.0]","[0, 0, 0, 0.0]","[0, 0, 0, 0.0]","[0, 0, 0, 0.0]"
ahri,"[9, 14, 64.29, 2.51]","[0, 0, 0, 0.0]","[0, 0, 0, 0.0]","[1, 1, 100.0, 3.45]","[1, 1, 100.0, 6.25]","[0, 0, 0, 0.0]","[0, 0, 0, 0.0]","[0, 0, 0, 0.0]","[0, 0, 0, 0.0]","[0, 0, 0, 0.0]","[0, 0, 0, 0.0]","[0, 0, 0, 0.0]","[0, 0, 0, 0.0]","[0, 0, 0, 0.0]","[0, 0, 0, 0.0]","[0, 0, 0, 0.0]","[0, 0, 0, 0.0]","[0, 0, 0, 0.0]","[0, 0, 0, 0.0]","[0, 0, 0, 0.0]","[0, 0, 0, 0.0]","[0, 0, 0, 0.0]","[0, 0, 0, 0.0]","[0, 0, 0, 0.0]","[1, 1, 100.0, 2.5]","[0, 0, 0, 0.0]","[0, 0, 0, 0.0]","[0, 0, 0, 0.0]","[0, 0, 0, 0.0]","[0, 0, 0, 0.0]","[2, 2, 100.0, 4.88]","[0, 0, 0, 0.0]","[0, 0, 0, 0.0]","[0, 0, 0, 0.0]","[0, 0, 0, 0.0]","[0, 0, 0, 0.0]","[0, 0, 0, 0.0]","[0, 0, 0, 0.0]","[0, 0, 0, 0.0]","[0, 0, 0, 0.0]","[2, 3, 66.67, 16.67]","[0, 0, 0, 0.0]","[1, 1, 100.0, 1.61]","[0, 0, 0, 0.0]","[0, 0, 0, 0.0]","[0, 0, 0, 0.0]","[0, 0, 0, 0.0]","[0, 0, 0, 0.0]","[0, 0, 0, 0.0]","[0, 0, 0, 0.0]","[0, 0, 0, 0.0]","[0, 0, 0, 0.0]","[0, 0, 0, 0.0]","[0, 0, 0, 0.0]","[0, 0, 0, 0.0]","[0, 0, 0, 0.0]","[0, 0, 0, 0.0]","[1, 2, 50.0, 15.38]","[0, 0, 0, 0.0]","[0, 0, 0, 0.0]","[0, 0, 0, 0.0]","[0, 0, 0, 0.0]","[0, 1, 0.0, 20.0]","[0, 0, 0, 0.0]","[0, 0, 0, 0.0]","[0, 0, 0, 0.0]","[0, 0, 0, 0.0]","[0, 0, 0, 0.0]","[0, 0, 0, 0.0]","[0, 0, 0, 0.0]","[0, 0, 0, 0.0]","[0, 2, 0.0, 16.67]"
akali,"[18, 42, 42.86, 7.54]","[0, 0, 0, 0.0]","[0, 0, 0, 0.0]","[0, 0, 0, 0.0]","[0, 0, 0, 0.0]","[0, 0, 0, 0.0]","[0, 0, 0, 0.0]","[0, 0, 0, 0.0]","[0, 0, 0, 0.0]","[1, 3, 33.33, 9.38]","[0, 0, 0, 0.0]","[0, 0, 0, 0.0]","[0, 0, 0, 0.0]","[0, 0, 0, 0.0]","[0, 1, 0.0, 50.0]","[0, 0, 0, 0.0]","[1, 1, 100.0, 33.33]","[0, 0, 0, 0.0]","[0, 0, 0, 0.0]","[0, 0, 0, 0.0]","[0, 0, 0, 0.0]","[0, 0, 0, 0.0]","[0, 1, 0.0, 100.0]","[0, 0, 0, 0.0]","[0, 2, 0.0, 5.0]","[0, 0, 0, 0.0]","[0, 0, 0, 0.0]","[0, 0, 0, 0.0]","[0, 0, 0, 0.0]","[1, 2, 50.0, 33.33]","[0, 1, 0.0, 2.44]","[0, 0, 0, 0.0]","[0, 1, 0.0, 11.11]","[0, 0, 0, 0.0]","[0, 0, 0, 0.0]","[0, 0, 0, 0.0]","[0, 0, 0, 0.0]","[0, 0, 0, 0.0]","[0, 1, 0.0, 100.0]","[0, 0, 0, 0.0]","[1, 1, 100.0, 5.56]","[0, 0, 0, 0.0]","[8, 14, 57.14, 22.58]","[0, 0, 0, 0.0]","[1, 2, 50.0, 100.0]","[0, 0, 0, 0.0]","[0, 0, 0, 0.0]","[0, 0, 0, 0.0]","[0, 0, 0, 0.0]","[0, 0, 0, 0.0]","[0, 0, 0, 0.0]","[0, 0, 0, 0.0]","[0, 0, 0, 0.0]","[0, 0, 0, 0.0]","[1, 1, 100.0, 5.0]","[0, 0, 0, 0.0]","[0, 0, 0, 0.0]","[0, 1, 0.0, 7.69]","[0, 0, 0, 0.0]","[0, 0, 0, 0.0]","[2, 2, 100.0, 14.29]","[0, 0, 0, 0.0]","[0, 0, 0, 0.0]","[0, 0, 0, 0.0]","[0, 0, 0, 0.0]","[0, 0, 0, 0.0]","[1, 3, 33.33, 23.08]","[1, 2, 50.0, 6.67]","[0, 2, 0.0, 15.38]","[0, 0, 0, 0.0]","[0, 1, 0.0, 50.0]","[0, 0, 0, 0.0]"
annie,"[0, 1, 0.0, 0.18]","[0, 0, 0, 0.0]","[0, 0, 0, 0.0]","[0, 0, 0, 0.0]","[0, 0, 0, 0.0]","[0, 0, 0, 0.0]","[0, 0, 0, 0.0]","[0, 0, 0, 0.0]","[0, 0, 0, 0.0]","[0, 0, 0, 0.0]","[0, 0, 0, 0.0]","[0, 0, 0, 0.0]","[0, 0, 0, 0.0]","[0, 0, 0, 0.0]","[0, 0, 0, 0.0]","[0, 0, 0, 0.0]","[0, 0, 0, 0.0]","[0, 0, 0, 0.0]","[0, 0, 0, 0.0]","[0, 0, 0, 0.0]","[0, 0, 0, 0.0]","[0, 0, 0, 0.0]","[0, 0, 0, 0.0]","[0, 0, 0, 0.0]","[0, 0, 0, 0.0]","[0, 0, 0, 0.0]","[0, 0, 0, 0.0]","[0, 0, 0, 0.0]","[0, 0, 0, 0.0]","[0, 0, 0, 0.0]","[0, 1, 0.0, 2.44]","[0, 0, 0, 0.0]","[0, 0, 0, 0.0]","[0, 0, 0, 0.0]","[0, 0, 0, 0.0]","[0, 0, 0, 0.0]","[0, 0, 0, 0.0]","[0, 0, 0, 0.0]","[0, 0, 0, 0.0]","[0, 0, 0, 0.0]","[0, 0, 0, 0.0]","[0, 0, 0, 0.0]","[0, 0, 0, 0.0]","[0, 0, 0, 0.0]","[0, 0, 0, 0.0]","[0, 0, 0, 0.0]","[0, 0, 0, 0.0]","[0, 0, 0, 0.0]","[0, 0, 0, 0.0]","[0, 0, 0, 0.0]","[0, 0, 0, 0.0]","[0, 0, 0, 0.0]","[0, 0, 0, 0.0]","[0, 0, 0, 0.0]","[0, 0, 0, 0.0]","[0, 0, 0, 0.0]","[0, 0, 0, 0.0]","[0, 0, 0, 0.0]","[0, 0, 0, 0.0]","[0, 0, 0, 0.0]","[0, 0, 0, 0.0]","[0, 0, 0, 0.0]","[0, 0, 0, 0.0]","[0, 0, 0, 0.0]","[0, 0, 0, 0.0]","[0, 0, 0, 0.0]","[0, 0, 0, 0.0]","[0, 0, 0, 0.0]","[0, 0, 0, 0.0]","[0, 0, 0, 0.0]","[0, 0, 0, 0.0]","[0, 0, 0, 0.0]"
azir,"[19, 38, 50.0, 6.82]","[0, 1, 0.0, 100.0]","[0, 0, 0, 0.0]","[2, 2, 100.0, 6.9]","[2, 3, 66.67, 18.75]","[0, 0, 0, 0.0]","[0, 1, 0.0, 33.33]","[0, 0, 0, 0.0]","[0, 0, 0, 0.0]","[0, 0, 0, 0.0]","[0, 0, 0, 0.0]","[0, 0, 0, 0.0]","[0, 0, 0, 0.0]","[0, 0, 0, 0.0]","[0, 0, 0, 0.0]","[0, 0, 0, 0.0]","[0, 1, 0.0, 33.33]","[0, 0, 0, 0.0]","[0, 0, 0, 0.0]","[0, 0, 0, 0.0]","[0, 0, 0, 0.0]","[0, 0, 0, 0.0]","[0, 0, 0, 0.0]","[0, 0, 0, 0.0]","[2, 3, 66.67, 7.5]","[0, 0, 0, 0.0]","[1, 1, 100.0, 100.0]","[0, 0, 0, 0.0]","[0, 0, 0, 0.0]","[0, 0, 0, 0.0]","[3, 6, 50.0, 14.63]","[0, 1, 0.0, 33.33]","[0, 0, 0, 0.0]","[0, 0, 0, 0.0]","[0, 0, 0, 0.0]","[0, 0, 0, 0.0]","[0, 0, 0, 0.0]","[1, 1, 100.0, 50.0]","[0, 0, 0, 0.0]","[0, 0, 0, 0.0]","[0, 0, 0, 0.0]","[0, 0, 0, 0.0]","[3, 4, 75.0, 6.45]","[0, 0, 0, 0.0]","[0, 0, 0, 0.0]","[0, 0, 0, 0.0]","[0, 0, 0, 0.0]","[0, 0, 0, 0.0]","[0, 0, 0, 0.0]","[0, 0, 0, 0.0]","[0, 0, 0, 0.0]","[0, 0, 0, 0.0]","[0, 0, 0, 0.0]","[0, 0, 0, 0.0]","[0, 0, 0, 0.0]","[0, 0, 0, 0.0]","[0, 1, 0.0, 16.67]","[0, 0, 0, 0.0]","[1, 3, 33.33, 13.04]","[0, 0, 0, 0.0]","[1, 2, 50.0, 14.29]","[0, 0, 0, 0.0]","[1, 1, 100.0, 20.0]","[0, 0, 0, 0.0]","[1, 1, 100.0, 33.33]","[0, 0, 0, 0.0]","[0, 0, 0, 0.0]","[0, 4, 0.0, 13.33]","[0, 1, 0.0, 7.69]","[1, 1, 100.0, 25.0]","[0, 0, 0, 0.0]","[0, 0, 0, 0.0]"
camille,"[1, 2, 50.0, 0.36]","[0, 0, 0, 0.0]","[0, 0, 0, 0.0]","[0, 0, 0, 0.0]","[0, 0, 0, 0.0]","[0, 0, 0, 0.0]","[0, 0, 0, 0.0]","[0, 0, 0, 0.0]","[0, 0, 0, 0.0]","[0, 0, 0, 0.0]","[0, 0, 0, 0.0]","[0, 0, 0, 0.0]","[0, 0, 0, 0.0]","[0, 0, 0, 0.0]","[0, 0, 0, 0.0]","[0, 0, 0, 0.0]","[0, 0, 0, 0.0]","[0, 0, 0, 0.0]","[0, 0, 0, 0.0]","[0, 0, 0, 0.0]","[0, 0, 0, 0.0]","[0, 0, 0, 0.0]","[0, 0, 0, 0.0]","[0, 0, 0, 0.0]","[0, 0, 0, 0.0]","[0, 0, 0, 0.0]","[0, 0, 0, 0.0]","[0, 0, 0, 0.0]","[0, 0, 0, 0.0]","[0, 0, 0, 0.0]","[0, 0, 0, 0.0]","[0, 0, 0, 0.0]","[0, 0, 0, 0.0]","[0, 0, 0, 0.0]","[0, 0, 0, 0.0]","[0, 0, 0, 0.0]","[0, 0, 0, 0.0]","[0, 0, 0, 0.0]","[0, 0, 0, 0.0]","[0, 0, 0, 0.0]","[0, 0, 0, 0.0]","[0, 0, 0, 0.0]","[0, 1, 0.0, 1.61]","[0, 0, 0, 0.0]","[0, 0, 0, 0.0]","[0, 0, 0, 0.0]","[0, 0, 0, 0.0]","[0, 0, 0, 0.0]","[0, 0, 0, 0.0]","[0, 0, 0, 0.0]","[0, 0, 0, 0.0]","[0, 0, 0, 0.0]","[0, 0, 0, 0.0]","[0, 0, 0, 0.0]","[0, 0, 0, 0.0]","[0, 0, 0, 0.0]","[0, 0, 0, 0.0]","[0, 0, 0, 0.0]","[0, 0, 0, 0.0]","[0, 0, 0, 0.0]","[0, 0, 0, 0.0]","[0, 0, 0, 0.0]","[0, 0, 0, 0.0]","[0, 0, 0, 0.0]","[0, 0, 0, 0.0]","[1, 1, 100.0, 25.0]","[0, 0, 0, 0.0]","[0, 0, 0, 0.0]","[0, 0, 0, 0.0]","[0, 0, 0, 0.0]","[0, 0, 0, 0.0]","[0, 0, 0, 0.0]"
corki,"[1, 2, 50.0, 0.36]","[0, 0, 0, 0.0]","[0, 0, 0, 0.0]","[0, 0, 0, 0.0]","[0, 0, 0, 0.0]","[0, 0, 0, 0.0]","[0, 0, 0, 0.0]","[0, 0, 0, 0.0]","[0, 0, 0, 0.0]","[1, 1, 100.0, 3.12]","[0, 0, 0, 0.0]","[0, 0, 0, 0.0]","[0, 0, 0, 0.0]","[0, 0, 0, 0.0]","[0, 0, 0, 0.0]","[0, 0, 0, 0.0]","[0, 0, 0, 0.0]","[0, 0, 0, 0.0]","[0, 0, 0, 0.0]","[0, 0, 0, 0.0]","[0, 0, 0, 0.0]","[0, 0, 0, 0.0]","[0, 0, 0, 0.0]","[0, 0, 0, 0.0]","[0, 0, 0, 0.0]","[0, 0, 0, 0.0]","[0, 0, 0, 0.0]","[0, 0, 0, 0.0]","[0, 0, 0, 0.0]","[0, 0, 0, 0.0]","[0, 1, 0.0, 2.44]","[0, 0, 0, 0.0]","[0, 0, 0, 0.0]","[0, 0, 0, 0.0]","[0, 0, 0, 0.0]","[0, 0, 0, 0.0]","[0, 0, 0, 0.0]","[0, 0, 0, 0.0]","[0, 0, 0, 0.0]","[0, 0, 0, 0.0]","[0, 0, 0, 0.0]","[0, 0, 0, 0.0]","[0, 0, 0, 0.0]","[0, 0, 0, 0.0]","[0, 0, 0, 0.0]","[0, 0, 0, 0.0]","[0, 0, 0, 0.0]","[0, 0, 0, 0.0]","[0, 0, 0, 0.0]","[0, 0, 0, 0.0]","[0, 0, 0, 0.0]","[0, 0, 0, 0.0]","[0, 0, 0, 0.0]","[0, 0, 0, 0.0]","[0, 0, 0, 0.0]","[0, 0, 0, 0.0]","[0, 0, 0, 0.0]","[0, 0, 0, 0.0]","[0, 0, 0, 0.0]","[0, 0, 0, 0.0]","[0, 0, 0, 0.0]","[0, 0, 0, 0.0]","[0, 0, 0, 0.0]","[0, 0, 0, 0.0]","[0, 0, 0, 0.0]","[0, 0, 0, 0.0]","[0, 0, 0, 0.0]","[0, 0, 0, 0.0]","[0, 0, 0, 0.0]","[0, 0, 0, 0.0]","[0, 0, 0, 0.0]","[0, 0, 0, 0.0]"
ezreal,"[1, 1, 100.0, 0.18]","[0, 0, 0, 0.0]","[0, 0, 0, 0.0]","[0, 0, 0, 0.0]","[0, 0, 0, 0.0]","[0, 0, 0, 0.0]","[0, 0, 0, 0.0]","[0, 0, 0, 0.0]","[0, 0, 0, 0.0]","[0, 0, 0, 0.0]","[0, 0, 0, 0.0]","[0, 0, 0, 0.0]","[0, 0, 0, 0.0]","[0, 0, 0, 0.0]","[0, 0, 0, 0.0]","[0, 0, 0, 0.0]","[0, 0, 0, 0.0]","[0, 0, 0, 0.0]","[0, 0, 0, 0.0]","[0, 0, 0, 0.0]","[0, 0, 0, 0.0]","[0, 0, 0, 0.0]","[0, 0, 0, 0.0]","[0, 0, 0, 0.0]","[0, 0, 0, 0.0]","[0, 0, 0, 0.0]","[0, 0, 0, 0.0]","[0, 0, 0, 0.0]","[0, 0, 0, 0.0]","[0, 0, 0, 0.0]","[0, 0, 0, 0.0]","[0, 0, 0, 0.0]","[0, 0, 0, 0.0]","[0, 0, 0, 0.0]","[0, 0, 0, 0.0]","[0, 0, 0, 0.0]","[0, 0, 0, 0.0]","[0, 0, 0, 0.0]","[0, 0, 0, 0.0]","[0, 0, 0, 0.0]","[0, 0, 0, 0.0]","[0, 0, 0, 0.0]","[0, 0, 0, 0.0]","[0, 0, 0, 0.0]","[0, 0, 0, 0.0]","[0, 0, 0, 0.0]","[0, 0, 0, 0.0]","[0, 0, 0, 0.0]","[0, 0, 0, 0.0]","[0, 0, 0, 0.0]","[0, 0, 0, 0.0]","[0, 0, 0, 0.0]","[0, 0, 0, 0.0]","[0, 0, 0, 0.0]","[1, 1, 100.0, 5.0]","[0, 0, 0, 0.0]","[0, 0, 0, 0.0]","[0, 0, 0, 0.0]","[0, 0, 0, 0.0]","[0, 0, 0, 0.0]","[0, 0, 0, 0.0]","[0, 0, 0, 0.0]","[0, 0, 0, 0.0]","[0, 0, 0, 0.0]","[0, 0, 0, 0.0]","[0, 0, 0, 0.0]","[0, 0, 0, 0.0]","[0, 0, 0, 0.0]","[0, 0, 0, 0.0]","[0, 0, 0, 0.0]","[0, 0, 0, 0.0]","[0, 0, 0, 0.0]"
gangplank,"[0, 1, 0.0, 0.18]","[0, 0, 0, 0.0]","[0, 0, 0, 0.0]","[0, 0, 0, 0.0]","[0, 0, 0, 0.0]","[0, 0, 0, 0.0]","[0, 0, 0, 0.0]","[0, 0, 0, 0.0]","[0, 0, 0, 0.0]","[0, 0, 0, 0.0]","[0, 0, 0, 0.0]","[0, 0, 0, 0.0]","[0, 0, 0, 0.0]","[0, 0, 0, 0.0]","[0, 0, 0, 0.0]","[0, 0, 0, 0.0]","[0, 0, 0, 0.0]","[0, 0, 0, 0.0]","[0, 0, 0, 0.0]","[0, 0, 0, 0.0]","[0, 0, 0, 0.0]","[0, 0, 0, 0.0]","[0, 0, 0, 0.0]","[0, 0, 0, 0.0]","[0, 0, 0, 0.0]","[0, 0, 0, 0.0]","[0, 0, 0, 0.0]","[0, 0, 0, 0.0]","[0, 0, 0, 0.0]","[0, 0, 0, 0.0]","[0, 0, 0, 0.0]","[0, 0, 0, 0.0]","[0, 0, 0, 0.0]","[0, 0, 0, 0.0]","[0, 0, 0, 0.0]","[0, 0, 0, 0.0]","[0, 0, 0, 0.0]","[0, 0, 0, 0.0]","[0, 0, 0, 0.0]","[0, 0, 0, 0.0]","[0, 0, 0, 0.0]","[0, 0, 0, 0.0]","[0, 0, 0, 0.0]","[0, 0, 0, 0.0]","[0, 0, 0, 0.0]","[0, 0, 0, 0.0]","[0, 1, 0.0, 11.11]","[0, 0, 0, 0.0]","[0, 0, 0, 0.0]","[0, 0, 0, 0.0]","[0, 0, 0, 0.0]","[0, 0, 0, 0.0]","[0, 0, 0, 0.0]","[0, 0, 0, 0.0]","[0, 0, 0, 0.0]","[0, 0, 0, 0.0]","[0, 0, 0, 0.0]","[0, 0, 0, 0.0]","[0, 0, 0, 0.0]","[0, 0, 0, 0.0]","[0, 0, 0, 0.0]","[0, 0, 0, 0.0]","[0, 0, 0, 0.0]","[0, 0, 0, 0.0]","[0, 0, 0, 0.0]","[0, 0, 0, 0.0]","[0, 0, 0, 0.0]","[0, 0, 0, 0.0]","[0, 0, 0, 0.0]","[0, 0, 0, 0.0]","[0, 0, 0, 0.0]","[0, 0, 0, 0.0]"
gragas,"[3, 4, 75.0, 0.72]","[0, 0, 0, 0.0]","[0, 0, 0, 0.0]","[0, 0, 0, 0.0]","[1, 1, 100.0, 6.25]","[0, 0, 0, 0.0]","[0, 0, 0, 0.0]","[0, 0, 0, 0.0]","[0, 0, 0, 0.0]","[0, 0, 0, 0.0]","[0, 0, 0, 0.0]","[0, 0, 0, 0.0]","[0, 0, 0, 0.0]","[0, 0, 0, 0.0]","[0, 0, 0, 0.0]","[0, 0, 0, 0.0]","[0, 0, 0, 0.0]","[0, 0, 0, 0.0]","[0, 0, 0, 0.0]","[0, 0, 0, 0.0]","[1, 1, 100.0, 100.0]","[0, 0, 0, 0.0]","[0, 0, 0, 0.0]","[0, 0, 0, 0.0]","[0, 0, 0, 0.0]","[0, 0, 0, 0.0]","[0, 0, 0, 0.0]","[0, 0, 0, 0.0]","[0, 0, 0, 0.0]","[0, 0, 0, 0.0]","[0, 0, 0, 0.0]","[0, 0, 0, 0.0]","[0, 0, 0, 0.0]","[0, 0, 0, 0.0]","[0, 0, 0, 0.0]","[0, 0, 0, 0.0]","[0, 0, 0, 0.0]","[0, 0, 0, 0.0]","[0, 0, 0, 0.0]","[0, 0, 0, 0.0]","[0, 0, 0, 0.0]","[0, 0, 0, 0.0]","[0, 0, 0, 0.0]","[0, 0, 0, 0.0]","[0, 0, 0, 0.0]","[0, 0, 0, 0.0]","[0, 0, 0, 0.0]","[0, 0, 0, 0.0]","[0, 0, 0, 0.0]","[0, 0, 0, 0.0]","[0, 0, 0, 0.0]","[0, 0, 0, 0.0]","[0, 0, 0, 0.0]","[0, 0, 0, 0.0]","[0, 0, 0, 0.0]","[0, 0, 0, 0.0]","[0, 0, 0, 0.0]","[0, 0, 0, 0.0]","[0, 0, 0, 0.0]","[0, 0, 0, 0.0]","[0, 1, 0.0, 7.14]","[0, 0, 0, 0.0]","[1, 1, 100.0, 20.0]","[0, 0, 0, 0.0]","[0, 0, 0, 0.0]","[0, 0, 0, 0.0]","[0, 0, 0, 0.0]","[0, 0, 0, 0.0]","[0, 0, 0, 0.0]","[0, 0, 0, 0.0]","[0, 0, 0, 0.0]","[0, 0, 0, 0.0]"
hwei,"[9, 18, 50.0, 3.23]","[0, 0, 0, 0.0]","[0, 0, 0, 0.0]","[1, 1, 100.0, 3.45]","[1, 1, 100.0, 6.25]","[0, 0, 0, 0.0]","[0, 0, 0, 0.0]","[0, 0, 0, 0.0]","[0, 0, 0, 0.0]","[2, 2, 100.0, 6.25]","[0, 0, 0, 0.0]","[0, 0, 0, 0.0]","[0, 1, 0.0, 50.0]","[0, 0, 0, 0.0]","[0, 0, 0, 0.0]","[1, 1, 100.0, 20.0]","[0, 1, 0.0, 33.33]","[0, 0, 0, 0.0]","[0, 0, 0, 0.0]","[0, 0, 0, 0.0]","[0, 0, 0, 0.0]","[0, 0, 0, 0.0]","[0, 0, 0, 0.0]","[0, 0, 0, 0.0]","[0, 0, 0, 0.0]","[0, 0, 0, 0.0]","[0, 0, 0, 0.0]","[0, 0, 0, 0.0]","[0, 0, 0, 0.0]","[0, 0, 0, 0.0]","[0, 1, 0.0, 2.44]","[0, 0, 0, 0.0]","[0, 0, 0, 0.0]","[0, 0, 0, 0.0]","[0, 0, 0, 0.0]","[0, 0, 0, 0.0]","[0, 1, 0.0, 50.0]","[0, 0, 0, 0.0]","[0, 0, 0, 0.0]","[0, 0, 0, 0.0]","[0, 0, 0, 0.0]","[0, 1, 0.0, 100.0]","[1, 4, 25.0, 6.45]","[0, 0, 0, 0.0]","[0, 0, 0, 0.0]","[0, 0, 0, 0.0]","[0, 0, 0, 0.0]","[0, 0, 0, 0.0]","[0, 0, 0, 0.0]","[0, 0, 0, 0.0]","[0, 0, 0, 0.0]","[0, 0, 0, 0.0]","[0, 0, 0, 0.0]","[0, 0, 0, 0.0]","[0, 0, 0, 0.0]","[0, 0, 0, 0.0]","[0, 0, 0, 0.0]","[0, 0, 0, 0.0]","[0, 0, 0, 0.0]","[0, 0, 0, 0.0]","[1, 1, 100.0, 7.14]","[0, 0, 0, 0.0]","[1, 1, 100.0, 20.0]","[0, 0, 0, 0.0]","[0, 0, 0, 0.0]","[0, 0, 0, 0.0]","[0, 0, 0, 0.0]","[1, 2, 50.0, 6.67]","[0, 0, 0, 0.0]","[0, 0, 0, 0.0]","[0, 0, 0, 0.0]","[0, 0, 0, 0.0]"
jayce,"[8, 21, 38.1, 3.77]","[0, 0, 0, 0.0]","[0, 2, 0.0, 20.0]","[0, 1, 0.0, 3.45]","[0, 0, 0, 0.0]","[0, 0, 0, 0.0]","[0, 0, 0, 0.0]","[0, 0, 0, 0.0]","[0, 0, 0, 0.0]","[0, 1, 0.0, 3.12]","[0, 0, 0, 0.0]","[0, 0, 0, 0.0]","[0, 0, 0, 0.0]","[0, 0, 0, 0.0]","[0, 0, 0, 0.0]","[0, 0, 0, 0.0]","[0, 0, 0, 0.0]","[0, 0, 0, 0.0]","[0, 0, 0, 0.0]","[0, 0, 0, 0.0]","[0, 0, 0, 0.0]","[0, 0, 0, 0.0]","[0, 0, 0, 0.0]","[0, 0, 0, 0.0]","[0, 0, 0, 0.0]","[0, 0, 0, 0.0]","[0, 0, 0, 0.0]","[0, 0, 0, 0.0]","[0, 0, 0, 0.0]","[1, 1, 100.0, 16.67]","[1, 1, 100.0, 2.44]","[0, 0, 0, 0.0]","[0, 0, 0, 0.0]","[0, 0, 0, 0.0]","[0, 0, 0, 0.0]","[0, 0, 0, 0.0]","[0, 0, 0, 0.0]","[0, 0, 0, 0.0]","[0, 0, 0, 0.0]","[0, 0, 0, 0.0]","[0, 0, 0, 0.0]","[0, 0, 0, 0.0]","[3, 4, 75.0, 6.45]","[0, 0, 0, 0.0]","[0, 0, 0, 0.0]","[0, 0, 0, 0.0]","[0, 1, 0.0, 11.11]","[0, 0, 0, 0.0]","[0, 0, 0, 0.0]","[0, 0, 0, 0.0]","[0, 0, 0, 0.0]","[0, 0, 0, 0.0]","[0, 0, 0, 0.0]","[0, 0, 0, 0.0]","[0, 1, 0.0, 5.0]","[0, 0, 0, 0.0]","[1, 1, 100.0, 16.67]","[1, 1, 100.0, 7.69]","[0, 1, 0.0, 4.35]","[0, 0, 0, 0.0]","[0, 0, 0, 0.0]","[1, 3, 33.33, 13.04]","[0, 0, 0, 0.0]","[0, 0, 0, 0.0]","[0, 0, 0, 0.0]","[0, 0, 0, 0.0]","[0, 1, 0.0, 7.69]","[0, 1, 0.0, 3.33]","[0, 0, 0, 0.0]","[0, 1, 0.0, 25.0]","[0, 0, 0, 0.0]","[0, 0, 0, 0.0]"
ksante,"[3, 7, 42.86, 1.26]","[0, 0, 0, 0.0]","[0, 0, 0, 0.0]","[0, 0, 0, 0.0]","[0, 0, 0, 0.0]","[0, 0, 0, 0.0]","[0, 0, 0, 0.0]","[0, 0, 0, 0.0]","[0, 0, 0, 0.0]","[0, 0, 0, 0.0]","[0, 1, 0.0, 9.09]","[0, 0, 0, 0.0]","[0, 0, 0, 0.0]","[0, 0, 0, 0.0]","[0, 0, 0, 0.0]","[0, 0, 0, 0.0]","[0, 0, 0, 0.0]","[0, 0, 0, 0.0]","[0, 0, 0, 0.0]","[0, 0, 0, 0.0]","[0, 0, 0, 0.0]","[0, 0, 0, 0.0]","[0, 0, 0, 0.0]","[0, 0, 0, 0.0]","[1, 2, 50.0, 5.0]","[0, 0, 0, 0.0]","[0, 0, 0, 0.0]","[0, 0, 0, 0.0]","[0, 0, 0, 0.0]","[0, 0, 0, 0.0]","[1, 2, 50.0, 4.88]","[0, 0, 0, 0.0]","[0, 0, 0, 0.0]","[0, 0, 0, 0.0]","[0, 0, 0, 0.0]","[0, 0, 0, 0.0]","[0, 0, 0, 0.0]","[0, 0, 0, 0.0]","[0, 0, 0, 0.0]","[0, 0, 0, 0.0]","[0, 0, 0, 0.0]","[0, 0, 0, 0.0]","[0, 0, 0, 0.0]","[0, 0, 0, 0.0]","[0, 0, 0, 0.0]","[0, 0, 0, 0.0]","[0, 0, 0, 0.0]","[0, 0, 0, 0.0]","[0, 1, 0.0, 100.0]","[0, 0, 0, 0.0]","[0, 0, 0, 0.0]","[0, 0, 0, 0.0]","[0, 0, 0, 0.0]","[0, 0, 0, 0.0]","[0, 0, 0, 0.0]","[0, 0, 0, 0.0]","[0, 0, 0, 0.0]","[0, 0, 0, 0.0]","[0, 0, 0, 0.0]","[0, 0, 0, 0.0]","[0, 0, 0, 0.0]","[0, 0, 0, 0.0]","[0, 0, 0, 0.0]","[0, 0, 0, 0.0]","[0, 0, 0, 0.0]","[0, 0, 0, 0.0]","[0, 0, 0, 0.0]","[1, 1, 100.0, 3.33]","[0, 0, 0, 0.0]","[0, 0, 0, 0.0]","[0, 0, 0, 0.0]","[0, 0, 0, 0.0]"
leblanc,"[33, 55, 60.0, 9.87]","[0, 0, 0, 0.0]","[1, 1, 100.0, 10.0]","[1, 2, 50.0, 6.9]","[1, 1, 100.0, 6.25]","[0, 1, 0.0, 100.0]","[0, 0, 0, 0.0]","[3, 3, 100.0, 60.0]","[0, 0, 0, 0.0]","[2, 3, 66.67, 9.38]","[0, 0, 0, 0.0]","[0, 0, 0, 0.0]","[0, 0, 0, 0.0]","[0, 0, 0, 0.0]","[0, 0, 0, 0.0]","[0, 0, 0, 0.0]","[0, 0, 0, 0.0]","[0, 0, 0, 0.0]","[0, 1, 0.0, 25.0]","[0, 0, 0, 0.0]","[0, 0, 0, 0.0]","[0, 0, 0, 0.0]","[0, 0, 0, 0.0]","[0, 0, 0, 0.0]","[3, 5, 60.0, 12.5]","[0, 0, 0, 0.0]","[0, 0, 0, 0.0]","[1, 1, 100.0, 100.0]","[0, 0, 0, 0.0]","[0, 0, 0, 0.0]","[0, 0, 0, 0.0]","[1, 1, 100.0, 33.33]","[2, 3, 66.67, 33.33]","[0, 1, 0.0, 100.0]","[0, 0, 0, 0.0]","[0, 0, 0, 0.0]","[0, 1, 0.0, 50.0]","[0, 0, 0, 0.0]","[0, 0, 0, 0.0]","[0, 0, 0, 0.0]","[0, 0, 0, 0.0]","[0, 0, 0, 0.0]","[1, 1, 100.0, 1.61]","[0, 0, 0, 0.0]","[0, 0, 0, 0.0]","[0, 0, 0, 0.0]","[0, 0, 0, 0.0]","[1, 1, 100.0, 100.0]","[0, 0, 0, 0.0]","[0, 1, 0.0, 33.33]","[0, 0, 0, 0.0]","[0, 0, 0, 0.0]","[0, 0, 0, 0.0]","[0, 0, 0, 0.0]","[1, 1, 100.0, 5.0]","[0, 0, 0, 0.0]","[0, 0, 0, 0.0]","[1, 1, 100.0, 7.69]","[6, 10, 60.0, 43.48]","[0, 0, 0, 0.0]","[1, 1, 100.0, 7.14]","[2, 7, 28.57, 30.43]","[0, 0, 0, 0.0]","[1, 1, 100.0, 100.0]","[0, 0, 0, 0.0]","[0, 0, 0, 0.0]","[0, 1, 0.0, 7.69]","[0, 2, 0.0, 6.67]","[2, 2, 100.0, 15.38]","[0, 0, 0, 0.0]","[0, 0, 0, 0.0]","[2, 2, 100.0, 16.67]"
leesin,"[0, 1, 0.0, 0.18]","[0, 0, 0, 0.0]","[0, 0, 0, 0.0]","[0, 0, 0, 0.0]","[0, 0, 0, 0.0]","[0, 0, 0, 0.0]","[0, 0, 0, 0.0]","[0, 0, 0, 0.0]","[0, 0, 0, 0.0]","[0, 0, 0, 0.0]","[0, 0, 0, 0.0]","[0, 0, 0, 0.0]","[0, 0, 0, 0.0]","[0, 0, 0, 0.0]","[0, 0, 0, 0.0]","[0, 0, 0, 0.0]","[0, 0, 0, 0.0]","[0, 0, 0, 0.0]","[0, 0, 0, 0.0]","[0, 0, 0, 0.0]","[0, 0, 0, 0.0]","[0, 0, 0, 0.0]","[0, 0, 0, 0.0]","[0, 0, 0, 0.0]","[0, 0, 0, 0.0]","[0, 0, 0, 0.0]","[0, 0, 0, 0.0]","[0, 0, 0, 0.0]","[0, 0, 0, 0.0]","[0, 0, 0, 0.0]","[0, 0, 0, 0.0]","[0, 0, 0, 0.0]","[0, 0, 0, 0.0]","[0, 0, 0, 0.0]","[0, 0, 0, 0.0]","[0, 0, 0, 0.0]","[0, 0, 0, 0.0]","[0, 0, 0, 0.0]","[0, 0, 0, 0.0]","[0, 0, 0, 0.0]","[0, 0, 0, 0.0]","[0, 0, 0, 0.0]","[0, 0, 0, 0.0]","[0, 0, 0, 0.0]","[0, 0, 0, 0.0]","[0, 0, 0, 0.0]","[0, 0, 0, 0.0]","[0, 0, 0, 0.0]","[0, 0, 0, 0.0]","[0, 0, 0, 0.0]","[0, 0, 0, 0.0]","[0, 0, 0, 0.0]","[0, 0, 0, 0.0]","[0, 0, 0, 0.0]","[0, 0, 0, 0.0]","[0, 1, 0.0, 6.25]","[0, 0, 0, 0.0]","[0, 0, 0, 0.0]","[0, 0, 0, 0.0]","[0, 0, 0, 0.0]","[0, 0, 0, 0.0]","[0, 0, 0, 0.0]","[0, 0, 0, 0.0]","[0, 0, 0, 0.0]","[0, 0, 0, 0.0]","[0, 0, 0, 0.0]","[0, 0, 0, 0.0]","[0, 0, 0, 0.0]","[0, 0, 0, 0.0]","[0, 0, 0, 0.0]","[0, 0, 0, 0.0]","[0, 0, 0, 0.0]"
lissandra,"[7, 8, 87.5, 1.44]","[0, 0, 0, 0.0]","[1, 1, 100.0, 10.0]","[0, 0, 0, 0.0]","[0, 0, 0, 0.0]","[0, 0, 0, 0.0]","[0, 0, 0, 0.0]","[0, 0, 0, 0.0]","[0, 0, 0, 0.0]","[0, 0, 0, 0.0]","[0, 0, 0, 0.0]","[0, 0, 0, 0.0]","[0, 0, 0, 0.0]","[0, 0, 0, 0.0]","[0, 0, 0, 0.0]","[0, 0, 0, 0.0]","[0, 0, 0, 0.0]","[0, 0, 0, 0.0]","[0, 0, 0, 0.0]","[0, 0, 0, 0.0]","[0, 0, 0, 0.0]","[0, 0, 0, 0.0]","[0, 0, 0, 0.0]","[0, 0, 0, 0.0]","[1, 1, 100.0, 2.5]","[0, 0, 0, 0.0]","[0, 0, 0, 0.0]","[0, 0, 0, 0.0]","[0, 0, 0, 0.0]","[0, 0, 0, 0.0]","[4, 5, 80.0, 12.2]","[0, 0, 0, 0.0]","[0, 0, 0, 0.0]","[0, 0, 0, 0.0]","[0, 0, 0, 0.0]","[0, 0, 0, 0.0]","[0, 0, 0, 0.0]","[0, 0, 0, 0.0]","[0, 0, 0, 0.0]","[0, 0, 0, 0.0]","[0, 0, 0, 0.0]","[0, 0, 0, 0.0]","[0, 0, 0, 0.0]","[0, 0, 0, 0.0]","[0, 0, 0, 0.0]","[0, 0, 0, 0.0]","[1, 1, 100.0, 11.11]","[0, 0, 0, 0.0]","[0, 0, 0, 0.0]","[0, 0, 0, 0.0]","[0, 0, 0, 0.0]","[0, 0, 0, 0.0]","[0, 0, 0, 0.0]","[0, 0, 0, 0.0]","[0, 0, 0, 0.0]","[0, 0, 0, 0.0]","[0, 0, 0, 0.0]","[0, 0, 0, 0.0]","[0, 0, 0, 0.0]","[0, 0, 0, 0.0]","[0, 0, 0, 0.0]","[0, 0, 0, 0.0]","[0, 0, 0, 0.0]","[0, 0, 0, 0.0]","[0, 0, 0, 0.0]","[0, 0, 0, 0.0]","[0, 0, 0, 0.0]","[0, 0, 0, 0.0]","[0, 0, 0, 0.0]","[0, 0, 0, 0.0]","[0, 0, 0, 0.0]","[0, 0, 0, 0.0]"
lucian,"[1, 1, 100.0, 0.18]","[0, 0, 0, 0.0]","[0, 0, 0, 0.0]","[0, 0, 0, 0.0]","[0, 0, 0, 0.0]","[0, 0, 0, 0.0]","[0, 0, 0, 0.0]","[0, 0, 0, 0.0]","[0, 0, 0, 0.0]","[0, 0, 0, 0.0]","[0, 0, 0, 0.0]","[0, 0, 0, 0.0]","[0, 0, 0, 0.0]","[1, 1, 100.0, 50.0]","[0, 0, 0, 0.0]","[0, 0, 0, 0.0]","[0, 0, 0, 0.0]","[0, 0, 0, 0.0]","[0, 0, 0, 0.0]","[0, 0, 0, 0.0]","[0, 0, 0, 0.0]","[0, 0, 0, 0.0]","[0, 0, 0, 0.0]","[0, 0, 0, 0.0]","[0, 0, 0, 0.0]","[0, 0, 0, 0.0]","[0, 0, 0, 0.0]","[0, 0, 0, 0.0]","[0, 0, 0, 0.0]","[0, 0, 0, 0.0]","[0, 0, 0, 0.0]","[0, 0, 0, 0.0]","[0, 0, 0, 0.0]","[0, 0, 0, 0.0]","[0, 0, 0, 0.0]","[0, 0, 0, 0.0]","[0, 0, 0, 0.0]","[0, 0, 0, 0.0]","[0, 0, 0, 0.0]","[0, 0, 0, 0.0]","[0, 0, 0, 0.0]","[0, 0, 0, 0.0]","[0, 0, 0, 0.0]","[0, 0, 0, 0.0]","[0, 0, 0, 0.0]","[0, 0, 0, 0.0]","[0, 0, 0, 0.0]","[0, 0, 0, 0.0]","[0, 0, 0, 0.0]","[0, 0, 0, 0.0]","[0, 0, 0, 0.0]","[0, 0, 0, 0.0]","[0, 0, 0, 0.0]","[0, 0, 0, 0.0]","[0, 0, 0, 0.0]","[0, 0, 0, 0.0]","[0, 0, 0, 0.0]","[0, 0, 0, 0.0]","[0, 0, 0, 0.0]","[0, 0, 0, 0.0]","[0, 0, 0, 0.0]","[0, 0, 0, 0.0]","[0, 0, 0, 0.0]","[0, 0, 0, 0.0]","[0, 0, 0, 0.0]","[0, 0, 0, 0.0]","[0, 0, 0, 0.0]","[0, 0, 0, 0.0]","[0, 0, 0, 0.0]","[0, 0, 0, 0.0]","[0, 0, 0, 0.0]","[0, 0, 0, 0.0]"
naafiri,"[2, 3, 66.67, 0.54]","[0, 0, 0, 0.0]","[0, 0, 0, 0.0]","[0, 0, 0, 0.0]","[0, 0, 0, 0.0]","[0, 0, 0, 0.0]","[0, 0, 0, 0.0]","[0, 0, 0, 0.0]","[0, 0, 0, 0.0]","[1, 1, 100.0, 3.12]","[0, 0, 0, 0.0]","[0, 0, 0, 0.0]","[0, 0, 0, 0.0]","[0, 0, 0, 0.0]","[0, 0, 0, 0.0]","[0, 0, 0, 0.0]","[0, 0, 0, 0.0]","[0, 0, 0, 0.0]","[0, 0, 0, 0.0]","[0, 0, 0, 0.0]","[0, 0, 0, 0.0]","[0, 0, 0, 0.0]","[0, 0, 0, 0.0]","[0, 0, 0, 0.0]","[0, 0, 0, 0.0]","[0, 0, 0, 0.0]","[0, 0, 0, 0.0]","[0, 0, 0, 0.0]","[0, 0, 0, 0.0]","[0, 0, 0, 0.0]","[0, 0, 0, 0.0]","[0, 0, 0, 0.0]","[0, 0, 0, 0.0]","[0, 0, 0, 0.0]","[0, 0, 0, 0.0]","[0, 0, 0, 0.0]","[0, 0, 0, 0.0]","[0, 0, 0, 0.0]","[0, 0, 0, 0.0]","[0, 0, 0, 0.0]","[0, 0, 0, 0.0]","[0, 0, 0, 0.0]","[0, 0, 0, 0.0]","[0, 0, 0, 0.0]","[0, 0, 0, 0.0]","[0, 0, 0, 0.0]","[0, 0, 0, 0.0]","[0, 0, 0, 0.0]","[0, 0, 0, 0.0]","[0, 0, 0, 0.0]","[0, 0, 0, 0.0]","[0, 0, 0, 0.0]","[0, 0, 0, 0.0]","[0, 0, 0, 0.0]","[0, 0, 0, 0.0]","[0, 0, 0, 0.0]","[0, 0, 0, 0.0]","[0, 0, 0, 0.0]","[0, 1, 0.0, 4.35]","[0, 0, 0, 0.0]","[1, 1, 100.0, 7.14]","[0, 0, 0, 0.0]","[0, 0, 0, 0.0]","[0, 0, 0, 0.0]","[0, 0, 0, 0.0]","[0, 0, 0, 0.0]","[0, 0, 0, 0.0]","[0, 0, 0, 0.0]","[0, 0, 0, 0.0]","[0, 0, 0, 0.0]","[0, 0, 0, 0.0]","[0, 0, 0, 0.0]"
neeko,"[25, 35, 71.43, 6.28]","[0, 0, 0, 0.0]","[0, 0, 0, 0.0]","[0, 1, 0.0, 3.45]","[3, 3, 100.0, 18.75]","[0, 0, 0, 0.0]","[0, 1, 0.0, 33.33]","[0, 0, 0, 0.0]","[0, 0, 0, 0.0]","[1, 3, 33.33, 9.38]","[0, 1, 0.0, 9.09]","[1, 1, 100.0, 100.0]","[0, 0, 0, 0.0]","[0, 0, 0, 0.0]","[0, 0, 0, 0.0]","[0, 0, 0, 0.0]","[0, 0, 0, 0.0]","[0, 0, 0, 0.0]","[0, 0, 0, 0.0]","[0, 0, 0, 0.0]","[0, 0, 0, 0.0]","[0, 0, 0, 0.0]","[0, 0, 0, 0.0]","[0, 0, 0, 0.0]","[2, 2, 100.0, 5.0]","[0, 0, 0, 0.0]","[0, 0, 0, 0.0]","[0, 0, 0, 0.0]","[0, 0, 0, 0.0]","[0, 0, 0, 0.0]","[2, 2, 100.0, 4.88]","[0, 0, 0, 0.0]","[0, 0, 0, 0.0]","[0, 0, 0, 0.0]","[0, 0, 0, 0.0]","[1, 1, 100.0, 33.33]","[0, 0, 0, 0.0]","[0, 0, 0, 0.0]","[0, 0, 0, 0.0]","[0, 0, 0, 0.0]","[0, 0, 0, 0.0]","[0, 0, 0, 0.0]","[4, 5, 80.0, 8.06]","[0, 1, 0.0, 50.0]","[0, 0, 0, 0.0]","[0, 0, 0, 0.0]","[0, 0, 0, 0.0]","[0, 0, 0, 0.0]","[0, 0, 0, 0.0]","[0, 0, 0, 0.0]","[0, 0, 0, 0.0]","[0, 0, 0, 0.0]","[0, 0, 0, 0.0]","[0, 0, 0, 0.0]","[0, 0, 0, 0.0]","[1, 1, 100.0, 6.25]","[0, 0, 0, 0.0]","[3, 3, 100.0, 23.08]","[1, 2, 50.0, 8.7]","[0, 1, 0.0, 100.0]","[0, 0, 0, 0.0]","[2, 2, 100.0, 8.7]","[0, 0, 0, 0.0]","[0, 0, 0, 0.0]","[0, 0, 0, 0.0]","[0, 0, 0, 0.0]","[0, 1, 0.0, 7.69]","[2, 2, 100.0, 6.67]","[2, 2, 100.0, 15.38]","[0, 0, 0, 0.0]","[0, 0, 0, 0.0]","[0, 0, 0, 0.0]"
orianna,"[21, 46, 45.65, 8.26]","[0, 0, 0, 0.0]","[0, 1, 0.0, 10.0]","[2, 5, 40.0, 17.24]","[0, 1, 0.0, 6.25]","[0, 0, 0, 0.0]","[0, 0, 0, 0.0]","[0, 0, 0, 0.0]","[0, 0, 0, 0.0]","[1, 3, 33.33, 9.38]","[2, 2, 100.0, 18.18]","[0, 0, 0, 0.0]","[0, 0, 0, 0.0]","[1, 1, 100.0, 50.0]","[0, 1, 0.0, 50.0]","[0, 1, 0.0, 20.0]","[0, 0, 0, 0.0]","[0, 0, 0, 0.0]","[0, 0, 0, 0.0]","[0, 0, 0, 0.0]","[0, 0, 0, 0.0]","[0, 0, 0, 0.0]","[0, 0, 0, 0.0]","[0, 0, 0, 0.0]","[1, 2, 50.0, 5.0]","[0, 0, 0, 0.0]","[0, 0, 0, 0.0]","[0, 0, 0, 0.0]","[0, 0, 0, 0.0]","[0, 0, 0, 0.0]","[1, 1, 100.0, 2.44]","[1, 1, 100.0, 33.33]","[0, 0, 0, 0.0]","[0, 0, 0, 0.0]","[0, 0, 0, 0.0]","[0, 0, 0, 0.0]","[0, 0, 0, 0.0]","[0, 0, 0, 0.0]","[0, 0, 0, 0.0]","[0, 0, 0, 0.0]","[1, 2, 50.0, 11.11]","[0, 0, 0, 0.0]","[0, 0, 0, 0.0]","[0, 0, 0, 0.0]","[0, 0, 0, 0.0]","[1, 1, 100.0, 100.0]","[0, 0, 0, 0.0]","[0, 0, 0, 0.0]","[0, 0, 0, 0.0]","[0, 0, 0, 0.0]","[0, 0, 0, 0.0]","[0, 0, 0, 0.0]","[0, 0, 0, 0.0]","[0, 0, 0, 0.0]","[2, 3, 66.67, 15.0]","[1, 6, 16.67, 37.5]","[0, 1, 0.0, 16.67]","[0, 1, 0.0, 7.69]","[1, 1, 100.0, 4.35]","[0, 0, 0, 0.0]","[0, 0, 0, 0.0]","[1, 1, 100.0, 4.35]","[0, 0, 0, 0.0]","[0, 0, 0, 0.0]","[0, 0, 0, 0.0]","[1, 1, 100.0, 25.0]","[2, 2, 100.0, 15.38]","[0, 3, 0.0, 10.0]","[1, 2, 50.0, 15.38]","[0, 0, 0, 0.0]","[0, 0, 0, 0.0]","[1, 3, 33.33, 25.0]"
pantheon,"[0, 1, 0.0, 0.18]","[0, 0, 0, 0.0]","[0, 0, 0, 0.0]","[0, 0, 0, 0.0]","[0, 0, 0, 0.0]","[0, 0, 0, 0.0]","[0, 0, 0, 0.0]","[0, 0, 0, 0.0]","[0, 0, 0, 0.0]","[0, 0, 0, 0.0]","[0, 0, 0, 0.0]","[0, 0, 0, 0.0]","[0, 0, 0, 0.0]","[0, 0, 0, 0.0]","[0, 0, 0, 0.0]","[0, 0, 0, 0.0]","[0, 0, 0, 0.0]","[0, 0, 0, 0.0]","[0, 0, 0, 0.0]","[0, 0, 0, 0.0]","[0, 0, 0, 0.0]","[0, 0, 0, 0.0]","[0, 0, 0, 0.0]","[0, 0, 0, 0.0]","[0, 0, 0, 0.0]","[0, 0, 0, 0.0]","[0, 0, 0, 0.0]","[0, 0, 0, 0.0]","[0, 0, 0, 0.0]","[0, 1, 0.0, 16.67]","[0, 0, 0, 0.0]","[0, 0, 0, 0.0]","[0, 0, 0, 0.0]","[0, 0, 0, 0.0]","[0, 0, 0, 0.0]","[0, 0, 0, 0.0]","[0, 0, 0, 0.0]","[0, 0, 0, 0.0]","[0, 0, 0, 0.0]","[0, 0, 0, 0.0]","[0, 0, 0, 0.0]","[0, 0, 0, 0.0]","[0, 0, 0, 0.0]","[0, 0, 0, 0.0]","[0, 0, 0, 0.0]","[0, 0, 0, 0.0]","[0, 0, 0, 0.0]","[0, 0, 0, 0.0]","[0, 0, 0, 0.0]","[0, 0, 0, 0.0]","[0, 0, 0, 0.0]","[0, 0, 0, 0.0]","[0, 0, 0, 0.0]","[0, 0, 0, 0.0]","[0, 0, 0, 0.0]","[0, 0, 0, 0.0]","[0, 0, 0, 0.0]","[0, 0, 0, 0.0]","[0, 0, 0, 0.0]","[0, 0, 0, 0.0]","[0, 0, 0, 0.0]","[0, 0, 0, 0.0]","[0, 0, 0, 0.0]","[0, 0, 0, 0.0]","[0, 0, 0, 0.0]","[0, 0, 0, 0.0]","[0, 0, 0, 0.0]","[0, 0, 0, 0.0]","[0, 0, 0, 0.0]","[0, 0, 0, 0.0]","[0, 0, 0, 0.0]","[0, 0, 0, 0.0]"
qiyana,"[2, 3, 66.67, 0.54]","[0, 0, 0, 0.0]","[0, 0, 0, 0.0]","[0, 0, 0, 0.0]","[0, 0, 0, 0.0]","[0, 0, 0, 0.0]","[0, 0, 0, 0.0]","[0, 0, 0, 0.0]","[0, 0, 0, 0.0]","[0, 0, 0, 0.0]","[0, 0, 0, 0.0]","[0, 0, 0, 0.0]","[0, 0, 0, 0.0]","[0, 0, 0, 0.0]","[0, 0, 0, 0.0]","[0, 0, 0, 0.0]","[0, 0, 0, 0.0]","[0, 0, 0, 0.0]","[0, 0, 0, 0.0]","[0, 0, 0, 0.0]","[0, 0, 0, 0.0]","[0, 0, 0, 0.0]","[0, 0, 0, 0.0]","[0, 0, 0, 0.0]","[0, 0, 0, 0.0]","[0, 0, 0, 0.0]","[0, 0, 0, 0.0]","[0, 0, 0, 0.0]","[0, 0, 0, 0.0]","[0, 0, 0, 0.0]","[0, 0, 0, 0.0]","[0, 0, 0, 0.0]","[0, 0, 0, 0.0]","[0, 0, 0, 0.0]","[0, 0, 0, 0.0]","[0, 0, 0, 0.0]","[0, 0, 0, 0.0]","[0, 0, 0, 0.0]","[0, 0, 0, 0.0]","[0, 0, 0, 0.0]","[1, 1, 100.0, 5.56]","[0, 0, 0, 0.0]","[0, 0, 0, 0.0]","[0, 0, 0, 0.0]","[0, 0, 0, 0.0]","[0, 0, 0, 0.0]","[0, 0, 0, 0.0]","[0, 0, 0, 0.0]","[0, 0, 0, 0.0]","[0, 1, 0.0, 33.33]","[0, 0, 0, 0.0]","[0, 0, 0, 0.0]","[0, 0, 0, 0.0]","[0, 0, 0, 0.0]","[0, 0, 0, 0.0]","[0, 0, 0, 0.0]","[0, 0, 0, 0.0]","[0, 0, 0, 0.0]","[0, 0, 0, 0.0]","[0, 0, 0, 0.0]","[0, 0, 0, 0.0]","[1, 1, 100.0, 4.35]","[0, 0, 0, 0.0]","[0, 0, 0, 0.0]","[0, 0, 0, 0.0]","[0, 0, 0, 0.0]","[0, 0, 0, 0.0]","[0, 0, 0, 0.0]","[0, 0, 0, 0.0]","[0, 0, 0, 0.0]","[0, 0, 0, 0.0]","[0, 0, 0, 0.0]"
rumble,"[5, 6, 83.33, 1.08]","[0, 0, 0, 0.0]","[0, 0, 0, 0.0]","[0, 0, 0, 0.0]","[0, 0, 0, 0.0]","[0, 0, 0, 0.0]","[0, 0, 0, 0.0]","[0, 0, 0, 0.0]","[0, 0, 0, 0.0]","[1, 1, 100.0, 3.12]","[0, 0, 0, 0.0]","[0, 0, 0, 0.0]","[0, 0, 0, 0.0]","[0, 0, 0, 0.0]","[0, 0, 0, 0.0]","[0, 0, 0, 0.0]","[0, 0, 0, 0.0]","[0, 0, 0, 0.0]","[0, 0, 0, 0.0]","[0, 0, 0, 0.0]","[0, 0, 0, 0.0]","[0, 0, 0, 0.0]","[0, 0, 0, 0.0]","[0, 0, 0, 0.0]","[0, 0, 0, 0.0]","[0, 0, 0, 0.0]","[0, 0, 0, 0.0]","[0, 0, 0, 0.0]","[0, 0, 0, 0.0]","[0, 0, 0, 0.0]","[0, 0, 0, 0.0]","[0, 0, 0, 0.0]","[0, 0, 0, 0.0]","[0, 0, 0, 0.0]","[0, 0, 0, 0.0]","[0, 0, 0, 0.0]","[0, 0, 0, 0.0]","[0, 0, 0, 0.0]","[0, 0, 0, 0.0]","[0, 0, 0, 0.0]","[0, 0, 0, 0.0]","[0, 0, 0, 0.0]","[0, 0, 0, 0.0]","[0, 0, 0, 0.0]","[0, 0, 0, 0.0]","[0, 0, 0, 0.0]","[1, 1, 100.0, 11.11]","[0, 0, 0, 0.0]","[0, 0, 0, 0.0]","[0, 0, 0, 0.0]","[0, 0, 0, 0.0]","[0, 0, 0, 0.0]","[0, 0, 0, 0.0]","[0, 0, 0, 0.0]","[0, 0, 0, 0.0]","[0, 0, 0, 0.0]","[0, 0, 0, 0.0]","[0, 0, 0, 0.0]","[0, 0, 0, 0.0]","[0, 0, 0, 0.0]","[0, 0, 0, 0.0]","[0, 0, 0, 0.0]","[0, 0, 0, 0.0]","[0, 0, 0, 0.0]","[0, 0, 0, 0.0]","[1, 1, 100.0, 25.0]","[1, 1, 100.0, 7.69]","[0, 0, 0, 0.0]","[1, 2, 50.0, 15.38]","[0, 0, 0, 0.0]","[0, 0, 0, 0.0]","[0, 0, 0, 0.0]"
sylas,"[15, 37, 40.54, 6.64]","[0, 0, 0, 0.0]","[1, 1, 100.0, 10.0]","[0, 5, 0.0, 17.24]","[0, 0, 0, 0.0]","[0, 0, 0, 0.0]","[0, 0, 0, 0.0]","[0, 0, 0, 0.0]","[0, 0, 0, 0.0]","[0, 1, 0.0, 3.12]","[0, 1, 0.0, 9.09]","[0, 0, 0, 0.0]","[0, 0, 0, 0.0]","[0, 0, 0, 0.0]","[0, 0, 0, 0.0]","[0, 0, 0, 0.0]","[0, 0, 0, 0.0]","[0, 0, 0, 0.0]","[0, 0, 0, 0.0]","[0, 0, 0, 0.0]","[0, 0, 0, 0.0]","[0, 0, 0, 0.0]","[0, 0, 0, 0.0]","[0, 1, 0.0, 100.0]","[1, 2, 50.0, 5.0]","[0, 0, 0, 0.0]","[0, 0, 0, 0.0]","[0, 0, 0, 0.0]","[0, 0, 0, 0.0]","[1, 1, 100.0, 16.67]","[0, 0, 0, 0.0]","[0, 0, 0, 0.0]","[0, 0, 0, 0.0]","[0, 0, 0, 0.0]","[0, 0, 0, 0.0]","[0, 0, 0, 0.0]","[0, 0, 0, 0.0]","[0, 0, 0, 0.0]","[0, 0, 0, 0.0]","[0, 1, 0.0, 50.0]","[0, 2, 0.0, 11.11]","[0, 0, 0, 0.0]","[5, 7, 71.43, 11.29]","[0, 0, 0, 0.0]","[0, 0, 0, 0.0]","[0, 0, 0, 0.0]","[0, 0, 0, 0.0]","[0, 0, 0, 0.0]","[0, 0, 0, 0.0]","[0, 0, 0, 0.0]","[0, 1, 0.0, 100.0]","[0, 0, 0, 0.0]","[1, 1, 100.0, 100.0]","[0, 0, 0, 0.0]","[0, 0, 0, 0.0]","[1, 2, 50.0, 12.5]","[0, 0, 0, 0.0]","[0, 1, 0.0, 7.69]","[0, 1, 0.0, 4.35]","[0, 0, 0, 0.0]","[0, 1, 0.0, 7.14]","[1, 1, 100.0, 4.35]","[1, 1, 100.0, 20.0]","[0, 0, 0, 0.0]","[1, 1, 100.0, 33.33]","[0, 0, 0, 0.0]","[0, 0, 0, 0.0]","[1, 4, 25.0, 13.33]","[0, 0, 0, 0.0]","[0, 0, 0, 0.0]","[0, 0, 0, 0.0]","[1, 1, 100.0, 8.33]"
syndra,"[7, 19, 36.84, 3.41]","[0, 0, 0, 0.0]","[0, 0, 0, 0.0]","[0, 2, 0.0, 6.9]","[0, 0, 0, 0.0]","[0, 0, 0, 0.0]","[0, 0, 0, 0.0]","[0, 0, 0, 0.0]","[0, 1, 0.0, 50.0]","[1, 1, 100.0, 3.12]","[0, 0, 0, 0.0]","[0, 0, 0, 0.0]","[0, 0, 0, 0.0]","[0, 0, 0, 0.0]","[0, 0, 0, 0.0]","[0, 0, 0, 0.0]","[0, 0, 0, 0.0]","[0, 0, 0, 0.0]","[0, 0, 0, 0.0]","[0, 0, 0, 0.0]","[0, 0, 0, 0.0]","[0, 1, 0.0, 100.0]","[0, 0, 0, 0.0]","[0, 0, 0, 0.0]","[0, 0, 0, 0.0]","[0, 1, 0.0, 100.0]","[0, 0, 0, 0.0]","[0, 0, 0, 0.0]","[0, 0, 0, 0.0]","[0, 0, 0, 0.0]","[0, 0, 0, 0.0]","[0, 0, 0, 0.0]","[0, 0, 0, 0.0]","[0, 0, 0, 0.0]","[0, 0, 0, 0.0]","[0, 1, 0.0, 33.33]","[0, 0, 0, 0.0]","[0, 0, 0, 0.0]","[0, 0, 0, 0.0]","[0, 0, 0, 0.0]","[0, 0, 0, 0.0]","[0, 0, 0, 0.0]","[3, 5, 60.0, 8.06]","[0, 0, 0, 0.0]","[0, 0, 0, 0.0]","[0, 0, 0, 0.0]","[0, 0, 0, 0.0]","[0, 0, 0, 0.0]","[0, 0, 0, 0.0]","[0, 0, 0, 0.0]","[0, 0, 0, 0.0]","[0, 0, 0, 0.0]","[0, 0, 0, 0.0]","[0, 0, 0, 0.0]","[0, 1, 0.0, 5.0]","[0, 0, 0, 0.0]","[0, 2, 0.0, 33.33]","[0, 0, 0, 0.0]","[1, 1, 100.0, 4.35]","[0, 0, 0, 0.0]","[0, 0, 0, 0.0]","[1, 1, 100.0, 4.35]","[0, 0, 0, 0.0]","[0, 0, 0, 0.0]","[0, 0, 0, 0.0]","[0, 0, 0, 0.0]","[0, 1, 0.0, 7.69]","[0, 0, 0, 0.0]","[0, 0, 0, 0.0]","[1, 1, 100.0, 25.0]","[0, 0, 0, 0.0]","[0, 0, 0, 0.0]"
taliyah,"[25, 36, 69.44, 6.46]","[0, 0, 0, 0.0]","[1, 1, 100.0, 10.0]","[1, 1, 100.0, 3.45]","[0, 1, 0.0, 6.25]","[0, 0, 0, 0.0]","[0, 0, 0, 0.0]","[1, 1, 100.0, 20.0]","[0, 0, 0, 0.0]","[3, 3, 100.0, 9.38]","[1, 1, 100.0, 9.09]","[0, 0, 0, 0.0]","[0, 0, 0, 0.0]","[0, 0, 0, 0.0]","[0, 0, 0, 0.0]","[0, 0, 0, 0.0]","[0, 0, 0, 0.0]","[0, 0, 0, 0.0]","[1, 1, 100.0, 25.0]","[1, 1, 100.0, 100.0]","[0, 0, 0, 0.0]","[0, 0, 0, 0.0]","[0, 0, 0, 0.0]","[0, 0, 0, 0.0]","[1, 2, 50.0, 5.0]","[0, 0, 0, 0.0]","[0, 0, 0, 0.0]","[0, 0, 0, 0.0]","[0, 0, 0, 0.0]","[0, 0, 0, 0.0]","[2, 2, 100.0, 4.88]","[0, 0, 0, 0.0]","[0, 1, 0.0, 11.11]","[0, 0, 0, 0.0]","[0, 0, 0, 0.0]","[0, 0, 0, 0.0]","[0, 0, 0, 0.0]","[0, 0, 0, 0.0]","[0, 0, 0, 0.0]","[0, 0, 0, 0.0]","[0, 2, 0.0, 11.11]","[0, 0, 0, 0.0]","[0, 0, 0, 0.0]","[0, 0, 0, 0.0]","[0, 0, 0, 0.0]","[0, 0, 0, 0.0]","[0, 0, 0, 0.0]","[0, 0, 0, 0.0]","[0, 0, 0, 0.0]","[1, 1, 100.0, 33.33]","[0, 0, 0, 0.0]","[1, 1, 100.0, 100.0]","[0, 0, 0, 0.0]","[0, 0, 0, 0.0]","[1, 3, 33.33, 15.0]","[2, 3, 66.67, 18.75]","[0, 0, 0, 0.0]","[0, 0, 0, 0.0]","[0, 1, 0.0, 4.35]","[0, 0, 0, 0.0]","[0, 0, 0, 0.0]","[2, 3, 66.67, 13.04]","[0, 0, 0, 0.0]","[0, 0, 0, 0.0]","[1, 1, 100.0, 33.33]","[0, 0, 0, 0.0]","[0, 0, 0, 0.0]","[3, 3, 100.0, 10.0]","[0, 0, 0, 0.0]","[0, 1, 0.0, 25.0]","[0, 0, 0, 0.0]","[2, 2, 100.0, 16.67]"
talon,"[0, 1, 0.0, 0.18]","[0, 0, 0, 0.0]","[0, 0, 0, 0.0]","[0, 0, 0, 0.0]","[0, 0, 0, 0.0]","[0, 0, 0, 0.0]","[0, 0, 0, 0.0]","[0, 0, 0, 0.0]","[0, 0, 0, 0.0]","[0, 1, 0.0, 3.12]","[0, 0, 0, 0.0]","[0, 0, 0, 0.0]","[0, 0, 0, 0.0]","[0, 0, 0, 0.0]","[0, 0, 0, 0.0]","[0, 0, 0, 0.0]","[0, 0, 0, 0.0]","[0, 0, 0, 0.0]","[0, 0, 0, 0.0]","[0, 0, 0, 0.0]","[0, 0, 0, 0.0]","[0, 0, 0, 0.0]","[0, 0, 0, 0.0]","[0, 0, 0, 0.0]","[0, 0, 0, 0.0]","[0, 0, 0, 0.0]","[0, 0, 0, 0.0]","[0, 0, 0, 0.0]","[0, 0, 0, 0.0]","[0, 0, 0, 0.0]","[0, 0, 0, 0.0]","[0, 0, 0, 0.0]","[0, 0, 0, 0.0]","[0, 0, 0, 0.0]","[0, 0, 0, 0.0]","[0, 0, 0, 0.0]","[0, 0, 0, 0.0]","[0, 0, 0, 0.0]","[0, 0, 0, 0.0]","[0, 0, 0, 0.0]","[0, 0, 0, 0.0]","[0, 0, 0, 0.0]","[0, 0, 0, 0.0]","[0, 0, 0, 0.0]","[0, 0, 0, 0.0]","[0, 0, 0, 0.0]","[0, 0, 0, 0.0]","[0, 0, 0, 0.0]","[0, 0, 0, 0.0]","[0, 0, 0, 0.0]","[0, 0, 0, 0.0]","[0, 0, 0, 0.0]","[0, 0, 0, 0.0]","[0, 0, 0, 0.0]","[0, 0, 0, 0.0]","[0, 0, 0, 0.0]","[0, 0, 0, 0.0]","[0, 0, 0, 0.0]","[0, 0, 0, 0.0]","[0, 0, 0, 0.0]","[0, 0, 0, 0.0]","[0, 0, 0, 0.0]","[0, 0, 0, 0.0]","[0, 0, 0, 0.0]","[0, 0, 0, 0.0]","[0, 0, 0, 0.0]","[0, 0, 0, 0.0]","[0, 0, 0, 0.0]","[0, 0, 0, 0.0]","[0, 0, 0, 0.0]","[0, 0, 0, 0.0]","[0, 0, 0, 0.0]"
tristana,"[39, 72, 54.17, 12.93]","[0, 0, 0, 0.0]","[2, 2, 100.0, 20.0]","[1, 1, 100.0, 3.45]","[1, 3, 33.33, 18.75]","[0, 0, 0, 0.0]","[0, 0, 0, 0.0]","[1, 1, 100.0, 20.0]","[0, 0, 0, 0.0]","[1, 4, 25.0, 12.5]","[1, 3, 33.33, 27.27]","[0, 0, 0, 0.0]","[0, 0, 0, 0.0]","[0, 0, 0, 0.0]","[0, 0, 0, 0.0]","[0, 0, 0, 0.0]","[0, 0, 0, 0.0]","[0, 1, 0.0, 100.0]","[0, 1, 0.0, 25.0]","[0, 0, 0, 0.0]","[0, 0, 0, 0.0]","[0, 0, 0, 0.0]","[0, 0, 0, 0.0]","[0, 0, 0, 0.0]","[6, 11, 54.55, 27.5]","[0, 0, 0, 0.0]","[0, 0, 0, 0.0]","[0, 0, 0, 0.0]","[0, 0, 0, 0.0]","[0, 1, 0.0, 16.67]","[4, 7, 57.14, 17.07]","[0, 0, 0, 0.0]","[3, 3, 100.0, 33.33]","[0, 0, 0, 0.0]","[0, 0, 0, 0.0]","[0, 0, 0, 0.0]","[0, 0, 0, 0.0]","[0, 1, 0.0, 50.0]","[0, 0, 0, 0.0]","[1, 1, 100.0, 50.0]","[1, 4, 25.0, 22.22]","[0, 0, 0, 0.0]","[2, 2, 100.0, 3.23]","[0, 0, 0, 0.0]","[0, 0, 0, 0.0]","[0, 0, 0, 0.0]","[1, 3, 33.33, 33.33]","[0, 0, 0, 0.0]","[0, 0, 0, 0.0]","[0, 0, 0, 0.0]","[0, 0, 0, 0.0]","[0, 0, 0, 0.0]","[0, 0, 0, 0.0]","[0, 0, 0, 0.0]","[2, 3, 66.67, 15.0]","[2, 2, 100.0, 12.5]","[0, 1, 0.0, 16.67]","[1, 1, 100.0, 7.69]","[0, 0, 0, 0.0]","[0, 0, 0, 0.0]","[1, 2, 50.0, 14.29]","[2, 3, 66.67, 13.04]","[0, 0, 0, 0.0]","[0, 0, 0, 0.0]","[0, 0, 0, 0.0]","[0, 1, 0.0, 25.0]","[1, 1, 100.0, 7.69]","[2, 6, 33.33, 20.0]","[1, 1, 100.0, 7.69]","[0, 0, 0, 0.0]","[1, 1, 100.0, 50.0]","[1, 1, 100.0, 8.33]"
tryndamere,"[0, 1, 0.0, 0.18]","[0, 0, 0, 0.0]","[0, 0, 0, 0.0]","[0, 0, 0, 0.0]","[0, 0, 0, 0.0]","[0, 0, 0, 0.0]","[0, 0, 0, 0.0]","[0, 0, 0, 0.0]","[0, 0, 0, 0.0]","[0, 0, 0, 0.0]","[0, 0, 0, 0.0]","[0, 0, 0, 0.0]","[0, 0, 0, 0.0]","[0, 0, 0, 0.0]","[0, 0, 0, 0.0]","[0, 0, 0, 0.0]","[0, 0, 0, 0.0]","[0, 0, 0, 0.0]","[0, 0, 0, 0.0]","[0, 0, 0, 0.0]","[0, 0, 0, 0.0]","[0, 0, 0, 0.0]","[0, 0, 0, 0.0]","[0, 0, 0, 0.0]","[0, 0, 0, 0.0]","[0, 0, 0, 0.0]","[0, 0, 0, 0.0]","[0, 0, 0, 0.0]","[0, 0, 0, 0.0]","[0, 0, 0, 0.0]","[0, 0, 0, 0.0]","[0, 0, 0, 0.0]","[0, 0, 0, 0.0]","[0, 0, 0, 0.0]","[0, 0, 0, 0.0]","[0, 0, 0, 0.0]","[0, 0, 0, 0.0]","[0, 0, 0, 0.0]","[0, 0, 0, 0.0]","[0, 0, 0, 0.0]","[0, 0, 0, 0.0]","[0, 0, 0, 0.0]","[0, 0, 0, 0.0]","[0, 0, 0, 0.0]","[0, 0, 0, 0.0]","[0, 0, 0, 0.0]","[0, 0, 0, 0.0]","[0, 0, 0, 0.0]","[0, 0, 0, 0.0]","[0, 0, 0, 0.0]","[0, 0, 0, 0.0]","[0, 0, 0, 0.0]","[0, 0, 0, 0.0]","[0, 0, 0, 0.0]","[0, 0, 0, 0.0]","[0, 0, 0, 0.0]","[0, 0, 0, 0.0]","[0, 0, 0, 0.0]","[0, 0, 0, 0.0]","[0, 0, 0, 0.0]","[0, 0, 0, 0.0]","[0, 0, 0, 0.0]","[0, 0, 0, 0.0]","[0, 0, 0, 0.0]","[0, 0, 0, 0.0]","[0, 0, 0, 0.0]","[0, 0, 0, 0.0]","[0, 0, 0, 0.0]","[0, 1, 0.0, 7.69]","[0, 0, 0, 0.0]","[0, 0, 0, 0.0]","[0, 0, 0, 0.0]"
twistedfate,"[1, 1, 100.0, 0.18]","[0, 0, 0, 0.0]","[0, 0, 0, 0.0]","[0, 0, 0, 0.0]","[0, 0, 0, 0.0]","[0, 0, 0, 0.0]","[0, 0, 0, 0.0]","[0, 0, 0, 0.0]","[0, 0, 0, 0.0]","[0, 0, 0, 0.0]","[0, 0, 0, 0.0]","[0, 0, 0, 0.0]","[0, 0, 0, 0.0]","[0, 0, 0, 0.0]","[0, 0, 0, 0.0]","[0, 0, 0, 0.0]","[0, 0, 0, 0.0]","[0, 0, 0, 0.0]","[0, 0, 0, 0.0]","[0, 0, 0, 0.0]","[0, 0, 0, 0.0]","[0, 0, 0, 0.0]","[0, 0, 0, 0.0]","[0, 0, 0, 0.0]","[0, 0, 0, 0.0]","[0, 0, 0, 0.0]","[0, 0, 0, 0.0]","[0, 0, 0, 0.0]","[0, 0, 0, 0.0]","[0, 0, 0, 0.0]","[0, 0, 0, 0.0]","[0, 0, 0, 0.0]","[0, 0, 0, 0.0]","[0, 0, 0, 0.0]","[0, 0, 0, 0.0]","[0, 0, 0, 0.0]","[0, 0, 0, 0.0]","[0, 0, 0, 0.0]","[0, 0, 0, 0.0]","[0, 0, 0, 0.0]","[0, 0, 0, 0.0]","[0, 0, 0, 0.0]","[1, 1, 100.0, 1.61]","[0, 0, 0, 0.0]","[0, 0, 0, 0.0]","[0, 0, 0, 0.0]","[0, 0, 0, 0.0]","[0, 0, 0, 0.0]","[0, 0, 0, 0.0]","[0, 0, 0, 0.0]","[0, 0, 0, 0.0]","[0, 0, 0, 0.0]","[0, 0, 0, 0.0]","[0, 0, 0, 0.0]","[0, 0, 0, 0.0]","[0, 0, 0, 0.0]","[0, 0, 0, 0.0]","[0, 0, 0, 0.0]","[0, 0, 0, 0.0]","[0, 0, 0, 0.0]","[0, 0, 0, 0.0]","[0, 0, 0, 0.0]","[0, 0, 0, 0.0]","[0, 0, 0, 0.0]","[0, 0, 0, 0.0]","[0, 0, 0, 0.0]","[0, 0, 0, 0.0]","[0, 0, 0, 0.0]","[0, 0, 0, 0.0]","[0, 0, 0, 0.0]","[0, 0, 0, 0.0]","[0, 0, 0, 0.0]"
vex,"[4, 11, 36.36, 1.97]","[0, 0, 0, 0.0]","[0, 1, 0.0, 10.0]","[0, 0, 0, 0.0]","[0, 0, 0, 0.0]","[0, 0, 0, 0.0]","[0, 0, 0, 0.0]","[0, 0, 0, 0.0]","[0, 1, 0.0, 50.0]","[0, 0, 0, 0.0]","[0, 0, 0, 0.0]","[0, 0, 0, 0.0]","[0, 0, 0, 0.0]","[0, 0, 0, 0.0]","[0, 0, 0, 0.0]","[0, 0, 0, 0.0]","[0, 0, 0, 0.0]","[0, 0, 0, 0.0]","[0, 1, 0.0, 25.0]","[0, 0, 0, 0.0]","[0, 0, 0, 0.0]","[0, 0, 0, 0.0]","[0, 0, 0, 0.0]","[0, 0, 0, 0.0]","[0, 3, 0.0, 7.5]","[0, 0, 0, 0.0]","[0, 0, 0, 0.0]","[0, 0, 0, 0.0]","[0, 0, 0, 0.0]","[0, 0, 0, 0.0]","[1, 2, 50.0, 4.88]","[0, 0, 0, 0.0]","[0, 0, 0, 0.0]","[0, 0, 0, 0.0]","[0, 0, 0, 0.0]","[0, 0, 0, 0.0]","[0, 0, 0, 0.0]","[0, 0, 0, 0.0]","[0, 0, 0, 0.0]","[0, 0, 0, 0.0]","[1, 1, 100.0, 5.56]","[0, 0, 0, 0.0]","[1, 1, 100.0, 1.61]","[0, 0, 0, 0.0]","[0, 0, 0, 0.0]","[0, 0, 0, 0.0]","[1, 1, 100.0, 11.11]","[0, 0, 0, 0.0]","[0, 0, 0, 0.0]","[0, 0, 0, 0.0]","[0, 0, 0, 0.0]","[0, 0, 0, 0.0]","[0, 0, 0, 0.0]","[0, 0, 0, 0.0]","[0, 0, 0, 0.0]","[0, 0, 0, 0.0]","[0, 0, 0, 0.0]","[0, 0, 0, 0.0]","[0, 0, 0, 0.0]","[0, 0, 0, 0.0]","[0, 0, 0, 0.0]","[0, 0, 0, 0.0]","[0, 0, 0, 0.0]","[0, 0, 0, 0.0]","[0, 0, 0, 0.0]","[0, 0, 0, 0.0]","[0, 0, 0, 0.0]","[0, 0, 0, 0.0]","[0, 0, 0, 0.0]","[0, 0, 0, 0.0]","[0, 0, 0, 0.0]","[0, 0, 0, 0.0]"
viktor,"[4, 5, 80.0, 0.9]","[0, 0, 0, 0.0]","[0, 0, 0, 0.0]","[0, 0, 0, 0.0]","[0, 0, 0, 0.0]","[0, 0, 0, 0.0]","[0, 0, 0, 0.0]","[0, 0, 0, 0.0]","[0, 0, 0, 0.0]","[0, 0, 0, 0.0]","[0, 0, 0, 0.0]","[0, 0, 0, 0.0]","[0, 0, 0, 0.0]","[0, 0, 0, 0.0]","[0, 0, 0, 0.0]","[0, 0, 0, 0.0]","[0, 0, 0, 0.0]","[0, 0, 0, 0.0]","[0, 0, 0, 0.0]","[0, 0, 0, 0.0]","[0, 0, 0, 0.0]","[0, 0, 0, 0.0]","[0, 0, 0, 0.0]","[0, 0, 0, 0.0]","[0, 0, 0, 0.0]","[0, 0, 0, 0.0]","[0, 0, 0, 0.0]","[0, 0, 0, 0.0]","[0, 0, 0, 0.0]","[0, 0, 0, 0.0]","[2, 3, 66.67, 7.32]","[0, 0, 0, 0.0]","[0, 0, 0, 0.0]","[0, 0, 0, 0.0]","[0, 0, 0, 0.0]","[1, 1, 100.0, 33.33]","[0, 0, 0, 0.0]","[0, 0, 0, 0.0]","[0, 0, 0, 0.0]","[0, 0, 0, 0.0]","[0, 0, 0, 0.0]","[0, 0, 0, 0.0]","[0, 0, 0, 0.0]","[0, 0, 0, 0.0]","[0, 0, 0, 0.0]","[0, 0, 0, 0.0]","[0, 0, 0, 0.0]","[0, 0, 0, 0.0]","[0, 0, 0, 0.0]","[0, 0, 0, 0.0]","[0, 0, 0, 0.0]","[0, 0, 0, 0.0]","[0, 0, 0, 0.0]","[0, 0, 0, 0.0]","[0, 0, 0, 0.0]","[0, 0, 0, 0.0]","[0, 0, 0, 0.0]","[0, 0, 0, 0.0]","[0, 0, 0, 0.0]","[0, 0, 0, 0.0]","[0, 0, 0, 0.0]","[0, 0, 0, 0.0]","[0, 0, 0, 0.0]","[0, 0, 0, 0.0]","[0, 0, 0, 0.0]","[0, 0, 0, 0.0]","[0, 0, 0, 0.0]","[0, 0, 0, 0.0]","[0, 0, 0, 0.0]","[0, 0, 0, 0.0]","[0, 0, 0, 0.0]","[1, 1, 100.0, 8.33]"
vladimir,"[0, 1, 0.0, 0.18]","[0, 0, 0, 0.0]","[0, 0, 0, 0.0]","[0, 0, 0, 0.0]","[0, 0, 0, 0.0]","[0, 0, 0, 0.0]","[0, 0, 0, 0.0]","[0, 0, 0, 0.0]","[0, 0, 0, 0.0]","[0, 0, 0, 0.0]","[0, 0, 0, 0.0]","[0, 0, 0, 0.0]","[0, 0, 0, 0.0]","[0, 0, 0, 0.0]","[0, 0, 0, 0.0]","[0, 0, 0, 0.0]","[0, 0, 0, 0.0]","[0, 0, 0, 0.0]","[0, 0, 0, 0.0]","[0, 0, 0, 0.0]","[0, 0, 0, 0.0]","[0, 0, 0, 0.0]","[0, 0, 0, 0.0]","[0, 0, 0, 0.0]","[0, 0, 0, 0.0]","[0, 0, 0, 0.0]","[0, 0, 0, 0.0]","[0, 0, 0, 0.0]","[0, 0, 0, 0.0]","[0, 0, 0, 0.0]","[0, 0, 0, 0.0]","[0, 0, 0, 0.0]","[0, 0, 0, 0.0]","[0, 0, 0, 0.0]","[0, 0, 0, 0.0]","[0, 0, 0, 0.0]","[0, 0, 0, 0.0]","[0, 0, 0, 0.0]","[0, 0, 0, 0.0]","[0, 0, 0, 0.0]","[0, 0, 0, 0.0]","[0, 0, 0, 0.0]","[0, 0, 0, 0.0]","[0, 0, 0, 0.0]","[0, 0, 0, 0.0]","[0, 0, 0, 0.0]","[0, 0, 0, 0.0]","[0, 0, 0, 0.0]","[0, 0, 0, 0.0]","[0, 0, 0, 0.0]","[0, 0, 0, 0.0]","[0, 0, 0, 0.0]","[0, 0, 0, 0.0]","[0, 0, 0, 0.0]","[0, 0, 0, 0.0]","[0, 0, 0, 0.0]","[0, 0, 0, 0.0]","[0, 0, 0, 0.0]","[0, 0, 0, 0.0]","[0, 0, 0, 0.0]","[0, 0, 0, 0.0]","[0, 0, 0, 0.0]","[0, 0, 0, 0.0]","[0, 0, 0, 0.0]","[0, 0, 0, 0.0]","[0, 0, 0, 0.0]","[0, 1, 0.0, 7.69]","[0, 0, 0, 0.0]","[0, 0, 0, 0.0]","[0, 0, 0, 0.0]","[0, 0, 0, 0.0]","[0, 0, 0, 0.0]"
xerath,"[0, 1, 0.0, 0.18]","[0, 0, 0, 0.0]","[0, 0, 0, 0.0]","[0, 0, 0, 0.0]","[0, 0, 0, 0.0]","[0, 0, 0, 0.0]","[0, 0, 0, 0.0]","[0, 0, 0, 0.0]","[0, 0, 0, 0.0]","[0, 0, 0, 0.0]","[0, 0, 0, 0.0]","[0, 0, 0, 0.0]","[0, 0, 0, 0.0]","[0, 0, 0, 0.0]","[0, 0, 0, 0.0]","[0, 0, 0, 0.0]","[0, 0, 0, 0.0]","[0, 0, 0, 0.0]","[0, 0, 0, 0.0]","[0, 0, 0, 0.0]","[0, 0, 0, 0.0]","[0, 0, 0, 0.0]","[0, 0, 0, 0.0]","[0, 0, 0, 0.0]","[0, 0, 0, 0.0]","[0, 0, 0, 0.0]","[0, 0, 0, 0.0]","[0, 0, 0, 0.0]","[0, 0, 0, 0.0]","[0, 0, 0, 0.0]","[0, 1, 0.0, 2.44]","[0, 0, 0, 0.0]","[0, 0, 0, 0.0]","[0, 0, 0, 0.0]","[0, 0, 0, 0.0]","[0, 0, 0, 0.0]","[0, 0, 0, 0.0]","[0, 0, 0, 0.0]","[0, 0, 0, 0.0]","[0, 0, 0, 0.0]","[0, 0, 0, 0.0]","[0, 0, 0, 0.0]","[0, 0, 0, 0.0]","[0, 0, 0, 0.0]","[0, 0, 0, 0.0]","[0, 0, 0, 0.0]","[0, 0, 0, 0.0]","[0, 0, 0, 0.0]","[0, 0, 0, 0.0]","[0, 0, 0, 0.0]","[0, 0, 0, 0.0]","[0, 0, 0, 0.0]","[0, 0, 0, 0.0]","[0, 0, 0, 0.0]","[0, 0, 0, 0.0]","[0, 0, 0, 0.0]","[0, 0, 0, 0.0]","[0, 0, 0, 0.0]","[0, 0, 0, 0.0]","[0, 0, 0, 0.0]","[0, 0, 0, 0.0]","[0, 0, 0, 0.0]","[0, 0, 0, 0.0]","[0, 0, 0, 0.0]","[0, 0, 0, 0.0]","[0, 0, 0, 0.0]","[0, 0, 0, 0.0]","[0, 0, 0, 0.0]","[0, 0, 0, 0.0]","[0, 0, 0, 0.0]","[0, 0, 0, 0.0]","[0, 0, 0, 0.0]"
yasuo,"[1, 1, 100.0, 0.18]","[0, 0, 0, 0.0]","[0, 0, 0, 0.0]","[0, 0, 0, 0.0]","[0, 0, 0, 0.0]","[0, 0, 0, 0.0]","[0, 0, 0, 0.0]","[0, 0, 0, 0.0]","[0, 0, 0, 0.0]","[0, 0, 0, 0.0]","[0, 0, 0, 0.0]","[0, 0, 0, 0.0]","[0, 0, 0, 0.0]","[0, 0, 0, 0.0]","[0, 0, 0, 0.0]","[0, 0, 0, 0.0]","[0, 0, 0, 0.0]","[0, 0, 0, 0.0]","[0, 0, 0, 0.0]","[0, 0, 0, 0.0]","[0, 0, 0, 0.0]","[0, 0, 0, 0.0]","[0, 0, 0, 0.0]","[0, 0, 0, 0.0]","[0, 0, 0, 0.0]","[0, 0, 0, 0.0]","[0, 0, 0, 0.0]","[0, 0, 0, 0.0]","[0, 0, 0, 0.0]","[0, 0, 0, 0.0]","[0, 0, 0, 0.0]","[0, 0, 0, 0.0]","[0, 0, 0, 0.0]","[0, 0, 0, 0.0]","[0, 0, 0, 0.0]","[0, 0, 0, 0.0]","[0, 0, 0, 0.0]","[0, 0, 0, 0.0]","[0, 0, 0, 0.0]","[0, 0, 0, 0.0]","[0, 0, 0, 0.0]","[0, 0, 0, 0.0]","[0, 0, 0, 0.0]","[0, 0, 0, 0.0]","[0, 0, 0, 0.0]","[0, 0, 0, 0.0]","[0, 0, 0, 0.0]","[0, 0, 0, 0.0]","[0, 0, 0, 0.0]","[0, 0, 0, 0.0]","[0, 0, 0, 0.0]","[0, 0, 0, 0.0]","[0, 0, 0, 0.0]","[0, 0, 0, 0.0]","[0, 0, 0, 0.0]","[0, 0, 0, 0.0]","[0, 0, 0, 0.0]","[0, 0, 0, 0.0]","[0, 0, 0, 0.0]","[0, 0, 0, 0.0]","[1, 1, 100.0, 7.14]","[0, 0, 0, 0.0]","[0, 0, 0, 0.0]","[0, 0, 0, 0.0]","[0, 0, 0, 0.0]","[0, 0, 0, 0.0]","[0, 0, 0, 0.0]","[0, 0, 0, 0.0]","[0, 0, 0, 0.0]","[0, 0, 0, 0.0]","[0, 0, 0, 0.0]","[0, 0, 0, 0.0]"
yone,"[36, 55, 65.45, 9.87]","[0, 0, 0, 0.0]","[0, 0, 0, 0.0]","[7, 7, 100.0, 24.14]","[1, 1, 100.0, 6.25]","[0, 0, 0, 0.0]","[1, 1, 100.0, 33.33]","[0, 0, 0, 0.0]","[0, 0, 0, 0.0]","[1, 4, 25.0, 12.5]","[1, 1, 100.0, 9.09]","[0, 0, 0, 0.0]","[1, 1, 100.0, 50.0]","[0, 0, 0, 0.0]","[0, 0, 0, 0.0]","[2, 2, 100.0, 40.0]","[0, 0, 0, 0.0]","[0, 0, 0, 0.0]","[0, 0, 0, 0.0]","[0, 0, 0, 0.0]","[0, 0, 0, 0.0]","[0, 0, 0, 0.0]","[0, 0, 0, 0.0]","[0, 0, 0, 0.0]","[2, 3, 66.67, 7.5]","[0, 0, 0, 0.0]","[0, 0, 0, 0.0]","[0, 0, 0, 0.0]","[0, 1, 0.0, 100.0]","[0, 0, 0, 0.0]","[1, 3, 33.33, 7.32]","[0, 0, 0, 0.0]","[1, 1, 100.0, 11.11]","[0, 0, 0, 0.0]","[0, 1, 0.0, 100.0]","[0, 0, 0, 0.0]","[0, 0, 0, 0.0]","[0, 0, 0, 0.0]","[0, 0, 0, 0.0]","[0, 0, 0, 0.0]","[1, 2, 50.0, 11.11]","[0, 0, 0, 0.0]","[5, 11, 45.45, 17.74]","[1, 1, 100.0, 50.0]","[0, 0, 0, 0.0]","[0, 0, 0, 0.0]","[0, 0, 0, 0.0]","[0, 0, 0, 0.0]","[0, 0, 0, 0.0]","[0, 0, 0, 0.0]","[0, 0, 0, 0.0]","[0, 0, 0, 0.0]","[0, 0, 0, 0.0]","[1, 1, 100.0, 100.0]","[3, 6, 50.0, 30.0]","[1, 1, 100.0, 6.25]","[0, 0, 0, 0.0]","[1, 1, 100.0, 7.69]","[1, 2, 50.0, 8.7]","[0, 0, 0, 0.0]","[2, 2, 100.0, 14.29]","[1, 1, 100.0, 4.35]","[0, 0, 0, 0.0]","[0, 0, 0, 0.0]","[0, 0, 0, 0.0]","[0, 0, 0, 0.0]","[1, 1, 100.0, 7.69]","[0, 0, 0, 0.0]","[0, 0, 0, 0.0]","[0, 0, 0, 0.0]","[0, 0, 0, 0.0]","[0, 0, 0, 0.0]"
zed,"[1, 3, 33.33, 0.54]","[0, 0, 0, 0.0]","[0, 0, 0, 0.0]","[0, 0, 0, 0.0]","[0, 0, 0, 0.0]","[0, 0, 0, 0.0]","[0, 0, 0, 0.0]","[0, 0, 0, 0.0]","[0, 0, 0, 0.0]","[0, 0, 0, 0.0]","[0, 1, 0.0, 9.09]","[0, 0, 0, 0.0]","[0, 0, 0, 0.0]","[0, 0, 0, 0.0]","[0, 0, 0, 0.0]","[0, 0, 0, 0.0]","[0, 0, 0, 0.0]","[0, 0, 0, 0.0]","[0, 0, 0, 0.0]","[0, 0, 0, 0.0]","[0, 0, 0, 0.0]","[0, 0, 0, 0.0]","[0, 0, 0, 0.0]","[0, 0, 0, 0.0]","[0, 1, 0.0, 2.5]","[0, 0, 0, 0.0]","[0, 0, 0, 0.0]","[0, 0, 0, 0.0]","[0, 0, 0, 0.0]","[0, 0, 0, 0.0]","[0, 0, 0, 0.0]","[0, 0, 0, 0.0]","[0, 0, 0, 0.0]","[0, 0, 0, 0.0]","[0, 0, 0, 0.0]","[0, 0, 0, 0.0]","[0, 0, 0, 0.0]","[0, 0, 0, 0.0]","[0, 0, 0, 0.0]","[0, 0, 0, 0.0]","[0, 0, 0, 0.0]","[0, 0, 0, 0.0]","[0, 0, 0, 0.0]","[0, 0, 0, 0.0]","[0, 0, 0, 0.0]","[0, 0, 0, 0.0]","[1, 1, 100.0, 11.11]","[0, 0, 0, 0.0]","[0, 0, 0, 0.0]","[0, 0, 0, 0.0]","[0, 0, 0, 0.0]","[0, 0, 0, 0.0]","[0, 0, 0, 0.0]","[0, 0, 0, 0.0]","[0, 0, 0, 0.0]","[0, 0, 0, 0.0]","[0, 0, 0, 0.0]","[0, 0, 0, 0.0]","[0, 0, 0, 0.0]","[0, 0, 0, 0.0]","[0, 0, 0, 0.0]","[0, 0, 0, 0.0]","[0, 0, 0, 0.0]","[0, 0, 0, 0.0]","[0, 0, 0, 0.0]","[0, 0, 0, 0.0]","[0, 0, 0, 0.0]","[0, 0, 0, 0.0]","[0, 0, 0, 0.0]","[0, 0, 0, 0.0]","[0, 0, 0, 0.0]","[0, 0, 0, 0.0]"
zoe,"[2, 2, 100.0, 0.36]","[0, 0, 0, 0.0]","[0, 0, 0, 0.0]","[0, 0, 0, 0.0]","[0, 0, 0, 0.0]","[0, 0, 0, 0.0]","[0, 0, 0, 0.0]","[0, 0, 0, 0.0]","[0, 0, 0, 0.0]","[0, 0, 0, 0.0]","[0, 0, 0, 0.0]","[0, 0, 0, 0.0]","[0, 0, 0, 0.0]","[0, 0, 0, 0.0]","[0, 0, 0, 0.0]","[1, 1, 100.0, 20.0]","[0, 0, 0, 0.0]","[0, 0, 0, 0.0]","[0, 0, 0, 0.0]","[0, 0, 0, 0.0]","[0, 0, 0, 0.0]","[0, 0, 0, 0.0]","[0, 0, 0, 0.0]","[0, 0, 0, 0.0]","[0, 0, 0, 0.0]","[0, 0, 0, 0.0]","[0, 0, 0, 0.0]","[0, 0, 0, 0.0]","[0, 0, 0, 0.0]","[0, 0, 0, 0.0]","[0, 0, 0, 0.0]","[0, 0, 0, 0.0]","[0, 0, 0, 0.0]","[0, 0, 0, 0.0]","[0, 0, 0, 0.0]","[0, 0, 0, 0.0]","[0, 0, 0, 0.0]","[0, 0, 0, 0.0]","[0, 0, 0, 0.0]","[0, 0, 0, 0.0]","[0, 0, 0, 0.0]","[0, 0, 0, 0.0]","[0, 0, 0, 0.0]","[0, 0, 0, 0.0]","[0, 0, 0, 0.0]","[0, 0, 0, 0.0]","[0, 0, 0, 0.0]","[0, 0, 0, 0.0]","[0, 0, 0, 0.0]","[0, 0, 0, 0.0]","[0, 0, 0, 0.0]","[0, 0, 0, 0.0]","[0, 0, 0, 0.0]","[0, 0, 0, 0.0]","[0, 0, 0, 0.0]","[0, 0, 0, 0.0]","[0, 0, 0, 0.0]","[1, 1, 100.0, 7.69]","[0, 0, 0, 0.0]","[0, 0, 0, 0.0]","[0, 0, 0, 0.0]","[0, 0, 0, 0.0]","[0, 0, 0, 0.0]","[0, 0, 0, 0.0]","[0, 0, 0, 0.0]","[0, 0, 0, 0.0]","[0, 0, 0, 0.0]","[0, 0, 0, 0.0]","[0, 0, 0, 0.0]","[0, 0, 0, 0.0]","[0, 0, 0, 0.0]","[0, 0, 0, 0.0]"
