,total,alistar,annie,ashe,bard,belveth,blitzcrank,braum,fiddlesticks,galio,gragas,heimerdinger,janna,jhin,kaisa,karma,leona,lissandra,lulu,lux,maokai,milio,nami,nautilus,neeko,nidalee,poppy,pyke,rakan,rell,renata,renekton,rengar,rumble,sejuani,senna,seraphine,sett,shen,soraka,sylas,tahmkench,taric,thresh,tristana,velkoz,xayah,xerath,yuumi,zac,zed,zilean,zyra
alistar,"[28, 56, '50.00%', '11.13%']","[0, 0, 0, 0]","[0, 0, 0, 0]","[0, 0, 0, 0]","[0, 1, '0.00%', '1.39%']","[1, 1, '100.00%', '0.30%']","[2, 2, '100.00%', '0.96%']","[0, 0, 0, 0]","[0, 0, 0, 0]","[0, 0, 0, 0]","[0, 0, 0, 0]","[0, 0, 0, 0]","[0, 0, 0, 0]","[0, 0, 0, 0]","[0, 0, 0, 0]","[0, 0, 0, 0]","[0, 0, 0, 0]","[0, 0, 0, 0]","[1, 1, '100.00%', '0.75%']","[0, 0, 0, 0]","[0, 1, '0.00%', '0.36%']","[1, 1, '100.00%', '0.95%']","[0, 0, 0, 0]","[3, 5, '60.00%', '0.99%']","[0, 0, 0, 0]","[0, 0, 0, 0]","[0, 2, '0.00%', '0.77%']","[2, 3, '66.67%', '1.73%']","[8, 18, '44.44%', '4.48%']","[6, 13, '46.15%', '3.00%']","[1, 2, '50.00%', '1.03%']","[0, 0, 0, 0]","[0, 0, 0, 0]","[0, 0, 0, 0]","[0, 0, 0, 0]","[0, 0, 0, 0]","[0, 0, 0, 0]","[0, 0, 0, 0]","[0, 0, 0, 0]","[0, 0, 0, 0]","[1, 1, '100.00%', '0.77%']","[0, 0, 0, 0]","[0, 1, '0.00%', '0.30%']","[0, 0, 0, 0]","[0, 0, 0, 0]","[0, 2, '0.00%', '0.70%']","[0, 0, 0, 0]","[0, 0, 0, 0]","[0, 0, 0, 0]","[1, 1, '100.00%', '0.35%']","[1, 1, '100.00%', '0.23%']","[0, 0, 0, 0]","[0, 0, 0, 0]"
amumu,"[1, 1, '100.00%', '0.27%']","[0, 0, 0, 0]","[0, 0, 0, 0]","[0, 0, 0, 0]","[0, 0, 0, 0]","[0, 0, 0, 0]","[0, 0, 0, 0]","[0, 0, 0, 0]","[0, 0, 0, 0]","[0, 0, 0, 0]","[0, 0, 0, 0]","[0, 0, 0, 0]","[0, 0, 0, 0]","[0, 0, 0, 0]","[0, 0, 0, 0]","[0, 0, 0, 0]","[0, 0, 0, 0]","[0, 0, 0, 0]","[0, 0, 0, 0]","[0, 0, 0, 0]","[0, 0, 0, 0]","[0, 0, 0, 0]","[0, 0, 0, 0]","[1, 1, '100.00%', '0.27%']","[0, 0, 0, 0]","[0, 0, 0, 0]","[0, 0, 0, 0]","[0, 0, 0, 0]","[0, 0, 0, 0]","[0, 0, 0, 0]","[0, 0, 0, 0]","[0, 0, 0, 0]","[0, 0, 0, 0]","[0, 0, 0, 0]","[0, 0, 0, 0]","[0, 0, 0, 0]","[0, 0, 0, 0]","[0, 0, 0, 0]","[0, 0, 0, 0]","[0, 0, 0, 0]","[0, 0, 0, 0]","[0, 0, 0, 0]","[0, 0, 0, 0]","[0, 0, 0, 0]","[0, 0, 0, 0]","[0, 0, 0, 0]","[0, 0, 0, 0]","[0, 0, 0, 0]","[0, 0, 0, 0]","[0, 0, 0, 0]","[0, 0, 0, 0]","[0, 0, 0, 0]","[0, 0, 0, 0]"
annie,"[1, 1, '100.00%', '0.20%']","[0, 0, 0, 0]","[0, 0, 0, 0]","[0, 0, 0, 0]","[0, 0, 0, 0]","[0, 0, 0, 0]","[0, 0, 0, 0]","[0, 0, 0, 0]","[0, 0, 0, 0]","[0, 0, 0, 0]","[0, 0, 0, 0]","[0, 0, 0, 0]","[0, 0, 0, 0]","[0, 0, 0, 0]","[0, 0, 0, 0]","[0, 0, 0, 0]","[0, 0, 0, 0]","[0, 0, 0, 0]","[0, 0, 0, 0]","[0, 0, 0, 0]","[0, 0, 0, 0]","[0, 0, 0, 0]","[0, 0, 0, 0]","[0, 0, 0, 0]","[0, 0, 0, 0]","[0, 0, 0, 0]","[0, 0, 0, 0]","[0, 0, 0, 0]","[0, 0, 0, 0]","[0, 0, 0, 0]","[0, 0, 0, 0]","[0, 0, 0, 0]","[0, 0, 0, 0]","[0, 0, 0, 0]","[0, 0, 0, 0]","[0, 0, 0, 0]","[0, 0, 0, 0]","[0, 0, 0, 0]","[0, 0, 0, 0]","[0, 0, 0, 0]","[0, 0, 0, 0]","[0, 0, 0, 0]","[0, 0, 0, 0]","[1, 1, '100.00%', '0.20%']","[0, 0, 0, 0]","[0, 0, 0, 0]","[0, 0, 0, 0]","[0, 0, 0, 0]","[0, 0, 0, 0]","[0, 0, 0, 0]","[0, 0, 0, 0]","[0, 0, 0, 0]","[0, 0, 0, 0]"
ashe,"[13, 24, '54.17%', '4.42%']","[0, 1, '0.00%', '3.57%']","[0, 0, 0, 0]","[0, 0, 0, 0]","[1, 1, '100.00%', '1.49%']","[0, 0, 0, 0]","[0, 2, '0.00%', '1.67%']","[0, 0, 0, 0]","[0, 0, 0, 0]","[0, 0, 0, 0]","[0, 0, 0, 0]","[1, 2, '50.00%', '0.37%']","[0, 0, 0, 0]","[0, 0, 0, 0]","[0, 0, 0, 0]","[0, 0, 0, 0]","[0, 0, 0, 0]","[0, 0, 0, 0]","[0, 0, 0, 0]","[1, 1, '100.00%', '4.76%']","[1, 1, '100.00%', '0.43%']","[0, 0, 0, 0]","[0, 0, 0, 0]","[3, 4, '75.00%', '0.97%']","[0, 0, 0, 0]","[0, 0, 0, 0]","[0, 0, 0, 0]","[1, 3, '33.33%', '0.71%']","[1, 1, '100.00%', '0.51%']","[2, 4, '50.00%', '0.98%']","[1, 1, '100.00%', '2.27%']","[0, 0, 0, 0]","[0, 0, 0, 0]","[0, 0, 0, 0]","[0, 0, 0, 0]","[0, 0, 0, 0]","[0, 0, 0, 0]","[0, 0, 0, 0]","[0, 0, 0, 0]","[0, 1, '0.00%', '0.42%']","[0, 0, 0, 0]","[0, 0, 0, 0]","[0, 0, 0, 0]","[0, 0, 0, 0]","[0, 0, 0, 0]","[0, 0, 0, 0]","[0, 0, 0, 0]","[0, 0, 0, 0]","[1, 2, '50.00%', '0.42%']","[0, 0, 0, 0]","[0, 0, 0, 0]","[0, 0, 0, 0]","[0, 0, 0, 0]"
bard,"[9, 16, '56.25%', '4.62%']","[0, 0, 0, 0]","[0, 0, 0, 0]","[0, 0, 0, 0]","[0, 0, 0, 0]","[0, 0, 0, 0]","[0, 1, '0.00%', '0.46%']","[0, 0, 0, 0]","[0, 0, 0, 0]","[0, 0, 0, 0]","[0, 0, 0, 0]","[0, 0, 0, 0]","[0, 0, 0, 0]","[0, 0, 0, 0]","[0, 0, 0, 0]","[0, 0, 0, 0]","[0, 0, 0, 0]","[0, 0, 0, 0]","[0, 0, 0, 0]","[0, 0, 0, 0]","[0, 0, 0, 0]","[0, 0, 0, 0]","[0, 0, 0, 0]","[0, 1, '0.00%', '1.61%']","[0, 0, 0, 0]","[0, 0, 0, 0]","[0, 0, 0, 0]","[1, 2, '50.00%', '2.82%']","[0, 0, 0, 0]","[3, 5, '60.00%', '1.45%']","[2, 3, '66.67%', '20.00%']","[0, 0, 0, 0]","[1, 1, '100.00%', '12.50%']","[0, 0, 0, 0]","[0, 0, 0, 0]","[0, 0, 0, 0]","[0, 0, 0, 0]","[0, 0, 0, 0]","[0, 0, 0, 0]","[0, 1, '0.00%', '0.32%']","[0, 0, 0, 0]","[0, 0, 0, 0]","[0, 0, 0, 0]","[1, 1, '100.00%', '5.26%']","[0, 0, 0, 0]","[0, 0, 0, 0]","[0, 0, 0, 0]","[0, 0, 0, 0]","[1, 1, '100.00%', '4.35%']","[0, 0, 0, 0]","[0, 0, 0, 0]","[0, 0, 0, 0]","[0, 0, 0, 0]"
belveth,"[0, 1, '0.00%', '0.27%']","[0, 0, 0, 0]","[0, 0, 0, 0]","[0, 0, 0, 0]","[0, 0, 0, 0]","[0, 0, 0, 0]","[0, 0, 0, 0]","[0, 0, 0, 0]","[0, 0, 0, 0]","[0, 0, 0, 0]","[0, 0, 0, 0]","[0, 0, 0, 0]","[0, 0, 0, 0]","[0, 0, 0, 0]","[0, 0, 0, 0]","[0, 0, 0, 0]","[0, 0, 0, 0]","[0, 0, 0, 0]","[0, 0, 0, 0]","[0, 0, 0, 0]","[0, 1, '0.00%', '0.27%']","[0, 0, 0, 0]","[0, 0, 0, 0]","[0, 0, 0, 0]","[0, 0, 0, 0]","[0, 0, 0, 0]","[0, 0, 0, 0]","[0, 0, 0, 0]","[0, 0, 0, 0]","[0, 0, 0, 0]","[0, 0, 0, 0]","[0, 0, 0, 0]","[0, 0, 0, 0]","[0, 0, 0, 0]","[0, 0, 0, 0]","[0, 0, 0, 0]","[0, 0, 0, 0]","[0, 0, 0, 0]","[0, 0, 0, 0]","[0, 0, 0, 0]","[0, 0, 0, 0]","[0, 0, 0, 0]","[0, 0, 0, 0]","[0, 0, 0, 0]","[0, 0, 0, 0]","[0, 0, 0, 0]","[0, 0, 0, 0]","[0, 0, 0, 0]","[0, 0, 0, 0]","[0, 0, 0, 0]","[0, 0, 0, 0]","[0, 0, 0, 0]","[0, 0, 0, 0]"
blitzcrank,"[7, 11, '63.64%', '1.94%']","[0, 0, 0, 0]","[0, 0, 0, 0]","[1, 1, '100.00%', '3.33%']","[0, 0, 0, 0]","[0, 0, 0, 0]","[0, 0, 0, 0]","[0, 1, '0.00%', '0.18%']","[0, 0, 0, 0]","[0, 0, 0, 0]","[0, 0, 0, 0]","[0, 0, 0, 0]","[0, 0, 0, 0]","[0, 0, 0, 0]","[0, 0, 0, 0]","[0, 0, 0, 0]","[0, 0, 0, 0]","[0, 0, 0, 0]","[0, 0, 0, 0]","[0, 0, 0, 0]","[0, 0, 0, 0]","[1, 1, '100.00%', '0.21%']","[0, 0, 0, 0]","[2, 2, '100.00%', '0.35%']","[0, 0, 0, 0]","[0, 0, 0, 0]","[0, 0, 0, 0]","[0, 0, 0, 0]","[1, 2, '50.00%', '0.52%']","[2, 2, '100.00%', '0.49%']","[0, 0, 0, 0]","[0, 0, 0, 0]","[0, 0, 0, 0]","[0, 0, 0, 0]","[0, 0, 0, 0]","[0, 0, 0, 0]","[0, 0, 0, 0]","[0, 0, 0, 0]","[0, 0, 0, 0]","[0, 0, 0, 0]","[0, 0, 0, 0]","[0, 1, '0.00%', '1.54%']","[0, 0, 0, 0]","[0, 1, '0.00%', '0.38%']","[0, 0, 0, 0]","[0, 0, 0, 0]","[0, 0, 0, 0]","[0, 0, 0, 0]","[0, 0, 0, 0]","[0, 0, 0, 0]","[0, 0, 0, 0]","[0, 0, 0, 0]","[0, 0, 0, 0]"
brand,"[1, 2, '50.00%', '1.24%']","[0, 0, 0, 0]","[0, 0, 0, 0]","[0, 0, 0, 0]","[0, 0, 0, 0]","[0, 0, 0, 0]","[0, 0, 0, 0]","[0, 0, 0, 0]","[0, 0, 0, 0]","[0, 0, 0, 0]","[0, 0, 0, 0]","[0, 0, 0, 0]","[0, 0, 0, 0]","[0, 0, 0, 0]","[0, 0, 0, 0]","[1, 1, '100.00%', '0.62%']","[0, 0, 0, 0]","[0, 0, 0, 0]","[0, 0, 0, 0]","[0, 0, 0, 0]","[0, 0, 0, 0]","[0, 0, 0, 0]","[0, 0, 0, 0]","[0, 0, 0, 0]","[0, 0, 0, 0]","[0, 0, 0, 0]","[0, 0, 0, 0]","[0, 0, 0, 0]","[0, 0, 0, 0]","[0, 1, '0.00%', '0.66%']","[0, 0, 0, 0]","[0, 0, 0, 0]","[0, 0, 0, 0]","[0, 0, 0, 0]","[0, 0, 0, 0]","[0, 0, 0, 0]","[0, 0, 0, 0]","[0, 0, 0, 0]","[0, 0, 0, 0]","[0, 0, 0, 0]","[0, 0, 0, 0]","[0, 0, 0, 0]","[0, 0, 0, 0]","[0, 0, 0, 0]","[0, 0, 0, 0]","[0, 0, 0, 0]","[0, 0, 0, 0]","[0, 0, 0, 0]","[0, 0, 0, 0]","[0, 0, 0, 0]","[0, 0, 0, 0]","[0, 0, 0, 0]","[0, 0, 0, 0]"
braum,"[4, 6, '66.67%', '1.46%']","[0, 0, 0, 0]","[0, 0, 0, 0]","[0, 0, 0, 0]","[0, 0, 0, 0]","[0, 0, 0, 0]","[0, 0, 0, 0]","[0, 0, 0, 0]","[0, 0, 0, 0]","[0, 0, 0, 0]","[0, 0, 0, 0]","[0, 0, 0, 0]","[0, 0, 0, 0]","[0, 0, 0, 0]","[0, 0, 0, 0]","[0, 0, 0, 0]","[0, 0, 0, 0]","[0, 0, 0, 0]","[0, 0, 0, 0]","[0, 0, 0, 0]","[0, 0, 0, 0]","[0, 0, 0, 0]","[0, 0, 0, 0]","[4, 5, '80.00%', '1.22%']","[0, 0, 0, 0]","[0, 0, 0, 0]","[0, 0, 0, 0]","[0, 0, 0, 0]","[0, 0, 0, 0]","[0, 1, '0.00%', '0.26%']","[0, 0, 0, 0]","[0, 0, 0, 0]","[0, 0, 0, 0]","[0, 0, 0, 0]","[0, 0, 0, 0]","[0, 0, 0, 0]","[0, 0, 0, 0]","[0, 0, 0, 0]","[0, 0, 0, 0]","[0, 0, 0, 0]","[0, 0, 0, 0]","[0, 0, 0, 0]","[0, 0, 0, 0]","[0, 0, 0, 0]","[0, 0, 0, 0]","[0, 0, 0, 0]","[0, 0, 0, 0]","[0, 0, 0, 0]","[0, 0, 0, 0]","[0, 0, 0, 0]","[0, 0, 0, 0]","[0, 0, 0, 0]","[0, 0, 0, 0]"
caitlyn,"[5, 9, '55.56%', '1.78%']","[0, 0, 0, 0]","[0, 0, 0, 0]","[0, 0, 0, 0]","[0, 0, 0, 0]","[0, 0, 0, 0]","[1, 2, '50.00%', '0.39%']","[0, 0, 0, 0]","[0, 0, 0, 0]","[0, 0, 0, 0]","[0, 0, 0, 0]","[0, 0, 0, 0]","[0, 0, 0, 0]","[0, 0, 0, 0]","[0, 0, 0, 0]","[0, 0, 0, 0]","[0, 0, 0, 0]","[0, 0, 0, 0]","[0, 0, 0, 0]","[0, 0, 0, 0]","[0, 0, 0, 0]","[1, 1, '100.00%', '7.69%']","[0, 1, '0.00%', '0.21%']","[0, 0, 0, 0]","[0, 0, 0, 0]","[0, 0, 0, 0]","[0, 0, 0, 0]","[0, 0, 0, 0]","[2, 2, '100.00%', '1.29%']","[0, 0, 0, 0]","[0, 0, 0, 0]","[0, 0, 0, 0]","[0, 0, 0, 0]","[0, 0, 0, 0]","[0, 0, 0, 0]","[0, 1, '0.00%', '1.89%']","[0, 1, '0.00%', '0.90%']","[0, 0, 0, 0]","[0, 0, 0, 0]","[0, 0, 0, 0]","[0, 0, 0, 0]","[0, 0, 0, 0]","[1, 1, '100.00%', '20.00%']","[0, 0, 0, 0]","[0, 0, 0, 0]","[0, 0, 0, 0]","[0, 0, 0, 0]","[0, 0, 0, 0]","[0, 0, 0, 0]","[0, 0, 0, 0]","[0, 0, 0, 0]","[0, 0, 0, 0]","[0, 0, 0, 0]"
elise,"[0, 1, '0.00%', '1.23%']","[0, 0, 0, 0]","[0, 0, 0, 0]","[0, 0, 0, 0]","[0, 0, 0, 0]","[0, 0, 0, 0]","[0, 0, 0, 0]","[0, 0, 0, 0]","[0, 0, 0, 0]","[0, 0, 0, 0]","[0, 0, 0, 0]","[0, 0, 0, 0]","[0, 0, 0, 0]","[0, 0, 0, 0]","[0, 0, 0, 0]","[0, 0, 0, 0]","[0, 0, 0, 0]","[0, 0, 0, 0]","[0, 0, 0, 0]","[0, 0, 0, 0]","[0, 0, 0, 0]","[0, 0, 0, 0]","[0, 0, 0, 0]","[0, 0, 0, 0]","[0, 0, 0, 0]","[0, 0, 0, 0]","[0, 0, 0, 0]","[0, 0, 0, 0]","[0, 0, 0, 0]","[0, 0, 0, 0]","[0, 0, 0, 0]","[0, 0, 0, 0]","[0, 0, 0, 0]","[0, 0, 0, 0]","[0, 0, 0, 0]","[0, 0, 0, 0]","[0, 0, 0, 0]","[0, 0, 0, 0]","[0, 0, 0, 0]","[0, 0, 0, 0]","[0, 0, 0, 0]","[0, 0, 0, 0]","[0, 1, '0.00%', '1.23%']","[0, 0, 0, 0]","[0, 0, 0, 0]","[0, 0, 0, 0]","[0, 0, 0, 0]","[0, 0, 0, 0]","[0, 0, 0, 0]","[0, 0, 0, 0]","[0, 0, 0, 0]","[0, 0, 0, 0]","[0, 0, 0, 0]"
galio,"[2, 2, '100.00%', '0.52%']","[1, 1, '100.00%', '0.26%']","[0, 0, 0, 0]","[0, 0, 0, 0]","[0, 0, 0, 0]","[0, 0, 0, 0]","[0, 0, 0, 0]","[0, 0, 0, 0]","[0, 0, 0, 0]","[0, 0, 0, 0]","[0, 0, 0, 0]","[0, 0, 0, 0]","[0, 0, 0, 0]","[0, 0, 0, 0]","[0, 0, 0, 0]","[0, 0, 0, 0]","[0, 0, 0, 0]","[0, 0, 0, 0]","[0, 0, 0, 0]","[0, 0, 0, 0]","[0, 0, 0, 0]","[0, 0, 0, 0]","[0, 0, 0, 0]","[0, 0, 0, 0]","[0, 0, 0, 0]","[0, 0, 0, 0]","[0, 0, 0, 0]","[0, 0, 0, 0]","[1, 1, '100.00%', '0.26%']","[0, 0, 0, 0]","[0, 0, 0, 0]","[0, 0, 0, 0]","[0, 0, 0, 0]","[0, 0, 0, 0]","[0, 0, 0, 0]","[0, 0, 0, 0]","[0, 0, 0, 0]","[0, 0, 0, 0]","[0, 0, 0, 0]","[0, 0, 0, 0]","[0, 0, 0, 0]","[0, 0, 0, 0]","[0, 0, 0, 0]","[0, 0, 0, 0]","[0, 0, 0, 0]","[0, 0, 0, 0]","[0, 0, 0, 0]","[0, 0, 0, 0]","[0, 0, 0, 0]","[0, 0, 0, 0]","[0, 0, 0, 0]","[0, 0, 0, 0]","[0, 0, 0, 0]"
gragas,"[8, 10, '80.00%', '1.89%']","[1, 1, '100.00%', '1.85%']","[0, 0, 0, 0]","[0, 0, 0, 0]","[0, 0, 0, 0]","[0, 0, 0, 0]","[0, 0, 0, 0]","[0, 0, 0, 0]","[0, 0, 0, 0]","[0, 0, 0, 0]","[0, 0, 0, 0]","[0, 0, 0, 0]","[0, 0, 0, 0]","[0, 0, 0, 0]","[0, 0, 0, 0]","[0, 0, 0, 0]","[0, 0, 0, 0]","[0, 0, 0, 0]","[0, 0, 0, 0]","[0, 0, 0, 0]","[0, 0, 0, 0]","[0, 0, 0, 0]","[0, 0, 0, 0]","[0, 0, 0, 0]","[0, 0, 0, 0]","[0, 0, 0, 0]","[0, 0, 0, 0]","[0, 0, 0, 0]","[0, 1, '0.00%', '0.19%']","[6, 7, '85.71%', '1.65%']","[0, 0, 0, 0]","[0, 0, 0, 0]","[0, 0, 0, 0]","[0, 0, 0, 0]","[0, 0, 0, 0]","[0, 0, 0, 0]","[0, 0, 0, 0]","[0, 0, 0, 0]","[0, 0, 0, 0]","[0, 0, 0, 0]","[0, 0, 0, 0]","[0, 0, 0, 0]","[0, 0, 0, 0]","[0, 0, 0, 0]","[0, 0, 0, 0]","[0, 0, 0, 0]","[1, 1, '100.00%', '0.57%']","[0, 0, 0, 0]","[0, 0, 0, 0]","[0, 0, 0, 0]","[0, 0, 0, 0]","[0, 0, 0, 0]","[0, 0, 0, 0]"
heimerdinger,"[1, 4, '25.00%', '0.94%']","[0, 0, 0, 0]","[0, 0, 0, 0]","[0, 0, 0, 0]","[0, 0, 0, 0]","[0, 0, 0, 0]","[0, 0, 0, 0]","[0, 0, 0, 0]","[0, 0, 0, 0]","[0, 0, 0, 0]","[0, 0, 0, 0]","[0, 0, 0, 0]","[0, 0, 0, 0]","[0, 1, '0.00%', '0.24%']","[0, 0, 0, 0]","[0, 0, 0, 0]","[0, 0, 0, 0]","[0, 0, 0, 0]","[0, 0, 0, 0]","[0, 0, 0, 0]","[0, 0, 0, 0]","[0, 0, 0, 0]","[0, 0, 0, 0]","[1, 1, '100.00%', '0.25%']","[0, 0, 0, 0]","[0, 0, 0, 0]","[0, 0, 0, 0]","[0, 0, 0, 0]","[0, 2, '0.00%', '0.47%']","[0, 0, 0, 0]","[0, 0, 0, 0]","[0, 0, 0, 0]","[0, 0, 0, 0]","[0, 0, 0, 0]","[0, 0, 0, 0]","[0, 0, 0, 0]","[0, 0, 0, 0]","[0, 0, 0, 0]","[0, 0, 0, 0]","[0, 0, 0, 0]","[0, 0, 0, 0]","[0, 0, 0, 0]","[0, 0, 0, 0]","[0, 0, 0, 0]","[0, 0, 0, 0]","[0, 0, 0, 0]","[0, 0, 0, 0]","[0, 0, 0, 0]","[0, 0, 0, 0]","[0, 0, 0, 0]","[0, 0, 0, 0]","[0, 0, 0, 0]","[0, 0, 0, 0]"
hwei,"[3, 4, '75.00%', '33.33%']","[0, 0, 0, 0]","[0, 0, 0, 0]","[0, 0, 0, 0]","[0, 0, 0, 0]","[0, 0, 0, 0]","[0, 1, '0.00%', '9.09%']","[0, 0, 0, 0]","[0, 0, 0, 0]","[0, 0, 0, 0]","[0, 0, 0, 0]","[0, 0, 0, 0]","[0, 0, 0, 0]","[0, 0, 0, 0]","[0, 0, 0, 0]","[0, 0, 0, 0]","[0, 0, 0, 0]","[0, 0, 0, 0]","[0, 0, 0, 0]","[0, 0, 0, 0]","[0, 0, 0, 0]","[0, 0, 0, 0]","[0, 0, 0, 0]","[1, 1, '100.00%', '16.67%']","[0, 0, 0, 0]","[0, 0, 0, 0]","[0, 0, 0, 0]","[0, 0, 0, 0]","[1, 1, '100.00%', '10.00%']","[0, 0, 0, 0]","[1, 1, '100.00%', '8.33%']","[0, 0, 0, 0]","[0, 0, 0, 0]","[0, 0, 0, 0]","[0, 0, 0, 0]","[0, 0, 0, 0]","[0, 0, 0, 0]","[0, 0, 0, 0]","[0, 0, 0, 0]","[0, 0, 0, 0]","[0, 0, 0, 0]","[0, 0, 0, 0]","[0, 0, 0, 0]","[0, 0, 0, 0]","[0, 0, 0, 0]","[0, 0, 0, 0]","[0, 0, 0, 0]","[0, 0, 0, 0]","[0, 0, 0, 0]","[0, 0, 0, 0]","[0, 0, 0, 0]","[0, 0, 0, 0]","[0, 0, 0, 0]"
janna,"[1, 1, '100.00%', '0.21%']","[0, 0, 0, 0]","[0, 0, 0, 0]","[0, 0, 0, 0]","[0, 0, 0, 0]","[0, 0, 0, 0]","[0, 0, 0, 0]","[0, 0, 0, 0]","[0, 0, 0, 0]","[0, 0, 0, 0]","[0, 0, 0, 0]","[0, 0, 0, 0]","[0, 0, 0, 0]","[0, 0, 0, 0]","[0, 0, 0, 0]","[0, 0, 0, 0]","[0, 0, 0, 0]","[0, 0, 0, 0]","[0, 0, 0, 0]","[0, 0, 0, 0]","[0, 0, 0, 0]","[0, 0, 0, 0]","[0, 0, 0, 0]","[0, 0, 0, 0]","[0, 0, 0, 0]","[0, 0, 0, 0]","[0, 0, 0, 0]","[0, 0, 0, 0]","[1, 1, '100.00%', '0.21%']","[0, 0, 0, 0]","[0, 0, 0, 0]","[0, 0, 0, 0]","[0, 0, 0, 0]","[0, 0, 0, 0]","[0, 0, 0, 0]","[0, 0, 0, 0]","[0, 0, 0, 0]","[0, 0, 0, 0]","[0, 0, 0, 0]","[0, 0, 0, 0]","[0, 0, 0, 0]","[0, 0, 0, 0]","[0, 0, 0, 0]","[0, 0, 0, 0]","[0, 0, 0, 0]","[0, 0, 0, 0]","[0, 0, 0, 0]","[0, 0, 0, 0]","[0, 0, 0, 0]","[0, 0, 0, 0]","[0, 0, 0, 0]","[0, 0, 0, 0]","[0, 0, 0, 0]"
jhin,"[1, 2, '50.00%', '0.37%']","[0, 0, 0, 0]","[0, 0, 0, 0]","[0, 0, 0, 0]","[0, 0, 0, 0]","[0, 0, 0, 0]","[0, 0, 0, 0]","[0, 0, 0, 0]","[0, 0, 0, 0]","[0, 0, 0, 0]","[0, 0, 0, 0]","[1, 1, '100.00%', '0.18%']","[0, 0, 0, 0]","[0, 0, 0, 0]","[0, 0, 0, 0]","[0, 0, 0, 0]","[0, 0, 0, 0]","[0, 0, 0, 0]","[0, 0, 0, 0]","[0, 0, 0, 0]","[0, 0, 0, 0]","[0, 0, 0, 0]","[0, 0, 0, 0]","[0, 0, 0, 0]","[0, 0, 0, 0]","[0, 0, 0, 0]","[0, 0, 0, 0]","[0, 0, 0, 0]","[0, 0, 0, 0]","[0, 0, 0, 0]","[0, 0, 0, 0]","[0, 0, 0, 0]","[0, 0, 0, 0]","[0, 0, 0, 0]","[0, 0, 0, 0]","[0, 0, 0, 0]","[0, 0, 0, 0]","[0, 1, '0.00%', '2.04%']","[0, 0, 0, 0]","[0, 0, 0, 0]","[0, 0, 0, 0]","[0, 0, 0, 0]","[0, 0, 0, 0]","[0, 0, 0, 0]","[0, 0, 0, 0]","[0, 0, 0, 0]","[0, 0, 0, 0]","[0, 0, 0, 0]","[0, 0, 0, 0]","[0, 0, 0, 0]","[0, 0, 0, 0]","[0, 0, 0, 0]","[0, 0, 0, 0]"
kaisa,"[0, 1, '0.00%', '0.22%']","[0, 0, 0, 0]","[0, 0, 0, 0]","[0, 0, 0, 0]","[0, 0, 0, 0]","[0, 0, 0, 0]","[0, 0, 0, 0]","[0, 0, 0, 0]","[0, 0, 0, 0]","[0, 0, 0, 0]","[0, 0, 0, 0]","[0, 0, 0, 0]","[0, 0, 0, 0]","[0, 0, 0, 0]","[0, 0, 0, 0]","[0, 0, 0, 0]","[0, 0, 0, 0]","[0, 0, 0, 0]","[0, 0, 0, 0]","[0, 0, 0, 0]","[0, 0, 0, 0]","[0, 0, 0, 0]","[0, 0, 0, 0]","[0, 0, 0, 0]","[0, 0, 0, 0]","[0, 0, 0, 0]","[0, 0, 0, 0]","[0, 0, 0, 0]","[0, 1, '0.00%', '0.22%']","[0, 0, 0, 0]","[0, 0, 0, 0]","[0, 0, 0, 0]","[0, 0, 0, 0]","[0, 0, 0, 0]","[0, 0, 0, 0]","[0, 0, 0, 0]","[0, 0, 0, 0]","[0, 0, 0, 0]","[0, 0, 0, 0]","[0, 0, 0, 0]","[0, 0, 0, 0]","[0, 0, 0, 0]","[0, 0, 0, 0]","[0, 0, 0, 0]","[0, 0, 0, 0]","[0, 0, 0, 0]","[0, 0, 0, 0]","[0, 0, 0, 0]","[0, 0, 0, 0]","[0, 0, 0, 0]","[0, 0, 0, 0]","[0, 0, 0, 0]","[0, 0, 0, 0]"
kalista,"[2, 4, '50.00%', '0.79%']","[0, 1, '0.00%', '1.25%']","[0, 0, 0, 0]","[0, 1, '0.00%', '0.20%']","[0, 0, 0, 0]","[0, 0, 0, 0]","[0, 0, 0, 0]","[0, 0, 0, 0]","[0, 0, 0, 0]","[0, 0, 0, 0]","[0, 0, 0, 0]","[0, 0, 0, 0]","[0, 0, 0, 0]","[1, 1, '100.00%', '3.03%']","[0, 0, 0, 0]","[0, 0, 0, 0]","[0, 0, 0, 0]","[0, 0, 0, 0]","[0, 0, 0, 0]","[0, 0, 0, 0]","[0, 0, 0, 0]","[0, 0, 0, 0]","[0, 0, 0, 0]","[0, 0, 0, 0]","[0, 0, 0, 0]","[0, 0, 0, 0]","[0, 0, 0, 0]","[0, 0, 0, 0]","[0, 0, 0, 0]","[1, 1, '100.00%', '1.72%']","[0, 0, 0, 0]","[0, 0, 0, 0]","[0, 0, 0, 0]","[0, 0, 0, 0]","[0, 0, 0, 0]","[0, 0, 0, 0]","[0, 0, 0, 0]","[0, 0, 0, 0]","[0, 0, 0, 0]","[0, 0, 0, 0]","[0, 0, 0, 0]","[0, 0, 0, 0]","[0, 0, 0, 0]","[0, 0, 0, 0]","[0, 0, 0, 0]","[0, 0, 0, 0]","[0, 0, 0, 0]","[0, 0, 0, 0]","[0, 0, 0, 0]","[0, 0, 0, 0]","[0, 0, 0, 0]","[0, 0, 0, 0]","[0, 0, 0, 0]"
karma,"[9, 10, '90.00%', '1.89%']","[0, 1, '0.00%', '0.26%']","[0, 0, 0, 0]","[0, 0, 0, 0]","[0, 0, 0, 0]","[0, 0, 0, 0]","[2, 2, '100.00%', '0.61%']","[0, 0, 0, 0]","[0, 0, 0, 0]","[0, 0, 0, 0]","[0, 0, 0, 0]","[0, 0, 0, 0]","[0, 0, 0, 0]","[0, 0, 0, 0]","[0, 0, 0, 0]","[0, 0, 0, 0]","[0, 0, 0, 0]","[0, 0, 0, 0]","[0, 0, 0, 0]","[0, 0, 0, 0]","[0, 0, 0, 0]","[1, 1, '100.00%', '0.19%']","[0, 0, 0, 0]","[1, 1, '100.00%', '0.56%']","[0, 0, 0, 0]","[0, 0, 0, 0]","[0, 0, 0, 0]","[1, 1, '100.00%', '0.40%']","[1, 1, '100.00%', '1.22%']","[0, 0, 0, 0]","[0, 0, 0, 0]","[0, 0, 0, 0]","[0, 0, 0, 0]","[0, 0, 0, 0]","[1, 1, '100.00%', '2.86%']","[0, 0, 0, 0]","[0, 0, 0, 0]","[0, 0, 0, 0]","[0, 0, 0, 0]","[0, 0, 0, 0]","[0, 0, 0, 0]","[0, 0, 0, 0]","[0, 0, 0, 0]","[2, 2, '100.00%', '1.00%']","[0, 0, 0, 0]","[0, 0, 0, 0]","[0, 0, 0, 0]","[0, 0, 0, 0]","[0, 0, 0, 0]","[0, 0, 0, 0]","[0, 0, 0, 0]","[0, 0, 0, 0]","[0, 0, 0, 0]"
ksante,"[0, 1, '0.00%', '0.27%']","[0, 0, 0, 0]","[0, 0, 0, 0]","[0, 0, 0, 0]","[0, 0, 0, 0]","[0, 0, 0, 0]","[0, 0, 0, 0]","[0, 0, 0, 0]","[0, 0, 0, 0]","[0, 0, 0, 0]","[0, 0, 0, 0]","[0, 0, 0, 0]","[0, 0, 0, 0]","[0, 0, 0, 0]","[0, 0, 0, 0]","[0, 0, 0, 0]","[0, 0, 0, 0]","[0, 0, 0, 0]","[0, 0, 0, 0]","[0, 0, 0, 0]","[0, 0, 0, 0]","[0, 0, 0, 0]","[0, 0, 0, 0]","[0, 0, 0, 0]","[0, 0, 0, 0]","[0, 0, 0, 0]","[0, 0, 0, 0]","[0, 0, 0, 0]","[0, 0, 0, 0]","[0, 1, '0.00%', '0.27%']","[0, 0, 0, 0]","[0, 0, 0, 0]","[0, 0, 0, 0]","[0, 0, 0, 0]","[0, 0, 0, 0]","[0, 0, 0, 0]","[0, 0, 0, 0]","[0, 0, 0, 0]","[0, 0, 0, 0]","[0, 0, 0, 0]","[0, 0, 0, 0]","[0, 0, 0, 0]","[0, 0, 0, 0]","[0, 0, 0, 0]","[0, 0, 0, 0]","[0, 0, 0, 0]","[0, 0, 0, 0]","[0, 0, 0, 0]","[0, 0, 0, 0]","[0, 0, 0, 0]","[0, 0, 0, 0]","[0, 0, 0, 0]","[0, 0, 0, 0]"
leona,"[4, 11, '36.36%', '2.52%']","[0, 0, 0, 0]","[0, 0, 0, 0]","[0, 0, 0, 0]","[0, 0, 0, 0]","[0, 1, '0.00%', '0.30%']","[1, 1, '100.00%', '0.84%']","[0, 0, 0, 0]","[0, 0, 0, 0]","[0, 0, 0, 0]","[0, 0, 0, 0]","[0, 0, 0, 0]","[0, 0, 0, 0]","[0, 0, 0, 0]","[0, 0, 0, 0]","[0, 0, 0, 0]","[0, 0, 0, 0]","[0, 0, 0, 0]","[0, 0, 0, 0]","[0, 0, 0, 0]","[0, 0, 0, 0]","[0, 0, 0, 0]","[0, 0, 0, 0]","[1, 1, '100.00%', '0.24%']","[0, 0, 0, 0]","[0, 0, 0, 0]","[0, 0, 0, 0]","[0, 0, 0, 0]","[2, 3, '66.67%', '0.69%']","[0, 4, '0.00%', '1.60%']","[0, 0, 0, 0]","[0, 0, 0, 0]","[0, 0, 0, 0]","[0, 1, '0.00%', '0.59%']","[0, 0, 0, 0]","[0, 0, 0, 0]","[0, 0, 0, 0]","[0, 0, 0, 0]","[0, 0, 0, 0]","[0, 0, 0, 0]","[0, 0, 0, 0]","[0, 0, 0, 0]","[0, 0, 0, 0]","[0, 0, 0, 0]","[0, 0, 0, 0]","[0, 0, 0, 0]","[0, 0, 0, 0]","[0, 0, 0, 0]","[0, 0, 0, 0]","[0, 0, 0, 0]","[0, 0, 0, 0]","[0, 0, 0, 0]","[0, 0, 0, 0]"
lissandra,"[1, 2, '50.00%', '1.35%']","[0, 0, 0, 0]","[0, 0, 0, 0]","[0, 0, 0, 0]","[0, 0, 0, 0]","[0, 0, 0, 0]","[0, 0, 0, 0]","[0, 1, '0.00%', '1.20%']","[0, 0, 0, 0]","[0, 0, 0, 0]","[0, 0, 0, 0]","[0, 0, 0, 0]","[0, 0, 0, 0]","[0, 0, 0, 0]","[0, 0, 0, 0]","[0, 0, 0, 0]","[0, 0, 0, 0]","[0, 0, 0, 0]","[0, 0, 0, 0]","[0, 0, 0, 0]","[0, 0, 0, 0]","[0, 0, 0, 0]","[0, 0, 0, 0]","[0, 0, 0, 0]","[0, 0, 0, 0]","[0, 0, 0, 0]","[0, 0, 0, 0]","[0, 0, 0, 0]","[1, 1, '100.00%', '0.68%']","[0, 0, 0, 0]","[0, 0, 0, 0]","[0, 0, 0, 0]","[0, 0, 0, 0]","[0, 0, 0, 0]","[0, 0, 0, 0]","[0, 0, 0, 0]","[0, 0, 0, 0]","[0, 0, 0, 0]","[0, 0, 0, 0]","[0, 0, 0, 0]","[0, 0, 0, 0]","[0, 0, 0, 0]","[0, 0, 0, 0]","[0, 0, 0, 0]","[0, 0, 0, 0]","[0, 0, 0, 0]","[0, 0, 0, 0]","[0, 0, 0, 0]","[0, 0, 0, 0]","[0, 0, 0, 0]","[0, 0, 0, 0]","[0, 0, 0, 0]","[0, 0, 0, 0]"
lulu,"[13, 21, '61.90%', '3.86%']","[1, 1, '100.00%', '0.74%']","[0, 0, 0, 0]","[0, 0, 0, 0]","[0, 0, 0, 0]","[0, 0, 0, 0]","[0, 0, 0, 0]","[0, 0, 0, 0]","[0, 0, 0, 0]","[0, 0, 0, 0]","[0, 0, 0, 0]","[0, 0, 0, 0]","[0, 0, 0, 0]","[0, 0, 0, 0]","[0, 0, 0, 0]","[1, 1, '100.00%', '0.44%']","[0, 0, 0, 0]","[0, 0, 0, 0]","[0, 0, 0, 0]","[0, 0, 0, 0]","[0, 0, 0, 0]","[2, 2, '100.00%', '0.40%']","[0, 0, 0, 0]","[1, 2, '50.00%', '0.38%']","[0, 0, 0, 0]","[0, 0, 0, 0]","[0, 0, 0, 0]","[1, 1, '100.00%', '0.21%']","[3, 8, '37.50%', '1.70%']","[1, 1, '100.00%', '0.22%']","[0, 0, 0, 0]","[0, 0, 0, 0]","[0, 0, 0, 0]","[0, 0, 0, 0]","[0, 0, 0, 0]","[0, 0, 0, 0]","[0, 0, 0, 0]","[0, 0, 0, 0]","[0, 0, 0, 0]","[0, 0, 0, 0]","[0, 0, 0, 0]","[0, 1, '0.00%', '1.14%']","[0, 0, 0, 0]","[1, 1, '100.00%', '0.18%']","[0, 0, 0, 0]","[0, 0, 0, 0]","[0, 0, 0, 0]","[0, 0, 0, 0]","[2, 3, '66.67%', '0.56%']","[0, 0, 0, 0]","[0, 0, 0, 0]","[0, 0, 0, 0]","[0, 0, 0, 0]"
lux,"[3, 7, '42.86%', '2.05%']","[0, 0, 0, 0]","[0, 0, 0, 0]","[0, 1, '0.00%', '25.00%']","[0, 0, 0, 0]","[0, 0, 0, 0]","[1, 2, '50.00%', '0.59%']","[0, 0, 0, 0]","[0, 0, 0, 0]","[0, 0, 0, 0]","[0, 0, 0, 0]","[0, 0, 0, 0]","[0, 0, 0, 0]","[0, 0, 0, 0]","[0, 0, 0, 0]","[0, 1, '0.00%', '3.45%']","[0, 0, 0, 0]","[0, 0, 0, 0]","[0, 0, 0, 0]","[0, 0, 0, 0]","[0, 0, 0, 0]","[0, 0, 0, 0]","[0, 0, 0, 0]","[0, 0, 0, 0]","[0, 0, 0, 0]","[0, 0, 0, 0]","[0, 0, 0, 0]","[1, 1, '100.00%', '0.55%']","[1, 1, '100.00%', '1.47%']","[0, 0, 0, 0]","[0, 0, 0, 0]","[0, 0, 0, 0]","[0, 0, 0, 0]","[0, 0, 0, 0]","[0, 0, 0, 0]","[0, 0, 0, 0]","[0, 0, 0, 0]","[0, 0, 0, 0]","[0, 0, 0, 0]","[0, 0, 0, 0]","[0, 0, 0, 0]","[0, 0, 0, 0]","[0, 0, 0, 0]","[0, 1, '0.00%', '0.38%']","[0, 0, 0, 0]","[0, 0, 0, 0]","[0, 0, 0, 0]","[0, 0, 0, 0]","[0, 0, 0, 0]","[0, 0, 0, 0]","[0, 0, 0, 0]","[0, 0, 0, 0]","[0, 0, 0, 0]"
maokai,"[2, 5, '40.00%', '1.47%']","[0, 0, 0, 0]","[0, 0, 0, 0]","[0, 0, 0, 0]","[0, 1, '0.00%', '0.31%']","[0, 0, 0, 0]","[1, 1, '100.00%', '0.34%']","[0, 0, 0, 0]","[0, 0, 0, 0]","[0, 0, 0, 0]","[0, 0, 0, 0]","[0, 0, 0, 0]","[0, 0, 0, 0]","[0, 0, 0, 0]","[1, 1, '100.00%', '0.32%']","[0, 0, 0, 0]","[0, 0, 0, 0]","[0, 0, 0, 0]","[0, 0, 0, 0]","[0, 0, 0, 0]","[0, 0, 0, 0]","[0, 0, 0, 0]","[0, 0, 0, 0]","[0, 0, 0, 0]","[0, 0, 0, 0]","[0, 0, 0, 0]","[0, 0, 0, 0]","[0, 0, 0, 0]","[0, 1, '0.00%', '2.50%']","[0, 1, '0.00%', '0.29%']","[0, 0, 0, 0]","[0, 0, 0, 0]","[0, 0, 0, 0]","[0, 0, 0, 0]","[0, 0, 0, 0]","[0, 0, 0, 0]","[0, 0, 0, 0]","[0, 0, 0, 0]","[0, 0, 0, 0]","[0, 0, 0, 0]","[0, 0, 0, 0]","[0, 0, 0, 0]","[0, 0, 0, 0]","[0, 0, 0, 0]","[0, 0, 0, 0]","[0, 0, 0, 0]","[0, 0, 0, 0]","[0, 0, 0, 0]","[0, 0, 0, 0]","[0, 0, 0, 0]","[0, 0, 0, 0]","[0, 0, 0, 0]","[0, 0, 0, 0]"
milio,"[19, 38, '50.00%', '6.67%']","[0, 0, 0, 0]","[0, 0, 0, 0]","[1, 1, '100.00%', '0.24%']","[1, 1, '100.00%', '0.18%']","[0, 0, 0, 0]","[4, 6, '66.67%', '1.05%']","[0, 0, 0, 0]","[0, 0, 0, 0]","[0, 0, 0, 0]","[0, 0, 0, 0]","[0, 0, 0, 0]","[0, 0, 0, 0]","[0, 0, 0, 0]","[0, 0, 0, 0]","[2, 2, '100.00%', '0.37%']","[0, 0, 0, 0]","[0, 0, 0, 0]","[1, 2, '50.00%', '0.37%']","[0, 1, '0.00%', '0.20%']","[0, 0, 0, 0]","[0, 0, 0, 0]","[1, 2, '50.00%', '0.36%']","[2, 4, '50.00%', '0.71%']","[0, 0, 0, 0]","[0, 0, 0, 0]","[0, 1, '0.00%', '0.19%']","[0, 1, '0.00%', '0.18%']","[0, 2, '0.00%', '0.40%']","[1, 2, '50.00%', '0.46%']","[0, 0, 0, 0]","[0, 0, 0, 0]","[0, 0, 0, 0]","[0, 0, 0, 0]","[0, 0, 0, 0]","[0, 0, 0, 0]","[0, 0, 0, 0]","[0, 0, 0, 0]","[0, 0, 0, 0]","[1, 1, '100.00%', '0.22%']","[0, 0, 0, 0]","[0, 0, 0, 0]","[0, 0, 0, 0]","[0, 2, '0.00%', '0.39%']","[0, 0, 0, 0]","[0, 0, 0, 0]","[0, 0, 0, 0]","[0, 0, 0, 0]","[4, 9, '44.44%', '1.62%']","[1, 1, '100.00%', '0.18%']","[0, 0, 0, 0]","[0, 0, 0, 0]","[0, 0, 0, 0]"
nami,"[2, 3, '66.67%', '0.53%']","[0, 0, 0, 0]","[0, 0, 0, 0]","[0, 0, 0, 0]","[0, 0, 0, 0]","[0, 0, 0, 0]","[0, 0, 0, 0]","[0, 0, 0, 0]","[0, 0, 0, 0]","[0, 0, 0, 0]","[0, 0, 0, 0]","[0, 0, 0, 0]","[0, 0, 0, 0]","[0, 0, 0, 0]","[0, 0, 0, 0]","[0, 1, '0.00%', '0.45%']","[0, 0, 0, 0]","[0, 0, 0, 0]","[1, 1, '100.00%', '0.18%']","[0, 0, 0, 0]","[0, 0, 0, 0]","[1, 1, '100.00%', '0.19%']","[0, 0, 0, 0]","[0, 0, 0, 0]","[0, 0, 0, 0]","[0, 0, 0, 0]","[0, 0, 0, 0]","[0, 0, 0, 0]","[0, 0, 0, 0]","[0, 0, 0, 0]","[0, 0, 0, 0]","[0, 0, 0, 0]","[0, 0, 0, 0]","[0, 0, 0, 0]","[0, 0, 0, 0]","[0, 0, 0, 0]","[0, 0, 0, 0]","[0, 0, 0, 0]","[0, 0, 0, 0]","[0, 0, 0, 0]","[0, 0, 0, 0]","[0, 0, 0, 0]","[0, 0, 0, 0]","[0, 0, 0, 0]","[0, 0, 0, 0]","[0, 0, 0, 0]","[0, 0, 0, 0]","[0, 0, 0, 0]","[0, 0, 0, 0]","[0, 0, 0, 0]","[0, 0, 0, 0]","[0, 0, 0, 0]","[0, 0, 0, 0]"
nautilus,"[45, 82, '54.88%', '14.41%']","[6, 9, '66.67%', '2.27%']","[0, 1, '0.00%', '0.25%']","[0, 1, '0.00%', '3.23%']","[3, 4, '75.00%', '0.71%']","[0, 0, 0, 0]","[4, 6, '66.67%', '1.23%']","[5, 9, '55.56%', '1.99%']","[0, 0, 0, 0]","[0, 0, 0, 0]","[1, 1, '100.00%', '0.25%']","[0, 0, 0, 0]","[0, 0, 0, 0]","[0, 0, 0, 0]","[0, 0, 0, 0]","[2, 2, '100.00%', '0.50%']","[2, 2, '100.00%', '0.57%']","[0, 0, 0, 0]","[0, 0, 0, 0]","[0, 0, 0, 0]","[4, 4, '100.00%', '1.19%']","[1, 2, '50.00%', '0.37%']","[1, 2, '50.00%', '0.35%']","[0, 0, 0, 0]","[0, 0, 0, 0]","[0, 0, 0, 0]","[0, 0, 0, 0]","[1, 2, '50.00%', '0.95%']","[5, 11, '45.45%', '2.42%']","[4, 15, '26.67%', '3.76%']","[0, 0, 0, 0]","[0, 0, 0, 0]","[0, 0, 0, 0]","[0, 1, '0.00%', '0.43%']","[0, 0, 0, 0]","[1, 1, '100.00%', '0.71%']","[0, 0, 0, 0]","[1, 1, '100.00%', '0.29%']","[1, 1, '100.00%', '0.21%']","[0, 0, 0, 0]","[0, 0, 0, 0]","[1, 1, '100.00%', '0.22%']","[1, 1, '100.00%', '1.00%']","[0, 3, '0.00%', '0.68%']","[0, 0, 0, 0]","[0, 0, 0, 0]","[0, 0, 0, 0]","[0, 0, 0, 0]","[0, 0, 0, 0]","[0, 0, 0, 0]","[0, 0, 0, 0]","[1, 1, '100.00%', '0.28%']","[0, 1, '0.00%', '0.23%']"
neeko,"[8, 10, '80.00%', '1.86%']","[0, 0, 0, 0]","[0, 0, 0, 0]","[0, 0, 0, 0]","[1, 1, '100.00%', '0.43%']","[0, 0, 0, 0]","[1, 1, '100.00%', '0.19%']","[0, 0, 0, 0]","[0, 0, 0, 0]","[0, 0, 0, 0]","[0, 0, 0, 0]","[0, 0, 0, 0]","[0, 0, 0, 0]","[0, 0, 0, 0]","[0, 0, 0, 0]","[0, 0, 0, 0]","[1, 1, '100.00%', '0.19%']","[0, 0, 0, 0]","[0, 1, '0.00%', '0.20%']","[0, 0, 0, 0]","[0, 0, 0, 0]","[1, 1, '100.00%', '0.28%']","[0, 0, 0, 0]","[1, 1, '100.00%', '0.19%']","[0, 0, 0, 0]","[1, 1, '100.00%', '0.19%']","[0, 0, 0, 0]","[0, 0, 0, 0]","[0, 0, 0, 0]","[0, 0, 0, 0]","[0, 0, 0, 0]","[0, 0, 0, 0]","[0, 0, 0, 0]","[0, 0, 0, 0]","[0, 0, 0, 0]","[0, 0, 0, 0]","[0, 0, 0, 0]","[0, 0, 0, 0]","[0, 0, 0, 0]","[0, 0, 0, 0]","[0, 0, 0, 0]","[0, 0, 0, 0]","[0, 0, 0, 0]","[0, 0, 0, 0]","[0, 0, 0, 0]","[0, 0, 0, 0]","[0, 0, 0, 0]","[1, 1, '100.00%', '2.33%']","[1, 2, '50.00%', '0.38%']","[0, 0, 0, 0]","[0, 0, 0, 0]","[0, 0, 0, 0]","[0, 0, 0, 0]"
ornn,"[0, 1, '0.00%', '1.82%']","[0, 0, 0, 0]","[0, 0, 0, 0]","[0, 0, 0, 0]","[0, 0, 0, 0]","[0, 0, 0, 0]","[0, 0, 0, 0]","[0, 0, 0, 0]","[0, 0, 0, 0]","[0, 0, 0, 0]","[0, 0, 0, 0]","[0, 0, 0, 0]","[0, 0, 0, 0]","[0, 0, 0, 0]","[0, 0, 0, 0]","[0, 0, 0, 0]","[0, 0, 0, 0]","[0, 0, 0, 0]","[0, 0, 0, 0]","[0, 0, 0, 0]","[0, 0, 0, 0]","[0, 0, 0, 0]","[0, 0, 0, 0]","[0, 0, 0, 0]","[0, 0, 0, 0]","[0, 0, 0, 0]","[0, 0, 0, 0]","[0, 0, 0, 0]","[0, 0, 0, 0]","[0, 0, 0, 0]","[0, 0, 0, 0]","[0, 0, 0, 0]","[0, 0, 0, 0]","[0, 0, 0, 0]","[0, 0, 0, 0]","[0, 1, '0.00%', '1.82%']","[0, 0, 0, 0]","[0, 0, 0, 0]","[0, 0, 0, 0]","[0, 0, 0, 0]","[0, 0, 0, 0]","[0, 0, 0, 0]","[0, 0, 0, 0]","[0, 0, 0, 0]","[0, 0, 0, 0]","[0, 0, 0, 0]","[0, 0, 0, 0]","[0, 0, 0, 0]","[0, 0, 0, 0]","[0, 0, 0, 0]","[0, 0, 0, 0]","[0, 0, 0, 0]","[0, 0, 0, 0]"
poppy,"[3, 3, '100.00%', '0.73%']","[1, 1, '100.00%', '0.47%']","[0, 0, 0, 0]","[0, 0, 0, 0]","[0, 0, 0, 0]","[0, 0, 0, 0]","[0, 0, 0, 0]","[0, 0, 0, 0]","[0, 0, 0, 0]","[0, 0, 0, 0]","[0, 0, 0, 0]","[0, 0, 0, 0]","[0, 0, 0, 0]","[0, 0, 0, 0]","[0, 0, 0, 0]","[0, 0, 0, 0]","[0, 0, 0, 0]","[0, 0, 0, 0]","[0, 0, 0, 0]","[0, 0, 0, 0]","[0, 0, 0, 0]","[0, 0, 0, 0]","[0, 0, 0, 0]","[0, 0, 0, 0]","[1, 1, '100.00%', '0.79%']","[0, 0, 0, 0]","[0, 0, 0, 0]","[0, 0, 0, 0]","[0, 0, 0, 0]","[1, 1, '100.00%', '0.24%']","[0, 0, 0, 0]","[0, 0, 0, 0]","[0, 0, 0, 0]","[0, 0, 0, 0]","[0, 0, 0, 0]","[0, 0, 0, 0]","[0, 0, 0, 0]","[0, 0, 0, 0]","[0, 0, 0, 0]","[0, 0, 0, 0]","[0, 0, 0, 0]","[0, 0, 0, 0]","[0, 0, 0, 0]","[0, 0, 0, 0]","[0, 0, 0, 0]","[0, 0, 0, 0]","[0, 0, 0, 0]","[0, 0, 0, 0]","[0, 0, 0, 0]","[0, 0, 0, 0]","[0, 0, 0, 0]","[0, 0, 0, 0]","[0, 0, 0, 0]"
pyke,"[19, 28, '67.86%', '5.00%']","[1, 2, '50.00%', '3.92%']","[0, 0, 0, 0]","[0, 0, 0, 0]","[2, 3, '66.67%', '3.19%']","[0, 0, 0, 0]","[0, 0, 0, 0]","[0, 0, 0, 0]","[0, 0, 0, 0]","[1, 1, '100.00%', '1.30%']","[0, 0, 0, 0]","[0, 0, 0, 0]","[0, 0, 0, 0]","[0, 0, 0, 0]","[0, 0, 0, 0]","[1, 1, '100.00%', '0.67%']","[2, 2, '100.00%', '2.70%']","[0, 0, 0, 0]","[1, 1, '100.00%', '0.31%']","[0, 0, 0, 0]","[1, 1, '100.00%', '0.38%']","[2, 3, '66.67%', '0.65%']","[0, 0, 0, 0]","[2, 2, '100.00%', '0.42%']","[0, 0, 0, 0]","[0, 0, 0, 0]","[0, 0, 0, 0]","[0, 0, 0, 0]","[3, 5, '60.00%', '1.09%']","[1, 1, '100.00%', '0.31%']","[0, 1, '0.00%', '4.00%']","[0, 0, 0, 0]","[0, 0, 0, 0]","[0, 0, 0, 0]","[0, 0, 0, 0]","[0, 1, '0.00%', '0.86%']","[0, 0, 0, 0]","[0, 0, 0, 0]","[0, 0, 0, 0]","[0, 0, 0, 0]","[0, 0, 0, 0]","[0, 0, 0, 0]","[0, 0, 0, 0]","[0, 2, '0.00%', '0.45%']","[0, 0, 0, 0]","[0, 0, 0, 0]","[0, 0, 0, 0]","[0, 0, 0, 0]","[1, 1, '100.00%', '0.18%']","[0, 0, 0, 0]","[0, 0, 0, 0]","[0, 0, 0, 0]","[1, 1, '100.00%', '0.23%']"
rakan,"[41, 70, '58.57%', '12.39%']","[2, 6, '33.33%', '1.52%']","[0, 0, 0, 0]","[0, 0, 0, 0]","[0, 2, '0.00%', '0.75%']","[0, 1, '0.00%', '0.34%']","[3, 3, '100.00%', '1.03%']","[0, 0, 0, 0]","[0, 0, 0, 0]","[0, 0, 0, 0]","[0, 0, 0, 0]","[1, 1, '100.00%', '0.26%']","[1, 1, '100.00%', '0.22%']","[0, 0, 0, 0]","[0, 0, 0, 0]","[1, 1, '100.00%', '0.60%']","[1, 1, '100.00%', '0.42%']","[1, 1, '100.00%', '1.03%']","[1, 1, '100.00%', '0.18%']","[0, 0, 0, 0]","[0, 0, 0, 0]","[1, 1, '100.00%', '0.23%']","[0, 0, 0, 0]","[7, 12, '58.33%', '2.69%']","[1, 1, '100.00%', '0.20%']","[0, 0, 0, 0]","[0, 0, 0, 0]","[0, 0, 0, 0]","[0, 0, 0, 0]","[14, 27, '51.85%', '6.34%']","[3, 3, '100.00%', '0.62%']","[0, 0, 0, 0]","[0, 0, 0, 0]","[0, 0, 0, 0]","[0, 0, 0, 0]","[1, 2, '50.00%', '0.95%']","[0, 0, 0, 0]","[0, 0, 0, 0]","[0, 0, 0, 0]","[0, 1, '0.00%', '0.23%']","[0, 0, 0, 0]","[0, 0, 0, 0]","[0, 0, 0, 0]","[1, 1, '100.00%', '0.36%']","[0, 1, '0.00%', '0.26%']","[0, 0, 0, 0]","[0, 0, 0, 0]","[0, 0, 0, 0]","[1, 2, '50.00%', '0.98%']","[0, 0, 0, 0]","[0, 0, 0, 0]","[0, 0, 0, 0]","[1, 1, '100.00%', '0.34%']"
rell,"[22, 39, '56.41%', '7.63%']","[11, 18, '61.11%', '4.00%']","[0, 0, 0, 0]","[0, 0, 0, 0]","[0, 1, '0.00%', '0.70%']","[0, 0, 0, 0]","[2, 4, '50.00%', '0.95%']","[4, 4, '100.00%', '0.94%']","[0, 0, 0, 0]","[0, 0, 0, 0]","[0, 0, 0, 0]","[0, 0, 0, 0]","[0, 0, 0, 0]","[0, 0, 0, 0]","[0, 0, 0, 0]","[0, 0, 0, 0]","[0, 0, 0, 0]","[0, 0, 0, 0]","[0, 0, 0, 0]","[0, 0, 0, 0]","[0, 1, '0.00%', '0.37%']","[0, 1, '0.00%', '0.20%']","[0, 0, 0, 0]","[1, 3, '33.33%', '0.77%']","[0, 0, 0, 0]","[0, 0, 0, 0]","[0, 0, 0, 0]","[1, 1, '100.00%', '0.30%']","[1, 3, '33.33%', '1.17%']","[0, 0, 0, 0]","[1, 1, '100.00%', '1.08%']","[0, 1, '0.00%', '0.34%']","[0, 0, 0, 0]","[0, 0, 0, 0]","[0, 0, 0, 0]","[0, 0, 0, 0]","[0, 0, 0, 0]","[0, 0, 0, 0]","[0, 0, 0, 0]","[0, 0, 0, 0]","[0, 0, 0, 0]","[0, 0, 0, 0]","[0, 0, 0, 0]","[0, 0, 0, 0]","[0, 0, 0, 0]","[0, 0, 0, 0]","[0, 0, 0, 0]","[0, 0, 0, 0]","[1, 1, '100.00%', '0.20%']","[0, 0, 0, 0]","[0, 0, 0, 0]","[0, 0, 0, 0]","[0, 0, 0, 0]"
renata,"[6, 12, '50.00%', '2.35%']","[1, 1, '100.00%', '0.44%']","[0, 0, 0, 0]","[0, 0, 0, 0]","[0, 0, 0, 0]","[0, 0, 0, 0]","[1, 1, '100.00%', '2.44%']","[0, 0, 0, 0]","[0, 0, 0, 0]","[0, 0, 0, 0]","[0, 0, 0, 0]","[0, 0, 0, 0]","[0, 0, 0, 0]","[0, 0, 0, 0]","[0, 0, 0, 0]","[0, 0, 0, 0]","[0, 0, 0, 0]","[0, 0, 0, 0]","[0, 0, 0, 0]","[0, 0, 0, 0]","[0, 0, 0, 0]","[0, 0, 0, 0]","[0, 0, 0, 0]","[2, 5, '40.00%', '0.98%']","[0, 0, 0, 0]","[0, 0, 0, 0]","[0, 0, 0, 0]","[0, 0, 0, 0]","[0, 1, '0.00%', '2.08%']","[1, 1, '100.00%', '0.58%']","[1, 1, '100.00%', '4.55%']","[0, 0, 0, 0]","[0, 0, 0, 0]","[0, 0, 0, 0]","[0, 0, 0, 0]","[0, 2, '0.00%', '0.49%']","[0, 0, 0, 0]","[0, 0, 0, 0]","[0, 0, 0, 0]","[0, 0, 0, 0]","[0, 0, 0, 0]","[0, 0, 0, 0]","[0, 0, 0, 0]","[0, 0, 0, 0]","[0, 0, 0, 0]","[0, 0, 0, 0]","[0, 0, 0, 0]","[0, 0, 0, 0]","[0, 0, 0, 0]","[0, 0, 0, 0]","[0, 0, 0, 0]","[0, 0, 0, 0]","[0, 0, 0, 0]"
rumble,"[0, 1, '0.00%', '1.79%']","[0, 0, 0, 0]","[0, 0, 0, 0]","[0, 0, 0, 0]","[0, 0, 0, 0]","[0, 0, 0, 0]","[0, 0, 0, 0]","[0, 0, 0, 0]","[0, 0, 0, 0]","[0, 0, 0, 0]","[0, 0, 0, 0]","[0, 0, 0, 0]","[0, 0, 0, 0]","[0, 0, 0, 0]","[0, 0, 0, 0]","[0, 0, 0, 0]","[0, 0, 0, 0]","[0, 0, 0, 0]","[0, 0, 0, 0]","[0, 0, 0, 0]","[0, 0, 0, 0]","[0, 0, 0, 0]","[0, 0, 0, 0]","[0, 0, 0, 0]","[0, 0, 0, 0]","[0, 0, 0, 0]","[0, 0, 0, 0]","[0, 0, 0, 0]","[0, 0, 0, 0]","[0, 0, 0, 0]","[0, 0, 0, 0]","[0, 0, 0, 0]","[0, 0, 0, 0]","[0, 0, 0, 0]","[0, 0, 0, 0]","[0, 1, '0.00%', '1.79%']","[0, 0, 0, 0]","[0, 0, 0, 0]","[0, 0, 0, 0]","[0, 0, 0, 0]","[0, 0, 0, 0]","[0, 0, 0, 0]","[0, 0, 0, 0]","[0, 0, 0, 0]","[0, 0, 0, 0]","[0, 0, 0, 0]","[0, 0, 0, 0]","[0, 0, 0, 0]","[0, 0, 0, 0]","[0, 0, 0, 0]","[0, 0, 0, 0]","[0, 0, 0, 0]","[0, 0, 0, 0]"
senna,"[5, 10, '50.00%', '6.49%']","[0, 0, 0, 0]","[0, 0, 0, 0]","[0, 0, 0, 0]","[0, 0, 0, 0]","[0, 0, 0, 0]","[0, 0, 0, 0]","[0, 0, 0, 0]","[0, 0, 0, 0]","[0, 0, 0, 0]","[0, 0, 0, 0]","[0, 0, 0, 0]","[0, 0, 0, 0]","[0, 0, 0, 0]","[0, 0, 0, 0]","[0, 0, 0, 0]","[0, 0, 0, 0]","[0, 0, 0, 0]","[0, 0, 0, 0]","[0, 0, 0, 0]","[0, 1, '0.00%', '2.63%']","[0, 0, 0, 0]","[0, 0, 0, 0]","[1, 1, '100.00%', '1.69%']","[0, 0, 0, 0]","[0, 0, 0, 0]","[0, 0, 0, 0]","[0, 2, '0.00%', '1.30%']","[1, 1, '100.00%', '2.00%']","[1, 1, '100.00%', '2.78%']","[1, 1, '100.00%', '2.38%']","[0, 0, 0, 0]","[0, 0, 0, 0]","[0, 0, 0, 0]","[0, 0, 0, 0]","[0, 0, 0, 0]","[0, 0, 0, 0]","[0, 0, 0, 0]","[0, 0, 0, 0]","[0, 0, 0, 0]","[0, 0, 0, 0]","[1, 1, '100.00%', '2.13%']","[0, 0, 0, 0]","[0, 2, '0.00%', '3.85%']","[0, 0, 0, 0]","[0, 0, 0, 0]","[0, 0, 0, 0]","[0, 0, 0, 0]","[0, 0, 0, 0]","[0, 0, 0, 0]","[0, 0, 0, 0]","[0, 0, 0, 0]","[0, 0, 0, 0]"
sett,"[1, 1, '100.00%', '2.70%']","[0, 0, 0, 0]","[0, 0, 0, 0]","[0, 0, 0, 0]","[0, 0, 0, 0]","[0, 0, 0, 0]","[1, 1, '100.00%', '2.70%']","[0, 0, 0, 0]","[0, 0, 0, 0]","[0, 0, 0, 0]","[0, 0, 0, 0]","[0, 0, 0, 0]","[0, 0, 0, 0]","[0, 0, 0, 0]","[0, 0, 0, 0]","[0, 0, 0, 0]","[0, 0, 0, 0]","[0, 0, 0, 0]","[0, 0, 0, 0]","[0, 0, 0, 0]","[0, 0, 0, 0]","[0, 0, 0, 0]","[0, 0, 0, 0]","[0, 0, 0, 0]","[0, 0, 0, 0]","[0, 0, 0, 0]","[0, 0, 0, 0]","[0, 0, 0, 0]","[0, 0, 0, 0]","[0, 0, 0, 0]","[0, 0, 0, 0]","[0, 0, 0, 0]","[0, 0, 0, 0]","[0, 0, 0, 0]","[0, 0, 0, 0]","[0, 0, 0, 0]","[0, 0, 0, 0]","[0, 0, 0, 0]","[0, 0, 0, 0]","[0, 0, 0, 0]","[0, 0, 0, 0]","[0, 0, 0, 0]","[0, 0, 0, 0]","[0, 0, 0, 0]","[0, 0, 0, 0]","[0, 0, 0, 0]","[0, 0, 0, 0]","[0, 0, 0, 0]","[0, 0, 0, 0]","[0, 0, 0, 0]","[0, 0, 0, 0]","[0, 0, 0, 0]","[0, 0, 0, 0]"
sona,"[1, 1, '100.00%', '0.21%']","[0, 0, 0, 0]","[0, 0, 0, 0]","[0, 0, 0, 0]","[0, 0, 0, 0]","[0, 0, 0, 0]","[0, 0, 0, 0]","[0, 0, 0, 0]","[0, 0, 0, 0]","[0, 0, 0, 0]","[0, 0, 0, 0]","[0, 0, 0, 0]","[0, 0, 0, 0]","[0, 0, 0, 0]","[0, 0, 0, 0]","[0, 0, 0, 0]","[0, 0, 0, 0]","[0, 0, 0, 0]","[0, 0, 0, 0]","[0, 0, 0, 0]","[0, 0, 0, 0]","[0, 0, 0, 0]","[1, 1, '100.00%', '0.21%']","[0, 0, 0, 0]","[0, 0, 0, 0]","[0, 0, 0, 0]","[0, 0, 0, 0]","[0, 0, 0, 0]","[0, 0, 0, 0]","[0, 0, 0, 0]","[0, 0, 0, 0]","[0, 0, 0, 0]","[0, 0, 0, 0]","[0, 0, 0, 0]","[0, 0, 0, 0]","[0, 0, 0, 0]","[0, 0, 0, 0]","[0, 0, 0, 0]","[0, 0, 0, 0]","[0, 0, 0, 0]","[0, 0, 0, 0]","[0, 0, 0, 0]","[0, 0, 0, 0]","[0, 0, 0, 0]","[0, 0, 0, 0]","[0, 0, 0, 0]","[0, 0, 0, 0]","[0, 0, 0, 0]","[0, 0, 0, 0]","[0, 0, 0, 0]","[0, 0, 0, 0]","[0, 0, 0, 0]","[0, 0, 0, 0]"
soraka,"[2, 3, '66.67%', '1.26%']","[1, 1, '100.00%', '0.44%']","[0, 0, 0, 0]","[0, 0, 0, 0]","[1, 1, '100.00%', '0.45%']","[0, 0, 0, 0]","[0, 0, 0, 0]","[0, 0, 0, 0]","[0, 0, 0, 0]","[0, 0, 0, 0]","[0, 0, 0, 0]","[0, 0, 0, 0]","[0, 0, 0, 0]","[0, 0, 0, 0]","[0, 0, 0, 0]","[0, 0, 0, 0]","[0, 0, 0, 0]","[0, 0, 0, 0]","[0, 0, 0, 0]","[0, 0, 0, 0]","[0, 0, 0, 0]","[0, 0, 0, 0]","[0, 0, 0, 0]","[0, 0, 0, 0]","[0, 0, 0, 0]","[0, 0, 0, 0]","[0, 0, 0, 0]","[0, 0, 0, 0]","[0, 1, '0.00%', '0.42%']","[0, 0, 0, 0]","[0, 0, 0, 0]","[0, 0, 0, 0]","[0, 0, 0, 0]","[0, 0, 0, 0]","[0, 0, 0, 0]","[0, 0, 0, 0]","[0, 0, 0, 0]","[0, 0, 0, 0]","[0, 0, 0, 0]","[0, 0, 0, 0]","[0, 0, 0, 0]","[0, 0, 0, 0]","[0, 0, 0, 0]","[0, 0, 0, 0]","[0, 0, 0, 0]","[0, 0, 0, 0]","[0, 0, 0, 0]","[0, 0, 0, 0]","[0, 0, 0, 0]","[0, 0, 0, 0]","[0, 0, 0, 0]","[0, 0, 0, 0]","[0, 0, 0, 0]"
sylas,"[1, 2, '50.00%', '1.32%']","[0, 0, 0, 0]","[0, 0, 0, 0]","[0, 0, 0, 0]","[0, 0, 0, 0]","[0, 0, 0, 0]","[0, 0, 0, 0]","[0, 0, 0, 0]","[0, 0, 0, 0]","[0, 0, 0, 0]","[0, 0, 0, 0]","[0, 0, 0, 0]","[0, 0, 0, 0]","[0, 0, 0, 0]","[0, 0, 0, 0]","[0, 0, 0, 0]","[0, 0, 0, 0]","[0, 0, 0, 0]","[0, 0, 0, 0]","[0, 0, 0, 0]","[0, 0, 0, 0]","[0, 0, 0, 0]","[0, 0, 0, 0]","[1, 1, '100.00%', '0.66%']","[0, 0, 0, 0]","[0, 0, 0, 0]","[0, 0, 0, 0]","[0, 0, 0, 0]","[0, 0, 0, 0]","[0, 1, '0.00%', '0.68%']","[0, 0, 0, 0]","[0, 0, 0, 0]","[0, 0, 0, 0]","[0, 0, 0, 0]","[0, 0, 0, 0]","[0, 0, 0, 0]","[0, 0, 0, 0]","[0, 0, 0, 0]","[0, 0, 0, 0]","[0, 0, 0, 0]","[0, 0, 0, 0]","[0, 0, 0, 0]","[0, 0, 0, 0]","[0, 0, 0, 0]","[0, 0, 0, 0]","[0, 0, 0, 0]","[0, 0, 0, 0]","[0, 0, 0, 0]","[0, 0, 0, 0]","[0, 0, 0, 0]","[0, 0, 0, 0]","[0, 0, 0, 0]","[0, 0, 0, 0]"
tahmkench,"[0, 1, '0.00%', '0.36%']","[0, 0, 0, 0]","[0, 0, 0, 0]","[0, 0, 0, 0]","[0, 0, 0, 0]","[0, 0, 0, 0]","[0, 0, 0, 0]","[0, 0, 0, 0]","[0, 0, 0, 0]","[0, 0, 0, 0]","[0, 0, 0, 0]","[0, 0, 0, 0]","[0, 0, 0, 0]","[0, 0, 0, 0]","[0, 0, 0, 0]","[0, 0, 0, 0]","[0, 0, 0, 0]","[0, 0, 0, 0]","[0, 0, 0, 0]","[0, 0, 0, 0]","[0, 0, 0, 0]","[0, 0, 0, 0]","[0, 0, 0, 0]","[0, 0, 0, 0]","[0, 0, 0, 0]","[0, 0, 0, 0]","[0, 0, 0, 0]","[0, 0, 0, 0]","[0, 1, '0.00%', '0.36%']","[0, 0, 0, 0]","[0, 0, 0, 0]","[0, 0, 0, 0]","[0, 0, 0, 0]","[0, 0, 0, 0]","[0, 0, 0, 0]","[0, 0, 0, 0]","[0, 0, 0, 0]","[0, 0, 0, 0]","[0, 0, 0, 0]","[0, 0, 0, 0]","[0, 0, 0, 0]","[0, 0, 0, 0]","[0, 0, 0, 0]","[0, 0, 0, 0]","[0, 0, 0, 0]","[0, 0, 0, 0]","[0, 0, 0, 0]","[0, 0, 0, 0]","[0, 0, 0, 0]","[0, 0, 0, 0]","[0, 0, 0, 0]","[0, 0, 0, 0]","[0, 0, 0, 0]"
thresh,"[4, 7, '57.14%', '1.25%']","[0, 0, 0, 0]","[0, 0, 0, 0]","[0, 0, 0, 0]","[0, 0, 0, 0]","[0, 0, 0, 0]","[0, 0, 0, 0]","[0, 0, 0, 0]","[0, 0, 0, 0]","[0, 0, 0, 0]","[0, 0, 0, 0]","[0, 0, 0, 0]","[0, 0, 0, 0]","[0, 0, 0, 0]","[0, 0, 0, 0]","[0, 0, 0, 0]","[0, 1, '0.00%', '0.31%']","[0, 0, 0, 0]","[0, 0, 0, 0]","[0, 0, 0, 0]","[0, 0, 0, 0]","[0, 0, 0, 0]","[0, 0, 0, 0]","[0, 0, 0, 0]","[0, 0, 0, 0]","[0, 0, 0, 0]","[0, 0, 0, 0]","[0, 0, 0, 0]","[3, 5, '60.00%', '0.90%']","[1, 1, '100.00%', '0.29%']","[0, 0, 0, 0]","[0, 0, 0, 0]","[0, 0, 0, 0]","[0, 0, 0, 0]","[0, 0, 0, 0]","[0, 0, 0, 0]","[0, 0, 0, 0]","[0, 0, 0, 0]","[0, 0, 0, 0]","[0, 0, 0, 0]","[0, 0, 0, 0]","[0, 0, 0, 0]","[0, 0, 0, 0]","[0, 0, 0, 0]","[0, 0, 0, 0]","[0, 0, 0, 0]","[0, 0, 0, 0]","[0, 0, 0, 0]","[0, 0, 0, 0]","[0, 0, 0, 0]","[0, 0, 0, 0]","[0, 0, 0, 0]","[0, 0, 0, 0]"
varus,"[1, 2, '50.00%', '0.40%']","[0, 0, 0, 0]","[0, 0, 0, 0]","[0, 0, 0, 0]","[0, 0, 0, 0]","[0, 0, 0, 0]","[0, 0, 0, 0]","[0, 0, 0, 0]","[0, 0, 0, 0]","[0, 0, 0, 0]","[0, 0, 0, 0]","[0, 0, 0, 0]","[0, 0, 0, 0]","[0, 0, 0, 0]","[0, 0, 0, 0]","[0, 0, 0, 0]","[0, 0, 0, 0]","[0, 0, 0, 0]","[0, 0, 0, 0]","[0, 0, 0, 0]","[0, 0, 0, 0]","[0, 0, 0, 0]","[0, 0, 0, 0]","[0, 0, 0, 0]","[0, 0, 0, 0]","[0, 0, 0, 0]","[0, 0, 0, 0]","[0, 0, 0, 0]","[0, 0, 0, 0]","[0, 0, 0, 0]","[0, 0, 0, 0]","[0, 0, 0, 0]","[0, 0, 0, 0]","[0, 0, 0, 0]","[0, 0, 0, 0]","[0, 0, 0, 0]","[0, 0, 0, 0]","[0, 0, 0, 0]","[0, 0, 0, 0]","[0, 0, 0, 0]","[0, 0, 0, 0]","[0, 0, 0, 0]","[0, 0, 0, 0]","[0, 0, 0, 0]","[0, 0, 0, 0]","[0, 0, 0, 0]","[0, 0, 0, 0]","[0, 0, 0, 0]","[1, 1, '100.00%', '0.20%']","[0, 0, 0, 0]","[0, 0, 0, 0]","[0, 1, '0.00%', '3.70%']","[0, 0, 0, 0]"
velkoz,"[0, 1, '0.00%', '0.47%']","[0, 0, 0, 0]","[0, 0, 0, 0]","[0, 0, 0, 0]","[0, 1, '0.00%', '0.47%']","[0, 0, 0, 0]","[0, 0, 0, 0]","[0, 0, 0, 0]","[0, 0, 0, 0]","[0, 0, 0, 0]","[0, 0, 0, 0]","[0, 0, 0, 0]","[0, 0, 0, 0]","[0, 0, 0, 0]","[0, 0, 0, 0]","[0, 0, 0, 0]","[0, 0, 0, 0]","[0, 0, 0, 0]","[0, 0, 0, 0]","[0, 0, 0, 0]","[0, 0, 0, 0]","[0, 0, 0, 0]","[0, 0, 0, 0]","[0, 0, 0, 0]","[0, 0, 0, 0]","[0, 0, 0, 0]","[0, 0, 0, 0]","[0, 0, 0, 0]","[0, 0, 0, 0]","[0, 0, 0, 0]","[0, 0, 0, 0]","[0, 0, 0, 0]","[0, 0, 0, 0]","[0, 0, 0, 0]","[0, 0, 0, 0]","[0, 0, 0, 0]","[0, 0, 0, 0]","[0, 0, 0, 0]","[0, 0, 0, 0]","[0, 0, 0, 0]","[0, 0, 0, 0]","[0, 0, 0, 0]","[0, 0, 0, 0]","[0, 0, 0, 0]","[0, 0, 0, 0]","[0, 0, 0, 0]","[0, 0, 0, 0]","[0, 0, 0, 0]","[0, 0, 0, 0]","[0, 0, 0, 0]","[0, 0, 0, 0]","[0, 0, 0, 0]","[0, 0, 0, 0]"
viego,"[0, 1, '0.00%', '0.25%']","[0, 0, 0, 0]","[0, 0, 0, 0]","[0, 0, 0, 0]","[0, 0, 0, 0]","[0, 0, 0, 0]","[0, 0, 0, 0]","[0, 1, '0.00%', '0.25%']","[0, 0, 0, 0]","[0, 0, 0, 0]","[0, 0, 0, 0]","[0, 0, 0, 0]","[0, 0, 0, 0]","[0, 0, 0, 0]","[0, 0, 0, 0]","[0, 0, 0, 0]","[0, 0, 0, 0]","[0, 0, 0, 0]","[0, 0, 0, 0]","[0, 0, 0, 0]","[0, 0, 0, 0]","[0, 0, 0, 0]","[0, 0, 0, 0]","[0, 0, 0, 0]","[0, 0, 0, 0]","[0, 0, 0, 0]","[0, 0, 0, 0]","[0, 0, 0, 0]","[0, 0, 0, 0]","[0, 0, 0, 0]","[0, 0, 0, 0]","[0, 0, 0, 0]","[0, 0, 0, 0]","[0, 0, 0, 0]","[0, 0, 0, 0]","[0, 0, 0, 0]","[0, 0, 0, 0]","[0, 0, 0, 0]","[0, 0, 0, 0]","[0, 0, 0, 0]","[0, 0, 0, 0]","[0, 0, 0, 0]","[0, 0, 0, 0]","[0, 0, 0, 0]","[0, 0, 0, 0]","[0, 0, 0, 0]","[0, 0, 0, 0]","[0, 0, 0, 0]","[0, 0, 0, 0]","[0, 0, 0, 0]","[0, 0, 0, 0]","[0, 0, 0, 0]","[0, 0, 0, 0]"
yuumi,"[18, 33, '54.55%', '5.78%']","[1, 1, '100.00%', '0.46%']","[0, 0, 0, 0]","[0, 1, '0.00%', '0.21%']","[0, 1, '0.00%', '0.18%']","[0, 0, 0, 0]","[1, 1, '100.00%', '0.21%']","[0, 0, 0, 0]","[0, 0, 0, 0]","[0, 0, 0, 0]","[0, 0, 0, 0]","[0, 0, 0, 0]","[0, 0, 0, 0]","[0, 0, 0, 0]","[0, 0, 0, 0]","[1, 1, '100.00%', '0.53%']","[0, 0, 0, 0]","[0, 0, 0, 0]","[2, 4, '50.00%', '0.71%']","[0, 0, 0, 0]","[0, 1, '0.00%', '0.19%']","[4, 5, '80.00%', '0.90%']","[2, 3, '66.67%', '0.54%']","[3, 6, '50.00%', '1.10%']","[0, 0, 0, 0]","[0, 0, 0, 0]","[0, 0, 0, 0]","[0, 0, 0, 0]","[2, 5, '40.00%', '0.96%']","[2, 2, '100.00%', '0.36%']","[0, 0, 0, 0]","[0, 0, 0, 0]","[0, 0, 0, 0]","[0, 0, 0, 0]","[0, 0, 0, 0]","[0, 0, 0, 0]","[0, 0, 0, 0]","[0, 0, 0, 0]","[0, 0, 0, 0]","[0, 0, 0, 0]","[0, 0, 0, 0]","[0, 0, 0, 0]","[0, 0, 0, 0]","[0, 2, '0.00%', '0.37%']","[0, 0, 0, 0]","[0, 0, 0, 0]","[0, 0, 0, 0]","[0, 0, 0, 0]","[0, 0, 0, 0]","[0, 0, 0, 0]","[0, 0, 0, 0]","[0, 0, 0, 0]","[0, 0, 0, 0]"
zoe,"[1, 1, '100.00%', '0.68%']","[0, 0, 0, 0]","[0, 0, 0, 0]","[0, 0, 0, 0]","[0, 0, 0, 0]","[0, 0, 0, 0]","[0, 0, 0, 0]","[0, 0, 0, 0]","[0, 0, 0, 0]","[0, 0, 0, 0]","[0, 0, 0, 0]","[0, 0, 0, 0]","[0, 0, 0, 0]","[0, 0, 0, 0]","[0, 0, 0, 0]","[0, 0, 0, 0]","[0, 0, 0, 0]","[0, 0, 0, 0]","[0, 0, 0, 0]","[0, 0, 0, 0]","[0, 0, 0, 0]","[0, 0, 0, 0]","[0, 0, 0, 0]","[0, 0, 0, 0]","[0, 0, 0, 0]","[0, 0, 0, 0]","[0, 0, 0, 0]","[0, 0, 0, 0]","[0, 0, 0, 0]","[0, 0, 0, 0]","[0, 0, 0, 0]","[0, 0, 0, 0]","[0, 0, 0, 0]","[0, 0, 0, 0]","[0, 0, 0, 0]","[0, 0, 0, 0]","[0, 0, 0, 0]","[0, 0, 0, 0]","[0, 0, 0, 0]","[0, 0, 0, 0]","[0, 0, 0, 0]","[0, 0, 0, 0]","[0, 0, 0, 0]","[0, 0, 0, 0]","[0, 0, 0, 0]","[0, 0, 0, 0]","[0, 0, 0, 0]","[0, 0, 0, 0]","[0, 0, 0, 0]","[1, 1, '100.00%', '0.68%']","[0, 0, 0, 0]","[0, 0, 0, 0]","[0, 0, 0, 0]"
zyra,"[5, 8, '62.50%', '2.61%']","[0, 0, 0, 0]","[0, 0, 0, 0]","[0, 0, 0, 0]","[0, 0, 0, 0]","[0, 0, 0, 0]","[0, 0, 0, 0]","[0, 0, 0, 0]","[1, 1, '100.00%', '0.33%']","[0, 0, 0, 0]","[0, 0, 0, 0]","[0, 0, 0, 0]","[0, 0, 0, 0]","[0, 0, 0, 0]","[0, 0, 0, 0]","[1, 1, '100.00%', '0.33%']","[1, 2, '50.00%', '0.66%']","[0, 0, 0, 0]","[0, 0, 0, 0]","[0, 0, 0, 0]","[0, 0, 0, 0]","[0, 1, '0.00%', '0.33%']","[0, 0, 0, 0]","[1, 1, '100.00%', '0.34%']","[0, 0, 0, 0]","[0, 0, 0, 0]","[0, 0, 0, 0]","[0, 0, 0, 0]","[0, 1, '0.00%', '0.41%']","[0, 0, 0, 0]","[0, 0, 0, 0]","[0, 0, 0, 0]","[0, 0, 0, 0]","[0, 0, 0, 0]","[0, 0, 0, 0]","[0, 0, 0, 0]","[0, 0, 0, 0]","[1, 1, '100.00%', '0.33%']","[0, 0, 0, 0]","[0, 0, 0, 0]","[0, 0, 0, 0]","[0, 0, 0, 0]","[0, 0, 0, 0]","[0, 0, 0, 0]","[0, 0, 0, 0]","[0, 0, 0, 0]","[0, 0, 0, 0]","[0, 0, 0, 0]","[0, 0, 0, 0]","[0, 0, 0, 0]","[0, 0, 0, 0]","[0, 0, 0, 0]","[0, 0, 0, 0]"
