,total,akshan,belveth,blitzcrank,brand,camille,diana,draven,ekko,elise,evelynn,gragas,graves,gwen,hecarim,ivern,jarvaniv,jayce,kaisa,karthus,kassadin,kayn,kennen,khazix,kindred,leesin,lillia,maokai,masteryi,monkeyking,neeko,nidalee,nocturne,nunu,olaf,ornn,pantheon,poppy,qiyana,rakan,rammus,reksai,rell,rengar,rumble,sejuani,sett,shaco,shyvana,skarner,swain,sylas,syndra,taliyah,talon,taric,udyr,vi,viego,volibear,xinzhao,zac
belveth,"[12, 18, 66.67, 2.62]","[0, 0, 0, 0.0]","[0, 0, 0, 0.0]","[0, 0, 0, 0.0]","[0, 0, 0, 0.0]","[0, 0, 0, 0.0]","[1, 1, 100.0, 16.67]","[0, 0, 0, 0.0]","[0, 0, 0, 0.0]","[0, 0, 0, 0.0]","[0, 0, 0, 0.0]","[1, 1, 100.0, 7.69]","[1, 1, 100.0, 3.03]","[0, 0, 0, 0.0]","[0, 0, 0, 0.0]","[0, 1, 0.0, 7.14]","[0, 0, 0, 0.0]","[0, 0, 0, 0.0]","[0, 0, 0, 0.0]","[3, 3, 100.0, 23.08]","[0, 0, 0, 0.0]","[0, 0, 0, 0.0]","[0, 0, 0, 0.0]","[0, 0, 0, 0.0]","[0, 0, 0, 0.0]","[1, 2, 50.0, 2.33]","[0, 0, 0, 0.0]","[0, 0, 0, 0.0]","[0, 0, 0, 0.0]","[0, 0, 0, 0.0]","[0, 0, 0, 0.0]","[3, 4, 75.0, 7.41]","[1, 2, 50.0, 16.67]","[0, 0, 0, 0.0]","[0, 0, 0, 0.0]","[0, 0, 0, 0.0]","[0, 0, 0, 0.0]","[0, 0, 0, 0.0]","[0, 0, 0, 0.0]","[0, 0, 0, 0.0]","[0, 0, 0, 0.0]","[0, 1, 0.0, 4.55]","[1, 2, 50.0, 14.29]","[0, 0, 0, 0.0]","[0, 0, 0, 0.0]","[0, 0, 0, 0.0]","[0, 0, 0, 0.0]","[0, 0, 0, 0.0]","[0, 0, 0, 0.0]","[0, 0, 0, 0.0]","[0, 0, 0, 0.0]","[0, 0, 0, 0.0]","[0, 0, 0, 0.0]","[0, 0, 0, 0.0]","[0, 0, 0, 0.0]","[0, 0, 0, 0.0]","[0, 0, 0, 0.0]","[0, 0, 0, 0.0]","[0, 0, 0, 0.0]","[0, 0, 0, 0.0]","[0, 0, 0, 0.0]","[0, 0, 0, 0.0]"
brand,"[1, 2, 50.0, 0.29]","[0, 0, 0, 0.0]","[0, 0, 0, 0.0]","[0, 0, 0, 0.0]","[0, 0, 0, 0.0]","[0, 0, 0, 0.0]","[0, 0, 0, 0.0]","[0, 0, 0, 0.0]","[0, 0, 0, 0.0]","[0, 0, 0, 0.0]","[0, 0, 0, 0.0]","[0, 0, 0, 0.0]","[1, 1, 100.0, 3.03]","[0, 0, 0, 0.0]","[0, 0, 0, 0.0]","[0, 0, 0, 0.0]","[0, 0, 0, 0.0]","[0, 0, 0, 0.0]","[0, 0, 0, 0.0]","[0, 0, 0, 0.0]","[0, 0, 0, 0.0]","[0, 0, 0, 0.0]","[0, 0, 0, 0.0]","[0, 0, 0, 0.0]","[0, 0, 0, 0.0]","[0, 0, 0, 0.0]","[0, 0, 0, 0.0]","[0, 0, 0, 0.0]","[0, 0, 0, 0.0]","[0, 0, 0, 0.0]","[0, 0, 0, 0.0]","[0, 1, 0.0, 1.85]","[0, 0, 0, 0.0]","[0, 0, 0, 0.0]","[0, 0, 0, 0.0]","[0, 0, 0, 0.0]","[0, 0, 0, 0.0]","[0, 0, 0, 0.0]","[0, 0, 0, 0.0]","[0, 0, 0, 0.0]","[0, 0, 0, 0.0]","[0, 0, 0, 0.0]","[0, 0, 0, 0.0]","[0, 0, 0, 0.0]","[0, 0, 0, 0.0]","[0, 0, 0, 0.0]","[0, 0, 0, 0.0]","[0, 0, 0, 0.0]","[0, 0, 0, 0.0]","[0, 0, 0, 0.0]","[0, 0, 0, 0.0]","[0, 0, 0, 0.0]","[0, 0, 0, 0.0]","[0, 0, 0, 0.0]","[0, 0, 0, 0.0]","[0, 0, 0, 0.0]","[0, 0, 0, 0.0]","[0, 0, 0, 0.0]","[0, 0, 0, 0.0]","[0, 0, 0, 0.0]","[0, 0, 0, 0.0]","[0, 0, 0, 0.0]"
diana,"[16, 19, 84.21, 2.77]","[0, 0, 0, 0.0]","[0, 0, 0, 0.0]","[0, 0, 0, 0.0]","[0, 0, 0, 0.0]","[0, 0, 0, 0.0]","[0, 0, 0, 0.0]","[0, 0, 0, 0.0]","[0, 0, 0, 0.0]","[0, 0, 0, 0.0]","[0, 0, 0, 0.0]","[0, 0, 0, 0.0]","[1, 1, 100.0, 3.03]","[0, 0, 0, 0.0]","[0, 0, 0, 0.0]","[0, 0, 0, 0.0]","[1, 1, 100.0, 4.55]","[0, 0, 0, 0.0]","[0, 0, 0, 0.0]","[0, 0, 0, 0.0]","[0, 0, 0, 0.0]","[0, 0, 0, 0.0]","[0, 0, 0, 0.0]","[0, 0, 0, 0.0]","[1, 1, 100.0, 3.23]","[1, 1, 100.0, 1.16]","[0, 0, 0, 0.0]","[0, 0, 0, 0.0]","[0, 0, 0, 0.0]","[1, 1, 100.0, 5.0]","[1, 1, 100.0, 16.67]","[3, 4, 75.0, 7.41]","[0, 0, 0, 0.0]","[0, 0, 0, 0.0]","[0, 0, 0, 0.0]","[0, 0, 0, 0.0]","[0, 0, 0, 0.0]","[0, 0, 0, 0.0]","[0, 0, 0, 0.0]","[0, 0, 0, 0.0]","[0, 0, 0, 0.0]","[1, 1, 100.0, 4.55]","[1, 1, 100.0, 7.14]","[0, 0, 0, 0.0]","[0, 0, 0, 0.0]","[0, 0, 0, 0.0]","[0, 1, 0.0, 100.0]","[0, 0, 0, 0.0]","[1, 1, 100.0, 100.0]","[0, 0, 0, 0.0]","[1, 1, 100.0, 100.0]","[2, 2, 100.0, 6.06]","[0, 0, 0, 0.0]","[0, 0, 0, 0.0]","[0, 0, 0, 0.0]","[0, 0, 0, 0.0]","[0, 0, 0, 0.0]","[0, 0, 0, 0.0]","[1, 2, 50.0, 4.44]","[0, 0, 0, 0.0]","[0, 0, 0, 0.0]","[0, 0, 0, 0.0]"
ekko,"[18, 35, 51.43, 5.09]","[0, 0, 0, 0.0]","[1, 1, 100.0, 6.67]","[0, 0, 0, 0.0]","[1, 1, 100.0, 50.0]","[0, 0, 0, 0.0]","[0, 0, 0, 0.0]","[0, 0, 0, 0.0]","[0, 0, 0, 0.0]","[0, 1, 0.0, 3.23]","[0, 0, 0, 0.0]","[0, 0, 0, 0.0]","[1, 2, 50.0, 6.06]","[2, 3, 66.67, 75.0]","[0, 0, 0, 0.0]","[0, 0, 0, 0.0]","[0, 0, 0, 0.0]","[0, 0, 0, 0.0]","[0, 0, 0, 0.0]","[1, 1, 100.0, 7.69]","[0, 0, 0, 0.0]","[0, 0, 0, 0.0]","[0, 0, 0, 0.0]","[1, 2, 50.0, 7.14]","[0, 1, 0.0, 3.23]","[3, 5, 60.0, 5.81]","[0, 0, 0, 0.0]","[0, 0, 0, 0.0]","[0, 0, 0, 0.0]","[0, 0, 0, 0.0]","[0, 0, 0, 0.0]","[2, 3, 66.67, 5.56]","[0, 0, 0, 0.0]","[0, 0, 0, 0.0]","[0, 0, 0, 0.0]","[0, 0, 0, 0.0]","[0, 0, 0, 0.0]","[0, 0, 0, 0.0]","[0, 0, 0, 0.0]","[0, 0, 0, 0.0]","[0, 0, 0, 0.0]","[0, 0, 0, 0.0]","[0, 1, 0.0, 7.14]","[0, 0, 0, 0.0]","[0, 0, 0, 0.0]","[1, 1, 100.0, 5.26]","[0, 0, 0, 0.0]","[0, 1, 0.0, 25.0]","[0, 0, 0, 0.0]","[0, 0, 0, 0.0]","[0, 0, 0, 0.0]","[1, 4, 25.0, 12.12]","[0, 0, 0, 0.0]","[2, 2, 100.0, 7.69]","[0, 0, 0, 0.0]","[0, 2, 0.0, 100.0]","[0, 0, 0, 0.0]","[0, 0, 0, 0.0]","[2, 4, 50.0, 8.89]","[0, 0, 0, 0.0]","[0, 0, 0, 0.0]","[0, 0, 0, 0.0]"
elise,"[12, 20, 60.0, 2.91]","[0, 0, 0, 0.0]","[1, 2, 50.0, 13.33]","[0, 0, 0, 0.0]","[0, 0, 0, 0.0]","[0, 0, 0, 0.0]","[0, 0, 0, 0.0]","[1, 1, 100.0, 100.0]","[0, 1, 0.0, 12.5]","[0, 0, 0, 0.0]","[1, 1, 100.0, 25.0]","[0, 0, 0, 0.0]","[1, 1, 100.0, 3.03]","[0, 0, 0, 0.0]","[0, 1, 0.0, 33.33]","[0, 0, 0, 0.0]","[0, 0, 0, 0.0]","[0, 0, 0, 0.0]","[0, 0, 0, 0.0]","[0, 0, 0, 0.0]","[0, 0, 0, 0.0]","[0, 0, 0, 0.0]","[0, 0, 0, 0.0]","[0, 0, 0, 0.0]","[0, 0, 0, 0.0]","[0, 1, 0.0, 1.16]","[0, 0, 0, 0.0]","[0, 0, 0, 0.0]","[0, 0, 0, 0.0]","[1, 1, 100.0, 5.0]","[0, 0, 0, 0.0]","[1, 3, 33.33, 5.56]","[0, 0, 0, 0.0]","[0, 0, 0, 0.0]","[0, 0, 0, 0.0]","[1, 1, 100.0, 100.0]","[0, 0, 0, 0.0]","[0, 0, 0, 0.0]","[0, 0, 0, 0.0]","[0, 0, 0, 0.0]","[0, 0, 0, 0.0]","[0, 0, 0, 0.0]","[0, 1, 0.0, 7.14]","[0, 0, 0, 0.0]","[0, 0, 0, 0.0]","[1, 1, 100.0, 5.26]","[0, 0, 0, 0.0]","[0, 0, 0, 0.0]","[0, 0, 0, 0.0]","[0, 0, 0, 0.0]","[0, 0, 0, 0.0]","[2, 3, 66.67, 9.09]","[0, 0, 0, 0.0]","[0, 0, 0, 0.0]","[0, 0, 0, 0.0]","[0, 0, 0, 0.0]","[1, 1, 100.0, 100.0]","[0, 0, 0, 0.0]","[1, 1, 100.0, 2.22]","[0, 0, 0, 0.0]","[0, 0, 0, 0.0]","[0, 0, 0, 0.0]"
ezreal,"[1, 1, 100.0, 0.15]","[0, 0, 0, 0.0]","[0, 0, 0, 0.0]","[0, 0, 0, 0.0]","[0, 0, 0, 0.0]","[0, 0, 0, 0.0]","[0, 0, 0, 0.0]","[0, 0, 0, 0.0]","[0, 0, 0, 0.0]","[1, 1, 100.0, 3.23]","[0, 0, 0, 0.0]","[0, 0, 0, 0.0]","[0, 0, 0, 0.0]","[0, 0, 0, 0.0]","[0, 0, 0, 0.0]","[0, 0, 0, 0.0]","[0, 0, 0, 0.0]","[0, 0, 0, 0.0]","[0, 0, 0, 0.0]","[0, 0, 0, 0.0]","[0, 0, 0, 0.0]","[0, 0, 0, 0.0]","[0, 0, 0, 0.0]","[0, 0, 0, 0.0]","[0, 0, 0, 0.0]","[0, 0, 0, 0.0]","[0, 0, 0, 0.0]","[0, 0, 0, 0.0]","[0, 0, 0, 0.0]","[0, 0, 0, 0.0]","[0, 0, 0, 0.0]","[0, 0, 0, 0.0]","[0, 0, 0, 0.0]","[0, 0, 0, 0.0]","[0, 0, 0, 0.0]","[0, 0, 0, 0.0]","[0, 0, 0, 0.0]","[0, 0, 0, 0.0]","[0, 0, 0, 0.0]","[0, 0, 0, 0.0]","[0, 0, 0, 0.0]","[0, 0, 0, 0.0]","[0, 0, 0, 0.0]","[0, 0, 0, 0.0]","[0, 0, 0, 0.0]","[0, 0, 0, 0.0]","[0, 0, 0, 0.0]","[0, 0, 0, 0.0]","[0, 0, 0, 0.0]","[0, 0, 0, 0.0]","[0, 0, 0, 0.0]","[0, 0, 0, 0.0]","[0, 0, 0, 0.0]","[0, 0, 0, 0.0]","[0, 0, 0, 0.0]","[0, 0, 0, 0.0]","[0, 0, 0, 0.0]","[0, 0, 0, 0.0]","[0, 0, 0, 0.0]","[0, 0, 0, 0.0]","[0, 0, 0, 0.0]","[0, 0, 0, 0.0]"
gragas,"[16, 22, 72.73, 3.2]","[0, 0, 0, 0.0]","[1, 1, 100.0, 6.67]","[0, 0, 0, 0.0]","[0, 0, 0, 0.0]","[0, 0, 0, 0.0]","[0, 0, 0, 0.0]","[0, 0, 0, 0.0]","[0, 0, 0, 0.0]","[1, 1, 100.0, 3.23]","[0, 0, 0, 0.0]","[0, 0, 0, 0.0]","[0, 0, 0, 0.0]","[0, 0, 0, 0.0]","[0, 0, 0, 0.0]","[0, 0, 0, 0.0]","[0, 0, 0, 0.0]","[0, 0, 0, 0.0]","[0, 0, 0, 0.0]","[1, 1, 100.0, 7.69]","[0, 0, 0, 0.0]","[0, 0, 0, 0.0]","[0, 0, 0, 0.0]","[0, 0, 0, 0.0]","[0, 1, 0.0, 3.23]","[3, 5, 60.0, 5.81]","[0, 0, 0, 0.0]","[0, 0, 0, 0.0]","[0, 0, 0, 0.0]","[3, 3, 100.0, 15.0]","[0, 0, 0, 0.0]","[3, 3, 100.0, 5.56]","[0, 0, 0, 0.0]","[0, 0, 0, 0.0]","[0, 0, 0, 0.0]","[0, 0, 0, 0.0]","[0, 0, 0, 0.0]","[0, 0, 0, 0.0]","[0, 0, 0, 0.0]","[0, 0, 0, 0.0]","[0, 0, 0, 0.0]","[0, 2, 0.0, 9.09]","[0, 0, 0, 0.0]","[0, 0, 0, 0.0]","[0, 0, 0, 0.0]","[0, 0, 0, 0.0]","[0, 0, 0, 0.0]","[1, 1, 100.0, 25.0]","[0, 0, 0, 0.0]","[0, 0, 0, 0.0]","[0, 0, 0, 0.0]","[1, 1, 100.0, 3.03]","[0, 0, 0, 0.0]","[0, 0, 0, 0.0]","[0, 1, 0.0, 16.67]","[0, 0, 0, 0.0]","[0, 0, 0, 0.0]","[0, 0, 0, 0.0]","[1, 1, 100.0, 2.22]","[0, 0, 0, 0.0]","[0, 0, 0, 0.0]","[1, 1, 100.0, 9.09]"
graves,"[18, 21, 85.71, 3.06]","[0, 0, 0, 0.0]","[0, 0, 0, 0.0]","[0, 0, 0, 0.0]","[0, 0, 0, 0.0]","[1, 1, 100.0, 100.0]","[0, 0, 0, 0.0]","[0, 0, 0, 0.0]","[0, 0, 0, 0.0]","[1, 1, 100.0, 3.23]","[0, 0, 0, 0.0]","[0, 0, 0, 0.0]","[0, 0, 0, 0.0]","[0, 0, 0, 0.0]","[0, 0, 0, 0.0]","[1, 1, 100.0, 7.14]","[0, 0, 0, 0.0]","[0, 0, 0, 0.0]","[0, 0, 0, 0.0]","[0, 0, 0, 0.0]","[0, 0, 0, 0.0]","[0, 0, 0, 0.0]","[0, 0, 0, 0.0]","[0, 0, 0, 0.0]","[1, 2, 50.0, 6.45]","[3, 3, 100.0, 3.49]","[0, 0, 0, 0.0]","[1, 1, 100.0, 8.33]","[0, 0, 0, 0.0]","[3, 3, 100.0, 15.0]","[0, 0, 0, 0.0]","[0, 0, 0, 0.0]","[1, 1, 100.0, 8.33]","[0, 0, 0, 0.0]","[0, 0, 0, 0.0]","[0, 0, 0, 0.0]","[0, 0, 0, 0.0]","[0, 0, 0, 0.0]","[0, 0, 0, 0.0]","[0, 0, 0, 0.0]","[0, 0, 0, 0.0]","[1, 1, 100.0, 4.55]","[0, 0, 0, 0.0]","[0, 0, 0, 0.0]","[0, 0, 0, 0.0]","[0, 0, 0, 0.0]","[0, 0, 0, 0.0]","[0, 0, 0, 0.0]","[0, 0, 0, 0.0]","[0, 0, 0, 0.0]","[0, 0, 0, 0.0]","[2, 4, 50.0, 12.12]","[0, 0, 0, 0.0]","[1, 1, 100.0, 3.85]","[1, 1, 100.0, 16.67]","[0, 0, 0, 0.0]","[0, 0, 0, 0.0]","[0, 0, 0, 0.0]","[0, 0, 0, 0.0]","[1, 1, 100.0, 50.0]","[0, 0, 0, 0.0]","[0, 0, 0, 0.0]"
gwen,"[3, 8, 37.5, 1.16]","[0, 0, 0, 0.0]","[1, 1, 100.0, 6.67]","[0, 0, 0, 0.0]","[0, 0, 0, 0.0]","[0, 0, 0, 0.0]","[0, 1, 0.0, 16.67]","[0, 0, 0, 0.0]","[1, 1, 100.0, 12.5]","[0, 0, 0, 0.0]","[0, 0, 0, 0.0]","[0, 0, 0, 0.0]","[0, 0, 0, 0.0]","[0, 0, 0, 0.0]","[0, 0, 0, 0.0]","[0, 0, 0, 0.0]","[0, 0, 0, 0.0]","[0, 0, 0, 0.0]","[0, 0, 0, 0.0]","[0, 0, 0, 0.0]","[0, 0, 0, 0.0]","[0, 0, 0, 0.0]","[0, 0, 0, 0.0]","[0, 0, 0, 0.0]","[0, 0, 0, 0.0]","[1, 1, 100.0, 1.16]","[0, 0, 0, 0.0]","[0, 0, 0, 0.0]","[0, 0, 0, 0.0]","[0, 0, 0, 0.0]","[0, 0, 0, 0.0]","[0, 0, 0, 0.0]","[0, 0, 0, 0.0]","[0, 0, 0, 0.0]","[0, 0, 0, 0.0]","[0, 0, 0, 0.0]","[0, 0, 0, 0.0]","[0, 0, 0, 0.0]","[0, 0, 0, 0.0]","[0, 0, 0, 0.0]","[0, 0, 0, 0.0]","[0, 1, 0.0, 4.55]","[0, 0, 0, 0.0]","[0, 0, 0, 0.0]","[0, 0, 0, 0.0]","[0, 0, 0, 0.0]","[0, 0, 0, 0.0]","[0, 1, 0.0, 25.0]","[0, 0, 0, 0.0]","[0, 0, 0, 0.0]","[0, 0, 0, 0.0]","[0, 0, 0, 0.0]","[0, 0, 0, 0.0]","[0, 0, 0, 0.0]","[0, 0, 0, 0.0]","[0, 0, 0, 0.0]","[0, 0, 0, 0.0]","[0, 0, 0, 0.0]","[0, 2, 0.0, 4.44]","[0, 0, 0, 0.0]","[0, 0, 0, 0.0]","[0, 0, 0, 0.0]"
hecarim,"[1, 1, 100.0, 0.15]","[0, 0, 0, 0.0]","[0, 0, 0, 0.0]","[0, 0, 0, 0.0]","[0, 0, 0, 0.0]","[0, 0, 0, 0.0]","[0, 0, 0, 0.0]","[0, 0, 0, 0.0]","[0, 0, 0, 0.0]","[0, 0, 0, 0.0]","[0, 0, 0, 0.0]","[0, 0, 0, 0.0]","[0, 0, 0, 0.0]","[0, 0, 0, 0.0]","[0, 0, 0, 0.0]","[0, 0, 0, 0.0]","[0, 0, 0, 0.0]","[0, 0, 0, 0.0]","[0, 0, 0, 0.0]","[0, 0, 0, 0.0]","[0, 0, 0, 0.0]","[0, 0, 0, 0.0]","[0, 0, 0, 0.0]","[0, 0, 0, 0.0]","[0, 0, 0, 0.0]","[0, 0, 0, 0.0]","[0, 0, 0, 0.0]","[0, 0, 0, 0.0]","[0, 0, 0, 0.0]","[0, 0, 0, 0.0]","[0, 0, 0, 0.0]","[0, 0, 0, 0.0]","[0, 0, 0, 0.0]","[1, 1, 100.0, 100.0]","[0, 0, 0, 0.0]","[0, 0, 0, 0.0]","[0, 0, 0, 0.0]","[0, 0, 0, 0.0]","[0, 0, 0, 0.0]","[0, 0, 0, 0.0]","[0, 0, 0, 0.0]","[0, 0, 0, 0.0]","[0, 0, 0, 0.0]","[0, 0, 0, 0.0]","[0, 0, 0, 0.0]","[0, 0, 0, 0.0]","[0, 0, 0, 0.0]","[0, 0, 0, 0.0]","[0, 0, 0, 0.0]","[0, 0, 0, 0.0]","[0, 0, 0, 0.0]","[0, 0, 0, 0.0]","[0, 0, 0, 0.0]","[0, 0, 0, 0.0]","[0, 0, 0, 0.0]","[0, 0, 0, 0.0]","[0, 0, 0, 0.0]","[0, 0, 0, 0.0]","[0, 0, 0, 0.0]","[0, 0, 0, 0.0]","[0, 0, 0, 0.0]","[0, 0, 0, 0.0]"
ivern,"[2, 4, 50.0, 0.58]","[0, 0, 0, 0.0]","[0, 0, 0, 0.0]","[0, 0, 0, 0.0]","[0, 0, 0, 0.0]","[0, 0, 0, 0.0]","[0, 0, 0, 0.0]","[0, 0, 0, 0.0]","[0, 0, 0, 0.0]","[0, 0, 0, 0.0]","[0, 0, 0, 0.0]","[0, 0, 0, 0.0]","[0, 0, 0, 0.0]","[0, 0, 0, 0.0]","[0, 0, 0, 0.0]","[0, 0, 0, 0.0]","[0, 0, 0, 0.0]","[0, 0, 0, 0.0]","[0, 0, 0, 0.0]","[0, 0, 0, 0.0]","[0, 0, 0, 0.0]","[0, 0, 0, 0.0]","[0, 0, 0, 0.0]","[0, 0, 0, 0.0]","[0, 1, 0.0, 3.23]","[0, 0, 0, 0.0]","[0, 0, 0, 0.0]","[0, 0, 0, 0.0]","[0, 0, 0, 0.0]","[0, 0, 0, 0.0]","[0, 0, 0, 0.0]","[0, 0, 0, 0.0]","[0, 0, 0, 0.0]","[0, 0, 0, 0.0]","[0, 0, 0, 0.0]","[0, 0, 0, 0.0]","[0, 0, 0, 0.0]","[0, 0, 0, 0.0]","[0, 0, 0, 0.0]","[0, 0, 0, 0.0]","[0, 0, 0, 0.0]","[1, 2, 50.0, 9.09]","[0, 0, 0, 0.0]","[0, 0, 0, 0.0]","[0, 0, 0, 0.0]","[0, 0, 0, 0.0]","[0, 0, 0, 0.0]","[0, 0, 0, 0.0]","[0, 0, 0, 0.0]","[0, 0, 0, 0.0]","[0, 0, 0, 0.0]","[0, 0, 0, 0.0]","[0, 0, 0, 0.0]","[0, 0, 0, 0.0]","[0, 0, 0, 0.0]","[0, 0, 0, 0.0]","[0, 0, 0, 0.0]","[0, 0, 0, 0.0]","[1, 1, 100.0, 2.22]","[0, 0, 0, 0.0]","[0, 0, 0, 0.0]","[0, 0, 0, 0.0]"
jarvaniv,"[7, 16, 43.75, 2.33]","[0, 0, 0, 0.0]","[0, 0, 0, 0.0]","[0, 0, 0, 0.0]","[0, 0, 0, 0.0]","[0, 0, 0, 0.0]","[0, 1, 0.0, 16.67]","[0, 0, 0, 0.0]","[0, 0, 0, 0.0]","[0, 0, 0, 0.0]","[0, 0, 0, 0.0]","[0, 1, 0.0, 7.69]","[0, 0, 0, 0.0]","[0, 0, 0, 0.0]","[0, 0, 0, 0.0]","[1, 1, 100.0, 7.14]","[0, 0, 0, 0.0]","[0, 0, 0, 0.0]","[0, 0, 0, 0.0]","[0, 0, 0, 0.0]","[0, 0, 0, 0.0]","[1, 1, 100.0, 25.0]","[0, 0, 0, 0.0]","[1, 1, 100.0, 3.57]","[1, 2, 50.0, 6.45]","[0, 3, 0.0, 3.49]","[1, 1, 100.0, 50.0]","[0, 0, 0, 0.0]","[0, 0, 0, 0.0]","[0, 0, 0, 0.0]","[0, 0, 0, 0.0]","[0, 0, 0, 0.0]","[0, 0, 0, 0.0]","[0, 0, 0, 0.0]","[0, 0, 0, 0.0]","[0, 0, 0, 0.0]","[0, 0, 0, 0.0]","[0, 0, 0, 0.0]","[0, 0, 0, 0.0]","[0, 0, 0, 0.0]","[0, 0, 0, 0.0]","[0, 0, 0, 0.0]","[0, 0, 0, 0.0]","[0, 0, 0, 0.0]","[0, 0, 0, 0.0]","[0, 0, 0, 0.0]","[0, 0, 0, 0.0]","[0, 0, 0, 0.0]","[0, 0, 0, 0.0]","[0, 0, 0, 0.0]","[0, 0, 0, 0.0]","[0, 0, 0, 0.0]","[0, 0, 0, 0.0]","[0, 1, 0.0, 3.85]","[0, 0, 0, 0.0]","[0, 0, 0, 0.0]","[0, 0, 0, 0.0]","[1, 1, 100.0, 3.12]","[0, 1, 0.0, 2.22]","[0, 0, 0, 0.0]","[0, 0, 0, 0.0]","[1, 2, 50.0, 18.18]"
jax,"[1, 1, 100.0, 0.15]","[0, 0, 0, 0.0]","[0, 0, 0, 0.0]","[0, 0, 0, 0.0]","[0, 0, 0, 0.0]","[0, 0, 0, 0.0]","[0, 0, 0, 0.0]","[0, 0, 0, 0.0]","[0, 0, 0, 0.0]","[0, 0, 0, 0.0]","[0, 0, 0, 0.0]","[0, 0, 0, 0.0]","[0, 0, 0, 0.0]","[0, 0, 0, 0.0]","[0, 0, 0, 0.0]","[0, 0, 0, 0.0]","[0, 0, 0, 0.0]","[0, 0, 0, 0.0]","[0, 0, 0, 0.0]","[0, 0, 0, 0.0]","[0, 0, 0, 0.0]","[0, 0, 0, 0.0]","[0, 0, 0, 0.0]","[0, 0, 0, 0.0]","[0, 0, 0, 0.0]","[0, 0, 0, 0.0]","[0, 0, 0, 0.0]","[0, 0, 0, 0.0]","[0, 0, 0, 0.0]","[0, 0, 0, 0.0]","[0, 0, 0, 0.0]","[0, 0, 0, 0.0]","[0, 0, 0, 0.0]","[0, 0, 0, 0.0]","[0, 0, 0, 0.0]","[0, 0, 0, 0.0]","[0, 0, 0, 0.0]","[0, 0, 0, 0.0]","[0, 0, 0, 0.0]","[0, 0, 0, 0.0]","[0, 0, 0, 0.0]","[0, 0, 0, 0.0]","[0, 0, 0, 0.0]","[1, 1, 100.0, 12.5]","[0, 0, 0, 0.0]","[0, 0, 0, 0.0]","[0, 0, 0, 0.0]","[0, 0, 0, 0.0]","[0, 0, 0, 0.0]","[0, 0, 0, 0.0]","[0, 0, 0, 0.0]","[0, 0, 0, 0.0]","[0, 0, 0, 0.0]","[0, 0, 0, 0.0]","[0, 0, 0, 0.0]","[0, 0, 0, 0.0]","[0, 0, 0, 0.0]","[0, 0, 0, 0.0]","[0, 0, 0, 0.0]","[0, 0, 0, 0.0]","[0, 0, 0, 0.0]","[0, 0, 0, 0.0]"
kaisa,"[1, 1, 100.0, 0.15]","[0, 0, 0, 0.0]","[0, 0, 0, 0.0]","[0, 0, 0, 0.0]","[0, 0, 0, 0.0]","[0, 0, 0, 0.0]","[0, 0, 0, 0.0]","[0, 0, 0, 0.0]","[0, 0, 0, 0.0]","[0, 0, 0, 0.0]","[0, 0, 0, 0.0]","[0, 0, 0, 0.0]","[0, 0, 0, 0.0]","[0, 0, 0, 0.0]","[0, 0, 0, 0.0]","[0, 0, 0, 0.0]","[0, 0, 0, 0.0]","[0, 0, 0, 0.0]","[0, 0, 0, 0.0]","[0, 0, 0, 0.0]","[0, 0, 0, 0.0]","[1, 1, 100.0, 25.0]","[0, 0, 0, 0.0]","[0, 0, 0, 0.0]","[0, 0, 0, 0.0]","[0, 0, 0, 0.0]","[0, 0, 0, 0.0]","[0, 0, 0, 0.0]","[0, 0, 0, 0.0]","[0, 0, 0, 0.0]","[0, 0, 0, 0.0]","[0, 0, 0, 0.0]","[0, 0, 0, 0.0]","[0, 0, 0, 0.0]","[0, 0, 0, 0.0]","[0, 0, 0, 0.0]","[0, 0, 0, 0.0]","[0, 0, 0, 0.0]","[0, 0, 0, 0.0]","[0, 0, 0, 0.0]","[0, 0, 0, 0.0]","[0, 0, 0, 0.0]","[0, 0, 0, 0.0]","[0, 0, 0, 0.0]","[0, 0, 0, 0.0]","[0, 0, 0, 0.0]","[0, 0, 0, 0.0]","[0, 0, 0, 0.0]","[0, 0, 0, 0.0]","[0, 0, 0, 0.0]","[0, 0, 0, 0.0]","[0, 0, 0, 0.0]","[0, 0, 0, 0.0]","[0, 0, 0, 0.0]","[0, 0, 0, 0.0]","[0, 0, 0, 0.0]","[0, 0, 0, 0.0]","[0, 0, 0, 0.0]","[0, 0, 0, 0.0]","[0, 0, 0, 0.0]","[0, 0, 0, 0.0]","[0, 0, 0, 0.0]"
karthus,"[3, 7, 42.86, 1.02]","[0, 0, 0, 0.0]","[0, 0, 0, 0.0]","[0, 0, 0, 0.0]","[0, 0, 0, 0.0]","[0, 0, 0, 0.0]","[0, 0, 0, 0.0]","[0, 0, 0, 0.0]","[0, 0, 0, 0.0]","[0, 0, 0, 0.0]","[0, 0, 0, 0.0]","[0, 0, 0, 0.0]","[0, 0, 0, 0.0]","[0, 0, 0, 0.0]","[0, 0, 0, 0.0]","[0, 0, 0, 0.0]","[0, 0, 0, 0.0]","[0, 0, 0, 0.0]","[0, 0, 0, 0.0]","[0, 0, 0, 0.0]","[0, 0, 0, 0.0]","[0, 0, 0, 0.0]","[0, 0, 0, 0.0]","[0, 0, 0, 0.0]","[0, 0, 0, 0.0]","[0, 1, 0.0, 1.16]","[0, 0, 0, 0.0]","[0, 0, 0, 0.0]","[0, 0, 0, 0.0]","[0, 1, 0.0, 5.0]","[0, 0, 0, 0.0]","[0, 2, 0.0, 3.7]","[0, 0, 0, 0.0]","[0, 0, 0, 0.0]","[0, 0, 0, 0.0]","[0, 0, 0, 0.0]","[0, 0, 0, 0.0]","[1, 1, 100.0, 9.09]","[0, 0, 0, 0.0]","[0, 0, 0, 0.0]","[0, 0, 0, 0.0]","[0, 0, 0, 0.0]","[0, 0, 0, 0.0]","[1, 1, 100.0, 12.5]","[0, 0, 0, 0.0]","[0, 0, 0, 0.0]","[0, 0, 0, 0.0]","[0, 0, 0, 0.0]","[0, 0, 0, 0.0]","[0, 0, 0, 0.0]","[0, 0, 0, 0.0]","[0, 0, 0, 0.0]","[0, 0, 0, 0.0]","[0, 0, 0, 0.0]","[0, 0, 0, 0.0]","[0, 0, 0, 0.0]","[0, 0, 0, 0.0]","[1, 1, 100.0, 3.12]","[0, 0, 0, 0.0]","[0, 0, 0, 0.0]","[0, 0, 0, 0.0]","[0, 0, 0, 0.0]"
kayn,"[0, 1, 0.0, 0.15]","[0, 0, 0, 0.0]","[0, 0, 0, 0.0]","[0, 0, 0, 0.0]","[0, 1, 0.0, 50.0]","[0, 0, 0, 0.0]","[0, 0, 0, 0.0]","[0, 0, 0, 0.0]","[0, 0, 0, 0.0]","[0, 0, 0, 0.0]","[0, 0, 0, 0.0]","[0, 0, 0, 0.0]","[0, 0, 0, 0.0]","[0, 0, 0, 0.0]","[0, 0, 0, 0.0]","[0, 0, 0, 0.0]","[0, 0, 0, 0.0]","[0, 0, 0, 0.0]","[0, 0, 0, 0.0]","[0, 0, 0, 0.0]","[0, 0, 0, 0.0]","[0, 0, 0, 0.0]","[0, 0, 0, 0.0]","[0, 0, 0, 0.0]","[0, 0, 0, 0.0]","[0, 0, 0, 0.0]","[0, 0, 0, 0.0]","[0, 0, 0, 0.0]","[0, 0, 0, 0.0]","[0, 0, 0, 0.0]","[0, 0, 0, 0.0]","[0, 0, 0, 0.0]","[0, 0, 0, 0.0]","[0, 0, 0, 0.0]","[0, 0, 0, 0.0]","[0, 0, 0, 0.0]","[0, 0, 0, 0.0]","[0, 0, 0, 0.0]","[0, 0, 0, 0.0]","[0, 0, 0, 0.0]","[0, 0, 0, 0.0]","[0, 0, 0, 0.0]","[0, 0, 0, 0.0]","[0, 0, 0, 0.0]","[0, 0, 0, 0.0]","[0, 0, 0, 0.0]","[0, 0, 0, 0.0]","[0, 0, 0, 0.0]","[0, 0, 0, 0.0]","[0, 0, 0, 0.0]","[0, 0, 0, 0.0]","[0, 0, 0, 0.0]","[0, 0, 0, 0.0]","[0, 0, 0, 0.0]","[0, 0, 0, 0.0]","[0, 0, 0, 0.0]","[0, 0, 0, 0.0]","[0, 0, 0, 0.0]","[0, 0, 0, 0.0]","[0, 0, 0, 0.0]","[0, 0, 0, 0.0]","[0, 0, 0, 0.0]"
khazix,"[30, 43, 69.77, 6.26]","[0, 0, 0, 0.0]","[0, 1, 0.0, 6.67]","[0, 0, 0, 0.0]","[0, 0, 0, 0.0]","[0, 0, 0, 0.0]","[0, 0, 0, 0.0]","[0, 0, 0, 0.0]","[0, 0, 0, 0.0]","[2, 2, 100.0, 6.45]","[0, 0, 0, 0.0]","[0, 0, 0, 0.0]","[1, 2, 50.0, 6.06]","[0, 0, 0, 0.0]","[0, 0, 0, 0.0]","[1, 1, 100.0, 7.14]","[1, 2, 50.0, 9.09]","[0, 0, 0, 0.0]","[0, 0, 0, 0.0]","[0, 0, 0, 0.0]","[0, 0, 0, 0.0]","[0, 0, 0, 0.0]","[0, 0, 0, 0.0]","[0, 0, 0, 0.0]","[0, 1, 0.0, 3.23]","[8, 8, 100.0, 9.3]","[0, 0, 0, 0.0]","[0, 0, 0, 0.0]","[0, 0, 0, 0.0]","[0, 0, 0, 0.0]","[0, 0, 0, 0.0]","[1, 2, 50.0, 3.7]","[1, 1, 100.0, 8.33]","[0, 0, 0, 0.0]","[0, 0, 0, 0.0]","[0, 0, 0, 0.0]","[0, 0, 0, 0.0]","[0, 1, 0.0, 9.09]","[0, 0, 0, 0.0]","[0, 0, 0, 0.0]","[0, 0, 0, 0.0]","[3, 4, 75.0, 18.18]","[2, 2, 100.0, 14.29]","[0, 0, 0, 0.0]","[0, 0, 0, 0.0]","[3, 4, 75.0, 21.05]","[0, 0, 0, 0.0]","[0, 0, 0, 0.0]","[0, 0, 0, 0.0]","[0, 0, 0, 0.0]","[0, 0, 0, 0.0]","[0, 0, 0, 0.0]","[0, 0, 0, 0.0]","[5, 5, 100.0, 19.23]","[0, 0, 0, 0.0]","[0, 0, 0, 0.0]","[0, 0, 0, 0.0]","[2, 5, 40.0, 15.62]","[0, 1, 0.0, 2.22]","[0, 0, 0, 0.0]","[0, 0, 0, 0.0]","[0, 1, 0.0, 9.09]"
kindred,"[31, 52, 59.62, 7.57]","[1, 1, 100.0, 100.0]","[0, 0, 0, 0.0]","[1, 1, 100.0, 100.0]","[0, 0, 0, 0.0]","[0, 0, 0, 0.0]","[0, 0, 0, 0.0]","[0, 0, 0, 0.0]","[0, 0, 0, 0.0]","[1, 4, 25.0, 12.9]","[0, 0, 0, 0.0]","[1, 1, 100.0, 7.69]","[0, 1, 0.0, 3.03]","[0, 0, 0, 0.0]","[0, 0, 0, 0.0]","[2, 3, 66.67, 21.43]","[0, 1, 0.0, 4.55]","[0, 0, 0, 0.0]","[0, 0, 0, 0.0]","[2, 2, 100.0, 15.38]","[0, 0, 0, 0.0]","[0, 0, 0, 0.0]","[0, 0, 0, 0.0]","[1, 1, 100.0, 3.57]","[0, 0, 0, 0.0]","[3, 4, 75.0, 4.65]","[0, 0, 0, 0.0]","[1, 2, 50.0, 16.67]","[0, 0, 0, 0.0]","[0, 0, 0, 0.0]","[1, 2, 50.0, 33.33]","[5, 8, 62.5, 14.81]","[0, 0, 0, 0.0]","[0, 0, 0, 0.0]","[0, 0, 0, 0.0]","[0, 0, 0, 0.0]","[1, 1, 100.0, 100.0]","[2, 3, 66.67, 27.27]","[0, 1, 0.0, 100.0]","[0, 0, 0, 0.0]","[0, 1, 0.0, 100.0]","[1, 1, 100.0, 4.55]","[0, 0, 0, 0.0]","[0, 0, 0, 0.0]","[0, 0, 0, 0.0]","[1, 1, 100.0, 5.26]","[0, 0, 0, 0.0]","[0, 0, 0, 0.0]","[0, 0, 0, 0.0]","[0, 0, 0, 0.0]","[0, 0, 0, 0.0]","[2, 5, 40.0, 15.15]","[0, 0, 0, 0.0]","[0, 1, 0.0, 3.85]","[0, 0, 0, 0.0]","[0, 0, 0, 0.0]","[0, 0, 0, 0.0]","[2, 2, 100.0, 6.25]","[2, 2, 100.0, 4.44]","[0, 0, 0, 0.0]","[1, 2, 50.0, 66.67]","[0, 1, 0.0, 9.09]"
ksante,"[0, 1, 0.0, 0.15]","[0, 0, 0, 0.0]","[0, 0, 0, 0.0]","[0, 0, 0, 0.0]","[0, 0, 0, 0.0]","[0, 0, 0, 0.0]","[0, 0, 0, 0.0]","[0, 0, 0, 0.0]","[0, 0, 0, 0.0]","[0, 0, 0, 0.0]","[0, 0, 0, 0.0]","[0, 0, 0, 0.0]","[0, 0, 0, 0.0]","[0, 0, 0, 0.0]","[0, 0, 0, 0.0]","[0, 0, 0, 0.0]","[0, 0, 0, 0.0]","[0, 0, 0, 0.0]","[0, 0, 0, 0.0]","[0, 0, 0, 0.0]","[0, 0, 0, 0.0]","[0, 0, 0, 0.0]","[0, 0, 0, 0.0]","[0, 1, 0.0, 3.57]","[0, 0, 0, 0.0]","[0, 0, 0, 0.0]","[0, 0, 0, 0.0]","[0, 0, 0, 0.0]","[0, 0, 0, 0.0]","[0, 0, 0, 0.0]","[0, 0, 0, 0.0]","[0, 0, 0, 0.0]","[0, 0, 0, 0.0]","[0, 0, 0, 0.0]","[0, 0, 0, 0.0]","[0, 0, 0, 0.0]","[0, 0, 0, 0.0]","[0, 0, 0, 0.0]","[0, 0, 0, 0.0]","[0, 0, 0, 0.0]","[0, 0, 0, 0.0]","[0, 0, 0, 0.0]","[0, 0, 0, 0.0]","[0, 0, 0, 0.0]","[0, 0, 0, 0.0]","[0, 0, 0, 0.0]","[0, 0, 0, 0.0]","[0, 0, 0, 0.0]","[0, 0, 0, 0.0]","[0, 0, 0, 0.0]","[0, 0, 0, 0.0]","[0, 0, 0, 0.0]","[0, 0, 0, 0.0]","[0, 0, 0, 0.0]","[0, 0, 0, 0.0]","[0, 0, 0, 0.0]","[0, 0, 0, 0.0]","[0, 0, 0, 0.0]","[0, 0, 0, 0.0]","[0, 0, 0, 0.0]","[0, 0, 0, 0.0]","[0, 0, 0, 0.0]"
leesin,"[65, 103, 63.11, 14.99]","[0, 0, 0, 0.0]","[1, 2, 50.0, 13.33]","[0, 0, 0, 0.0]","[0, 0, 0, 0.0]","[0, 0, 0, 0.0]","[0, 0, 0, 0.0]","[0, 0, 0, 0.0]","[1, 1, 100.0, 12.5]","[1, 3, 33.33, 9.68]","[0, 0, 0, 0.0]","[0, 0, 0, 0.0]","[8, 10, 80.0, 30.3]","[0, 0, 0, 0.0]","[0, 1, 0.0, 33.33]","[1, 1, 100.0, 7.14]","[3, 3, 100.0, 13.64]","[0, 0, 0, 0.0]","[0, 0, 0, 0.0]","[1, 2, 50.0, 15.38]","[0, 0, 0, 0.0]","[1, 1, 100.0, 25.0]","[0, 0, 0, 0.0]","[2, 3, 66.67, 10.71]","[6, 8, 75.0, 25.81]","[0, 0, 0, 0.0]","[0, 0, 0, 0.0]","[0, 1, 0.0, 8.33]","[0, 0, 0, 0.0]","[0, 3, 0.0, 15.0]","[1, 2, 50.0, 33.33]","[3, 6, 50.0, 11.11]","[2, 2, 100.0, 16.67]","[0, 0, 0, 0.0]","[1, 1, 100.0, 100.0]","[0, 0, 0, 0.0]","[0, 0, 0, 0.0]","[1, 3, 33.33, 27.27]","[0, 0, 0, 0.0]","[0, 1, 0.0, 100.0]","[0, 0, 0, 0.0]","[1, 2, 50.0, 9.09]","[2, 3, 66.67, 21.43]","[3, 3, 100.0, 37.5]","[0, 0, 0, 0.0]","[2, 4, 50.0, 21.05]","[0, 0, 0, 0.0]","[0, 0, 0, 0.0]","[0, 0, 0, 0.0]","[0, 0, 0, 0.0]","[0, 0, 0, 0.0]","[1, 2, 50.0, 6.06]","[0, 0, 0, 0.0]","[4, 6, 66.67, 23.08]","[0, 0, 0, 0.0]","[0, 0, 0, 0.0]","[0, 0, 0, 0.0]","[6, 9, 66.67, 28.12]","[12, 17, 70.59, 37.78]","[0, 1, 0.0, 50.0]","[0, 0, 0, 0.0]","[1, 2, 50.0, 18.18]"
lillia,"[6, 9, 66.67, 1.31]","[0, 0, 0, 0.0]","[0, 0, 0, 0.0]","[0, 0, 0, 0.0]","[0, 0, 0, 0.0]","[0, 0, 0, 0.0]","[0, 0, 0, 0.0]","[0, 0, 0, 0.0]","[0, 0, 0, 0.0]","[2, 2, 100.0, 6.45]","[0, 0, 0, 0.0]","[0, 0, 0, 0.0]","[0, 0, 0, 0.0]","[0, 0, 0, 0.0]","[0, 0, 0, 0.0]","[1, 1, 100.0, 7.14]","[0, 0, 0, 0.0]","[0, 0, 0, 0.0]","[0, 0, 0, 0.0]","[0, 0, 0, 0.0]","[0, 0, 0, 0.0]","[0, 0, 0, 0.0]","[0, 0, 0, 0.0]","[1, 1, 100.0, 3.57]","[0, 0, 0, 0.0]","[0, 0, 0, 0.0]","[0, 0, 0, 0.0]","[0, 0, 0, 0.0]","[0, 0, 0, 0.0]","[0, 0, 0, 0.0]","[0, 0, 0, 0.0]","[0, 1, 0.0, 1.85]","[0, 0, 0, 0.0]","[0, 0, 0, 0.0]","[0, 0, 0, 0.0]","[0, 0, 0, 0.0]","[0, 0, 0, 0.0]","[1, 1, 100.0, 9.09]","[0, 0, 0, 0.0]","[0, 0, 0, 0.0]","[0, 0, 0, 0.0]","[1, 3, 33.33, 13.64]","[0, 0, 0, 0.0]","[0, 0, 0, 0.0]","[0, 0, 0, 0.0]","[0, 0, 0, 0.0]","[0, 0, 0, 0.0]","[0, 0, 0, 0.0]","[0, 0, 0, 0.0]","[0, 0, 0, 0.0]","[0, 0, 0, 0.0]","[0, 0, 0, 0.0]","[0, 0, 0, 0.0]","[0, 0, 0, 0.0]","[0, 0, 0, 0.0]","[0, 0, 0, 0.0]","[0, 0, 0, 0.0]","[0, 0, 0, 0.0]","[0, 0, 0, 0.0]","[0, 0, 0, 0.0]","[0, 0, 0, 0.0]","[0, 0, 0, 0.0]"
maokai,"[2, 8, 25.0, 1.16]","[0, 0, 0, 0.0]","[0, 0, 0, 0.0]","[0, 0, 0, 0.0]","[0, 0, 0, 0.0]","[0, 0, 0, 0.0]","[0, 0, 0, 0.0]","[0, 0, 0, 0.0]","[0, 0, 0, 0.0]","[0, 0, 0, 0.0]","[0, 0, 0, 0.0]","[0, 0, 0, 0.0]","[0, 0, 0, 0.0]","[0, 0, 0, 0.0]","[0, 0, 0, 0.0]","[0, 0, 0, 0.0]","[1, 1, 100.0, 4.55]","[0, 0, 0, 0.0]","[0, 0, 0, 0.0]","[0, 0, 0, 0.0]","[0, 0, 0, 0.0]","[0, 0, 0, 0.0]","[0, 0, 0, 0.0]","[0, 1, 0.0, 3.57]","[0, 2, 0.0, 6.45]","[0, 0, 0, 0.0]","[0, 0, 0, 0.0]","[0, 0, 0, 0.0]","[0, 0, 0, 0.0]","[0, 0, 0, 0.0]","[0, 0, 0, 0.0]","[1, 1, 100.0, 1.85]","[0, 0, 0, 0.0]","[0, 0, 0, 0.0]","[0, 0, 0, 0.0]","[0, 0, 0, 0.0]","[0, 0, 0, 0.0]","[0, 0, 0, 0.0]","[0, 0, 0, 0.0]","[0, 0, 0, 0.0]","[0, 0, 0, 0.0]","[0, 0, 0, 0.0]","[0, 0, 0, 0.0]","[0, 0, 0, 0.0]","[0, 0, 0, 0.0]","[0, 1, 0.0, 5.26]","[0, 0, 0, 0.0]","[0, 0, 0, 0.0]","[0, 0, 0, 0.0]","[0, 0, 0, 0.0]","[0, 0, 0, 0.0]","[0, 1, 0.0, 3.03]","[0, 0, 0, 0.0]","[0, 0, 0, 0.0]","[0, 0, 0, 0.0]","[0, 0, 0, 0.0]","[0, 0, 0, 0.0]","[0, 0, 0, 0.0]","[0, 1, 0.0, 2.22]","[0, 0, 0, 0.0]","[0, 0, 0, 0.0]","[0, 0, 0, 0.0]"
monkeyking,"[21, 31, 67.74, 4.51]","[0, 0, 0, 0.0]","[0, 0, 0, 0.0]","[0, 0, 0, 0.0]","[0, 0, 0, 0.0]","[0, 0, 0, 0.0]","[0, 0, 0, 0.0]","[0, 0, 0, 0.0]","[0, 0, 0, 0.0]","[1, 1, 100.0, 3.23]","[0, 0, 0, 0.0]","[1, 3, 33.33, 23.08]","[0, 1, 0.0, 3.03]","[0, 0, 0, 0.0]","[0, 0, 0, 0.0]","[1, 1, 100.0, 7.14]","[4, 4, 100.0, 18.18]","[1, 1, 100.0, 50.0]","[0, 0, 0, 0.0]","[0, 0, 0, 0.0]","[1, 1, 100.0, 100.0]","[0, 0, 0, 0.0]","[0, 0, 0, 0.0]","[0, 0, 0, 0.0]","[0, 1, 0.0, 3.23]","[3, 6, 50.0, 6.98]","[0, 0, 0, 0.0]","[3, 3, 100.0, 25.0]","[0, 0, 0, 0.0]","[0, 0, 0, 0.0]","[0, 0, 0, 0.0]","[1, 2, 50.0, 3.7]","[2, 2, 100.0, 16.67]","[0, 0, 0, 0.0]","[0, 0, 0, 0.0]","[0, 0, 0, 0.0]","[0, 0, 0, 0.0]","[0, 0, 0, 0.0]","[0, 0, 0, 0.0]","[0, 0, 0, 0.0]","[0, 0, 0, 0.0]","[0, 0, 0, 0.0]","[1, 1, 100.0, 7.14]","[0, 0, 0, 0.0]","[0, 0, 0, 0.0]","[1, 1, 100.0, 5.26]","[0, 0, 0, 0.0]","[0, 0, 0, 0.0]","[0, 0, 0, 0.0]","[0, 0, 0, 0.0]","[0, 0, 0, 0.0]","[0, 0, 0, 0.0]","[0, 0, 0, 0.0]","[0, 0, 0, 0.0]","[1, 2, 50.0, 33.33]","[0, 0, 0, 0.0]","[0, 0, 0, 0.0]","[0, 0, 0, 0.0]","[0, 0, 0, 0.0]","[0, 0, 0, 0.0]","[0, 0, 0, 0.0]","[0, 1, 0.0, 9.09]"
nautilus,"[0, 1, 0.0, 0.15]","[0, 0, 0, 0.0]","[0, 0, 0, 0.0]","[0, 0, 0, 0.0]","[0, 0, 0, 0.0]","[0, 0, 0, 0.0]","[0, 0, 0, 0.0]","[0, 0, 0, 0.0]","[0, 0, 0, 0.0]","[0, 0, 0, 0.0]","[0, 0, 0, 0.0]","[0, 0, 0, 0.0]","[0, 0, 0, 0.0]","[0, 0, 0, 0.0]","[0, 0, 0, 0.0]","[0, 0, 0, 0.0]","[0, 0, 0, 0.0]","[0, 0, 0, 0.0]","[0, 0, 0, 0.0]","[0, 0, 0, 0.0]","[0, 0, 0, 0.0]","[0, 0, 0, 0.0]","[0, 0, 0, 0.0]","[0, 0, 0, 0.0]","[0, 0, 0, 0.0]","[0, 0, 0, 0.0]","[0, 0, 0, 0.0]","[0, 0, 0, 0.0]","[0, 0, 0, 0.0]","[0, 0, 0, 0.0]","[0, 0, 0, 0.0]","[0, 0, 0, 0.0]","[0, 0, 0, 0.0]","[0, 0, 0, 0.0]","[0, 0, 0, 0.0]","[0, 0, 0, 0.0]","[0, 0, 0, 0.0]","[0, 0, 0, 0.0]","[0, 0, 0, 0.0]","[0, 0, 0, 0.0]","[0, 0, 0, 0.0]","[0, 0, 0, 0.0]","[0, 0, 0, 0.0]","[0, 0, 0, 0.0]","[0, 0, 0, 0.0]","[0, 0, 0, 0.0]","[0, 0, 0, 0.0]","[0, 0, 0, 0.0]","[0, 0, 0, 0.0]","[0, 0, 0, 0.0]","[0, 0, 0, 0.0]","[0, 0, 0, 0.0]","[0, 0, 0, 0.0]","[0, 0, 0, 0.0]","[0, 0, 0, 0.0]","[0, 0, 0, 0.0]","[0, 0, 0, 0.0]","[0, 0, 0, 0.0]","[0, 0, 0, 0.0]","[0, 0, 0, 0.0]","[0, 0, 0, 0.0]","[0, 1, 0.0, 9.09]"
neeko,"[1, 3, 33.33, 0.44]","[0, 0, 0, 0.0]","[0, 0, 0, 0.0]","[0, 0, 0, 0.0]","[0, 0, 0, 0.0]","[0, 0, 0, 0.0]","[0, 0, 0, 0.0]","[0, 0, 0, 0.0]","[0, 0, 0, 0.0]","[0, 0, 0, 0.0]","[0, 0, 0, 0.0]","[0, 0, 0, 0.0]","[0, 0, 0, 0.0]","[0, 0, 0, 0.0]","[0, 0, 0, 0.0]","[0, 0, 0, 0.0]","[0, 0, 0, 0.0]","[0, 0, 0, 0.0]","[0, 0, 0, 0.0]","[0, 0, 0, 0.0]","[0, 0, 0, 0.0]","[0, 0, 0, 0.0]","[0, 0, 0, 0.0]","[1, 1, 100.0, 3.57]","[0, 0, 0, 0.0]","[0, 1, 0.0, 1.16]","[0, 0, 0, 0.0]","[0, 0, 0, 0.0]","[0, 0, 0, 0.0]","[0, 0, 0, 0.0]","[0, 0, 0, 0.0]","[0, 0, 0, 0.0]","[0, 0, 0, 0.0]","[0, 0, 0, 0.0]","[0, 0, 0, 0.0]","[0, 0, 0, 0.0]","[0, 0, 0, 0.0]","[0, 0, 0, 0.0]","[0, 0, 0, 0.0]","[0, 0, 0, 0.0]","[0, 0, 0, 0.0]","[0, 0, 0, 0.0]","[0, 0, 0, 0.0]","[0, 0, 0, 0.0]","[0, 0, 0, 0.0]","[0, 0, 0, 0.0]","[0, 0, 0, 0.0]","[0, 0, 0, 0.0]","[0, 0, 0, 0.0]","[0, 0, 0, 0.0]","[0, 0, 0, 0.0]","[0, 0, 0, 0.0]","[0, 0, 0, 0.0]","[0, 0, 0, 0.0]","[0, 0, 0, 0.0]","[0, 0, 0, 0.0]","[0, 0, 0, 0.0]","[0, 0, 0, 0.0]","[0, 1, 0.0, 2.22]","[0, 0, 0, 0.0]","[0, 0, 0, 0.0]","[0, 0, 0, 0.0]"
nidalee,"[27, 53, 50.94, 7.71]","[0, 0, 0, 0.0]","[1, 3, 33.33, 20.0]","[0, 0, 0, 0.0]","[0, 0, 0, 0.0]","[0, 0, 0, 0.0]","[1, 1, 100.0, 16.67]","[0, 0, 0, 0.0]","[2, 2, 100.0, 25.0]","[1, 3, 33.33, 9.68]","[0, 0, 0, 0.0]","[0, 1, 0.0, 7.69]","[2, 4, 50.0, 12.12]","[0, 0, 0, 0.0]","[0, 0, 0, 0.0]","[0, 0, 0, 0.0]","[0, 1, 0.0, 4.55]","[0, 0, 0, 0.0]","[0, 0, 0, 0.0]","[0, 0, 0, 0.0]","[0, 0, 0, 0.0]","[0, 1, 0.0, 25.0]","[0, 0, 0, 0.0]","[2, 3, 66.67, 10.71]","[1, 4, 25.0, 12.9]","[4, 8, 50.0, 9.3]","[1, 1, 100.0, 50.0]","[2, 3, 66.67, 25.0]","[0, 0, 0, 0.0]","[0, 0, 0, 0.0]","[0, 0, 0, 0.0]","[0, 0, 0, 0.0]","[0, 0, 0, 0.0]","[0, 0, 0, 0.0]","[0, 0, 0, 0.0]","[0, 0, 0, 0.0]","[0, 0, 0, 0.0]","[0, 0, 0, 0.0]","[0, 0, 0, 0.0]","[0, 0, 0, 0.0]","[0, 0, 0, 0.0]","[0, 0, 0, 0.0]","[0, 0, 0, 0.0]","[0, 0, 0, 0.0]","[0, 0, 0, 0.0]","[1, 1, 100.0, 5.26]","[0, 0, 0, 0.0]","[0, 1, 0.0, 25.0]","[0, 0, 0, 0.0]","[0, 0, 0, 0.0]","[0, 0, 0, 0.0]","[1, 3, 33.33, 9.09]","[0, 1, 0.0, 100.0]","[2, 3, 66.67, 11.54]","[0, 1, 0.0, 16.67]","[0, 0, 0, 0.0]","[0, 0, 0, 0.0]","[3, 5, 60.0, 15.62]","[2, 2, 100.0, 4.44]","[0, 0, 0, 0.0]","[1, 1, 100.0, 33.33]","[0, 0, 0, 0.0]"
nocturne,"[3, 4, 75.0, 0.58]","[0, 0, 0, 0.0]","[0, 0, 0, 0.0]","[0, 0, 0, 0.0]","[0, 0, 0, 0.0]","[0, 0, 0, 0.0]","[0, 0, 0, 0.0]","[0, 0, 0, 0.0]","[0, 0, 0, 0.0]","[0, 0, 0, 0.0]","[0, 0, 0, 0.0]","[0, 0, 0, 0.0]","[1, 1, 100.0, 3.03]","[0, 0, 0, 0.0]","[0, 0, 0, 0.0]","[0, 0, 0, 0.0]","[0, 0, 0, 0.0]","[0, 0, 0, 0.0]","[0, 0, 0, 0.0]","[0, 0, 0, 0.0]","[0, 0, 0, 0.0]","[0, 0, 0, 0.0]","[0, 0, 0, 0.0]","[0, 0, 0, 0.0]","[1, 1, 100.0, 3.23]","[0, 1, 0.0, 1.16]","[0, 0, 0, 0.0]","[0, 0, 0, 0.0]","[0, 0, 0, 0.0]","[0, 0, 0, 0.0]","[0, 0, 0, 0.0]","[0, 0, 0, 0.0]","[0, 0, 0, 0.0]","[0, 0, 0, 0.0]","[0, 0, 0, 0.0]","[0, 0, 0, 0.0]","[0, 0, 0, 0.0]","[0, 0, 0, 0.0]","[0, 0, 0, 0.0]","[0, 0, 0, 0.0]","[0, 0, 0, 0.0]","[0, 0, 0, 0.0]","[0, 0, 0, 0.0]","[0, 0, 0, 0.0]","[0, 0, 0, 0.0]","[1, 1, 100.0, 5.26]","[0, 0, 0, 0.0]","[0, 0, 0, 0.0]","[0, 0, 0, 0.0]","[0, 0, 0, 0.0]","[0, 0, 0, 0.0]","[0, 0, 0, 0.0]","[0, 0, 0, 0.0]","[0, 0, 0, 0.0]","[0, 0, 0, 0.0]","[0, 0, 0, 0.0]","[0, 0, 0, 0.0]","[0, 0, 0, 0.0]","[0, 0, 0, 0.0]","[0, 0, 0, 0.0]","[0, 0, 0, 0.0]","[0, 0, 0, 0.0]"
olaf,"[1, 1, 100.0, 0.15]","[0, 0, 0, 0.0]","[0, 0, 0, 0.0]","[0, 0, 0, 0.0]","[0, 0, 0, 0.0]","[0, 0, 0, 0.0]","[0, 0, 0, 0.0]","[0, 0, 0, 0.0]","[0, 0, 0, 0.0]","[1, 1, 100.0, 3.23]","[0, 0, 0, 0.0]","[0, 0, 0, 0.0]","[0, 0, 0, 0.0]","[0, 0, 0, 0.0]","[0, 0, 0, 0.0]","[0, 0, 0, 0.0]","[0, 0, 0, 0.0]","[0, 0, 0, 0.0]","[0, 0, 0, 0.0]","[0, 0, 0, 0.0]","[0, 0, 0, 0.0]","[0, 0, 0, 0.0]","[0, 0, 0, 0.0]","[0, 0, 0, 0.0]","[0, 0, 0, 0.0]","[0, 0, 0, 0.0]","[0, 0, 0, 0.0]","[0, 0, 0, 0.0]","[0, 0, 0, 0.0]","[0, 0, 0, 0.0]","[0, 0, 0, 0.0]","[0, 0, 0, 0.0]","[0, 0, 0, 0.0]","[0, 0, 0, 0.0]","[0, 0, 0, 0.0]","[0, 0, 0, 0.0]","[0, 0, 0, 0.0]","[0, 0, 0, 0.0]","[0, 0, 0, 0.0]","[0, 0, 0, 0.0]","[0, 0, 0, 0.0]","[0, 0, 0, 0.0]","[0, 0, 0, 0.0]","[0, 0, 0, 0.0]","[0, 0, 0, 0.0]","[0, 0, 0, 0.0]","[0, 0, 0, 0.0]","[0, 0, 0, 0.0]","[0, 0, 0, 0.0]","[0, 0, 0, 0.0]","[0, 0, 0, 0.0]","[0, 0, 0, 0.0]","[0, 0, 0, 0.0]","[0, 0, 0, 0.0]","[0, 0, 0, 0.0]","[0, 0, 0, 0.0]","[0, 0, 0, 0.0]","[0, 0, 0, 0.0]","[0, 0, 0, 0.0]","[0, 0, 0, 0.0]","[0, 0, 0, 0.0]","[0, 0, 0, 0.0]"
poppy,"[2, 4, 50.0, 0.58]","[0, 0, 0, 0.0]","[0, 0, 0, 0.0]","[0, 0, 0, 0.0]","[0, 0, 0, 0.0]","[0, 0, 0, 0.0]","[0, 0, 0, 0.0]","[0, 0, 0, 0.0]","[0, 0, 0, 0.0]","[0, 0, 0, 0.0]","[0, 0, 0, 0.0]","[0, 0, 0, 0.0]","[0, 0, 0, 0.0]","[0, 0, 0, 0.0]","[0, 0, 0, 0.0]","[0, 0, 0, 0.0]","[1, 1, 100.0, 4.55]","[0, 0, 0, 0.0]","[0, 0, 0, 0.0]","[0, 0, 0, 0.0]","[0, 0, 0, 0.0]","[0, 0, 0, 0.0]","[0, 0, 0, 0.0]","[0, 0, 0, 0.0]","[0, 0, 0, 0.0]","[0, 1, 0.0, 1.16]","[0, 0, 0, 0.0]","[0, 0, 0, 0.0]","[0, 0, 0, 0.0]","[0, 0, 0, 0.0]","[0, 0, 0, 0.0]","[1, 1, 100.0, 1.85]","[0, 1, 0.0, 8.33]","[0, 0, 0, 0.0]","[0, 0, 0, 0.0]","[0, 0, 0, 0.0]","[0, 0, 0, 0.0]","[0, 0, 0, 0.0]","[0, 0, 0, 0.0]","[0, 0, 0, 0.0]","[0, 0, 0, 0.0]","[0, 0, 0, 0.0]","[0, 0, 0, 0.0]","[0, 0, 0, 0.0]","[0, 0, 0, 0.0]","[0, 0, 0, 0.0]","[0, 0, 0, 0.0]","[0, 0, 0, 0.0]","[0, 0, 0, 0.0]","[0, 0, 0, 0.0]","[0, 0, 0, 0.0]","[0, 0, 0, 0.0]","[0, 0, 0, 0.0]","[0, 0, 0, 0.0]","[0, 0, 0, 0.0]","[0, 0, 0, 0.0]","[0, 0, 0, 0.0]","[0, 0, 0, 0.0]","[0, 0, 0, 0.0]","[0, 0, 0, 0.0]","[0, 0, 0, 0.0]","[0, 0, 0, 0.0]"
reksai,"[4, 6, 66.67, 0.87]","[0, 0, 0, 0.0]","[0, 0, 0, 0.0]","[0, 0, 0, 0.0]","[0, 0, 0, 0.0]","[0, 0, 0, 0.0]","[0, 0, 0, 0.0]","[0, 0, 0, 0.0]","[0, 0, 0, 0.0]","[1, 1, 100.0, 3.23]","[0, 0, 0, 0.0]","[0, 0, 0, 0.0]","[0, 0, 0, 0.0]","[0, 0, 0, 0.0]","[0, 0, 0, 0.0]","[0, 0, 0, 0.0]","[0, 0, 0, 0.0]","[0, 0, 0, 0.0]","[0, 0, 0, 0.0]","[0, 0, 0, 0.0]","[0, 0, 0, 0.0]","[0, 0, 0, 0.0]","[0, 0, 0, 0.0]","[1, 1, 100.0, 3.57]","[0, 0, 0, 0.0]","[0, 0, 0, 0.0]","[0, 0, 0, 0.0]","[0, 0, 0, 0.0]","[0, 0, 0, 0.0]","[0, 1, 0.0, 5.0]","[0, 0, 0, 0.0]","[1, 1, 100.0, 1.85]","[0, 0, 0, 0.0]","[0, 0, 0, 0.0]","[0, 0, 0, 0.0]","[0, 0, 0, 0.0]","[0, 0, 0, 0.0]","[0, 0, 0, 0.0]","[0, 0, 0, 0.0]","[0, 0, 0, 0.0]","[0, 0, 0, 0.0]","[0, 0, 0, 0.0]","[0, 0, 0, 0.0]","[0, 0, 0, 0.0]","[0, 0, 0, 0.0]","[0, 0, 0, 0.0]","[0, 0, 0, 0.0]","[0, 0, 0, 0.0]","[0, 0, 0, 0.0]","[0, 0, 0, 0.0]","[0, 0, 0, 0.0]","[1, 1, 100.0, 3.03]","[0, 0, 0, 0.0]","[0, 1, 0.0, 3.85]","[0, 0, 0, 0.0]","[0, 0, 0, 0.0]","[0, 0, 0, 0.0]","[0, 0, 0, 0.0]","[0, 0, 0, 0.0]","[0, 0, 0, 0.0]","[0, 0, 0, 0.0]","[0, 0, 0, 0.0]"
rell,"[9, 18, 50.0, 2.62]","[0, 0, 0, 0.0]","[0, 0, 0, 0.0]","[0, 0, 0, 0.0]","[0, 0, 0, 0.0]","[0, 0, 0, 0.0]","[0, 0, 0, 0.0]","[0, 0, 0, 0.0]","[0, 0, 0, 0.0]","[0, 0, 0, 0.0]","[0, 0, 0, 0.0]","[0, 1, 0.0, 7.69]","[0, 0, 0, 0.0]","[0, 0, 0, 0.0]","[0, 0, 0, 0.0]","[0, 0, 0, 0.0]","[1, 1, 100.0, 4.55]","[0, 1, 0.0, 50.0]","[0, 0, 0, 0.0]","[0, 0, 0, 0.0]","[0, 0, 0, 0.0]","[0, 0, 0, 0.0]","[0, 0, 0, 0.0]","[1, 1, 100.0, 3.57]","[0, 1, 0.0, 3.23]","[2, 5, 40.0, 5.81]","[0, 0, 0, 0.0]","[0, 0, 0, 0.0]","[0, 0, 0, 0.0]","[0, 0, 0, 0.0]","[0, 0, 0, 0.0]","[0, 1, 0.0, 1.85]","[0, 0, 0, 0.0]","[0, 0, 0, 0.0]","[0, 0, 0, 0.0]","[0, 0, 0, 0.0]","[0, 0, 0, 0.0]","[0, 0, 0, 0.0]","[0, 0, 0, 0.0]","[0, 0, 0, 0.0]","[0, 0, 0, 0.0]","[0, 0, 0, 0.0]","[0, 0, 0, 0.0]","[0, 0, 0, 0.0]","[0, 0, 0, 0.0]","[0, 0, 0, 0.0]","[0, 0, 0, 0.0]","[0, 0, 0, 0.0]","[0, 0, 0, 0.0]","[0, 0, 0, 0.0]","[0, 0, 0, 0.0]","[0, 0, 0, 0.0]","[0, 0, 0, 0.0]","[1, 1, 100.0, 3.85]","[0, 0, 0, 0.0]","[0, 0, 0, 0.0]","[0, 0, 0, 0.0]","[1, 2, 50.0, 6.25]","[3, 4, 75.0, 8.89]","[0, 0, 0, 0.0]","[0, 0, 0, 0.0]","[0, 0, 0, 0.0]"
rengar,"[1, 2, 50.0, 0.29]","[0, 0, 0, 0.0]","[0, 0, 0, 0.0]","[0, 0, 0, 0.0]","[0, 0, 0, 0.0]","[0, 0, 0, 0.0]","[0, 0, 0, 0.0]","[0, 0, 0, 0.0]","[0, 0, 0, 0.0]","[0, 0, 0, 0.0]","[0, 0, 0, 0.0]","[0, 0, 0, 0.0]","[0, 0, 0, 0.0]","[0, 0, 0, 0.0]","[0, 0, 0, 0.0]","[0, 0, 0, 0.0]","[0, 0, 0, 0.0]","[0, 0, 0, 0.0]","[0, 0, 0, 0.0]","[0, 0, 0, 0.0]","[0, 0, 0, 0.0]","[0, 0, 0, 0.0]","[0, 0, 0, 0.0]","[0, 0, 0, 0.0]","[0, 0, 0, 0.0]","[1, 2, 50.0, 2.33]","[0, 0, 0, 0.0]","[0, 0, 0, 0.0]","[0, 0, 0, 0.0]","[0, 0, 0, 0.0]","[0, 0, 0, 0.0]","[0, 0, 0, 0.0]","[0, 0, 0, 0.0]","[0, 0, 0, 0.0]","[0, 0, 0, 0.0]","[0, 0, 0, 0.0]","[0, 0, 0, 0.0]","[0, 0, 0, 0.0]","[0, 0, 0, 0.0]","[0, 0, 0, 0.0]","[0, 0, 0, 0.0]","[0, 0, 0, 0.0]","[0, 0, 0, 0.0]","[0, 0, 0, 0.0]","[0, 0, 0, 0.0]","[0, 0, 0, 0.0]","[0, 0, 0, 0.0]","[0, 0, 0, 0.0]","[0, 0, 0, 0.0]","[0, 0, 0, 0.0]","[0, 0, 0, 0.0]","[0, 0, 0, 0.0]","[0, 0, 0, 0.0]","[0, 0, 0, 0.0]","[0, 0, 0, 0.0]","[0, 0, 0, 0.0]","[0, 0, 0, 0.0]","[0, 0, 0, 0.0]","[0, 0, 0, 0.0]","[0, 0, 0, 0.0]","[0, 0, 0, 0.0]","[0, 0, 0, 0.0]"
rumble,"[1, 3, 33.33, 0.44]","[0, 0, 0, 0.0]","[0, 0, 0, 0.0]","[0, 0, 0, 0.0]","[0, 0, 0, 0.0]","[0, 0, 0, 0.0]","[0, 0, 0, 0.0]","[0, 0, 0, 0.0]","[0, 0, 0, 0.0]","[0, 0, 0, 0.0]","[0, 0, 0, 0.0]","[0, 0, 0, 0.0]","[0, 0, 0, 0.0]","[0, 0, 0, 0.0]","[0, 0, 0, 0.0]","[0, 0, 0, 0.0]","[0, 0, 0, 0.0]","[0, 0, 0, 0.0]","[0, 0, 0, 0.0]","[0, 0, 0, 0.0]","[0, 0, 0, 0.0]","[0, 0, 0, 0.0]","[0, 0, 0, 0.0]","[0, 0, 0, 0.0]","[0, 0, 0, 0.0]","[0, 0, 0, 0.0]","[0, 0, 0, 0.0]","[0, 0, 0, 0.0]","[0, 0, 0, 0.0]","[1, 2, 50.0, 10.0]","[0, 0, 0, 0.0]","[0, 0, 0, 0.0]","[0, 0, 0, 0.0]","[0, 0, 0, 0.0]","[0, 0, 0, 0.0]","[0, 0, 0, 0.0]","[0, 0, 0, 0.0]","[0, 0, 0, 0.0]","[0, 0, 0, 0.0]","[0, 0, 0, 0.0]","[0, 0, 0, 0.0]","[0, 0, 0, 0.0]","[0, 0, 0, 0.0]","[0, 0, 0, 0.0]","[0, 0, 0, 0.0]","[0, 0, 0, 0.0]","[0, 0, 0, 0.0]","[0, 0, 0, 0.0]","[0, 0, 0, 0.0]","[0, 0, 0, 0.0]","[0, 0, 0, 0.0]","[0, 0, 0, 0.0]","[0, 0, 0, 0.0]","[0, 0, 0, 0.0]","[0, 0, 0, 0.0]","[0, 0, 0, 0.0]","[0, 0, 0, 0.0]","[0, 1, 0.0, 3.12]","[0, 0, 0, 0.0]","[0, 0, 0, 0.0]","[0, 0, 0, 0.0]","[0, 0, 0, 0.0]"
skarner,"[1, 1, 100.0, 0.15]","[0, 0, 0, 0.0]","[0, 0, 0, 0.0]","[0, 0, 0, 0.0]","[0, 0, 0, 0.0]","[0, 0, 0, 0.0]","[0, 0, 0, 0.0]","[0, 0, 0, 0.0]","[0, 0, 0, 0.0]","[0, 0, 0, 0.0]","[0, 0, 0, 0.0]","[0, 0, 0, 0.0]","[0, 0, 0, 0.0]","[0, 0, 0, 0.0]","[0, 0, 0, 0.0]","[0, 0, 0, 0.0]","[0, 0, 0, 0.0]","[0, 0, 0, 0.0]","[0, 0, 0, 0.0]","[0, 0, 0, 0.0]","[0, 0, 0, 0.0]","[0, 0, 0, 0.0]","[0, 0, 0, 0.0]","[0, 0, 0, 0.0]","[1, 1, 100.0, 3.23]","[0, 0, 0, 0.0]","[0, 0, 0, 0.0]","[0, 0, 0, 0.0]","[0, 0, 0, 0.0]","[0, 0, 0, 0.0]","[0, 0, 0, 0.0]","[0, 0, 0, 0.0]","[0, 0, 0, 0.0]","[0, 0, 0, 0.0]","[0, 0, 0, 0.0]","[0, 0, 0, 0.0]","[0, 0, 0, 0.0]","[0, 0, 0, 0.0]","[0, 0, 0, 0.0]","[0, 0, 0, 0.0]","[0, 0, 0, 0.0]","[0, 0, 0, 0.0]","[0, 0, 0, 0.0]","[0, 0, 0, 0.0]","[0, 0, 0, 0.0]","[0, 0, 0, 0.0]","[0, 0, 0, 0.0]","[0, 0, 0, 0.0]","[0, 0, 0, 0.0]","[0, 0, 0, 0.0]","[0, 0, 0, 0.0]","[0, 0, 0, 0.0]","[0, 0, 0, 0.0]","[0, 0, 0, 0.0]","[0, 0, 0, 0.0]","[0, 0, 0, 0.0]","[0, 0, 0, 0.0]","[0, 0, 0, 0.0]","[0, 0, 0, 0.0]","[0, 0, 0, 0.0]","[0, 0, 0, 0.0]","[0, 0, 0, 0.0]"
sylas,"[15, 23, 65.22, 3.35]","[0, 0, 0, 0.0]","[0, 0, 0, 0.0]","[0, 0, 0, 0.0]","[0, 0, 0, 0.0]","[0, 0, 0, 0.0]","[1, 2, 50.0, 33.33]","[0, 0, 0, 0.0]","[0, 0, 0, 0.0]","[3, 5, 60.0, 16.13]","[0, 1, 0.0, 25.0]","[1, 2, 50.0, 15.38]","[1, 1, 100.0, 3.03]","[0, 0, 0, 0.0]","[0, 0, 0, 0.0]","[0, 0, 0, 0.0]","[0, 0, 0, 0.0]","[0, 0, 0, 0.0]","[0, 0, 0, 0.0]","[0, 0, 0, 0.0]","[0, 0, 0, 0.0]","[0, 0, 0, 0.0]","[0, 0, 0, 0.0]","[0, 0, 0, 0.0]","[2, 3, 66.67, 9.68]","[1, 1, 100.0, 1.16]","[0, 0, 0, 0.0]","[0, 1, 0.0, 8.33]","[0, 0, 0, 0.0]","[0, 0, 0, 0.0]","[0, 0, 0, 0.0]","[2, 2, 100.0, 3.7]","[0, 0, 0, 0.0]","[0, 0, 0, 0.0]","[0, 0, 0, 0.0]","[0, 0, 0, 0.0]","[0, 0, 0, 0.0]","[0, 0, 0, 0.0]","[0, 0, 0, 0.0]","[0, 0, 0, 0.0]","[0, 0, 0, 0.0]","[0, 0, 0, 0.0]","[1, 1, 100.0, 7.14]","[1, 1, 100.0, 12.5]","[0, 0, 0, 0.0]","[0, 0, 0, 0.0]","[0, 0, 0, 0.0]","[0, 0, 0, 0.0]","[0, 0, 0, 0.0]","[0, 0, 0, 0.0]","[0, 0, 0, 0.0]","[0, 0, 0, 0.0]","[0, 0, 0, 0.0]","[1, 1, 100.0, 3.85]","[0, 0, 0, 0.0]","[0, 0, 0, 0.0]","[0, 0, 0, 0.0]","[1, 2, 50.0, 6.25]","[0, 0, 0, 0.0]","[0, 0, 0, 0.0]","[0, 0, 0, 0.0]","[0, 0, 0, 0.0]"
taliyah,"[18, 30, 60.0, 4.37]","[0, 0, 0, 0.0]","[0, 0, 0, 0.0]","[0, 0, 0, 0.0]","[0, 0, 0, 0.0]","[0, 0, 0, 0.0]","[0, 0, 0, 0.0]","[0, 0, 0, 0.0]","[0, 0, 0, 0.0]","[1, 2, 50.0, 6.45]","[2, 2, 100.0, 50.0]","[1, 1, 100.0, 7.69]","[0, 0, 0, 0.0]","[0, 1, 0.0, 25.0]","[0, 0, 0, 0.0]","[0, 0, 0, 0.0]","[0, 1, 0.0, 4.55]","[0, 0, 0, 0.0]","[0, 1, 0.0, 100.0]","[0, 1, 0.0, 7.69]","[0, 0, 0, 0.0]","[0, 0, 0, 0.0]","[0, 0, 0, 0.0]","[2, 3, 66.67, 10.71]","[0, 0, 0, 0.0]","[2, 4, 50.0, 4.65]","[0, 0, 0, 0.0]","[0, 0, 0, 0.0]","[0, 0, 0, 0.0]","[0, 0, 0, 0.0]","[0, 0, 0, 0.0]","[4, 5, 80.0, 9.26]","[0, 0, 0, 0.0]","[0, 0, 0, 0.0]","[0, 0, 0, 0.0]","[0, 0, 0, 0.0]","[0, 0, 0, 0.0]","[0, 0, 0, 0.0]","[0, 0, 0, 0.0]","[0, 0, 0, 0.0]","[0, 0, 0, 0.0]","[2, 2, 100.0, 9.09]","[0, 1, 0.0, 7.14]","[0, 0, 0, 0.0]","[0, 0, 0, 0.0]","[2, 2, 100.0, 10.53]","[0, 0, 0, 0.0]","[0, 0, 0, 0.0]","[0, 0, 0, 0.0]","[0, 0, 0, 0.0]","[0, 0, 0, 0.0]","[0, 0, 0, 0.0]","[0, 0, 0, 0.0]","[0, 0, 0, 0.0]","[0, 0, 0, 0.0]","[0, 0, 0, 0.0]","[0, 0, 0, 0.0]","[0, 1, 0.0, 3.12]","[0, 1, 0.0, 2.22]","[0, 0, 0, 0.0]","[0, 0, 0, 0.0]","[2, 2, 100.0, 18.18]"
talon,"[3, 7, 42.86, 1.02]","[0, 0, 0, 0.0]","[0, 0, 0, 0.0]","[0, 0, 0, 0.0]","[0, 0, 0, 0.0]","[0, 0, 0, 0.0]","[0, 0, 0, 0.0]","[0, 0, 0, 0.0]","[0, 0, 0, 0.0]","[0, 0, 0, 0.0]","[0, 0, 0, 0.0]","[0, 0, 0, 0.0]","[0, 1, 0.0, 3.03]","[0, 0, 0, 0.0]","[0, 0, 0, 0.0]","[1, 1, 100.0, 7.14]","[0, 0, 0, 0.0]","[0, 0, 0, 0.0]","[0, 0, 0, 0.0]","[0, 0, 0, 0.0]","[0, 0, 0, 0.0]","[0, 0, 0, 0.0]","[0, 0, 0, 0.0]","[0, 2, 0.0, 7.14]","[0, 0, 0, 0.0]","[0, 0, 0, 0.0]","[0, 0, 0, 0.0]","[0, 0, 0, 0.0]","[0, 0, 0, 0.0]","[0, 0, 0, 0.0]","[0, 0, 0, 0.0]","[1, 1, 100.0, 1.85]","[0, 0, 0, 0.0]","[0, 0, 0, 0.0]","[0, 0, 0, 0.0]","[0, 0, 0, 0.0]","[0, 0, 0, 0.0]","[0, 0, 0, 0.0]","[0, 0, 0, 0.0]","[0, 0, 0, 0.0]","[0, 0, 0, 0.0]","[0, 0, 0, 0.0]","[0, 0, 0, 0.0]","[0, 0, 0, 0.0]","[0, 0, 0, 0.0]","[0, 0, 0, 0.0]","[0, 0, 0, 0.0]","[0, 0, 0, 0.0]","[0, 0, 0, 0.0]","[0, 0, 0, 0.0]","[0, 0, 0, 0.0]","[0, 1, 0.0, 3.03]","[0, 0, 0, 0.0]","[1, 1, 100.0, 3.85]","[0, 0, 0, 0.0]","[0, 0, 0, 0.0]","[0, 0, 0, 0.0]","[0, 0, 0, 0.0]","[0, 0, 0, 0.0]","[0, 0, 0, 0.0]","[0, 0, 0, 0.0]","[0, 0, 0, 0.0]"
vi,"[32, 55, 58.18, 8.01]","[0, 0, 0, 0.0]","[1, 2, 50.0, 13.33]","[0, 0, 0, 0.0]","[0, 0, 0, 0.0]","[0, 0, 0, 0.0]","[0, 0, 0, 0.0]","[0, 0, 0, 0.0]","[1, 1, 100.0, 12.5]","[2, 2, 100.0, 6.45]","[0, 0, 0, 0.0]","[0, 0, 0, 0.0]","[2, 4, 50.0, 12.12]","[0, 0, 0, 0.0]","[0, 0, 0, 0.0]","[1, 2, 50.0, 14.29]","[0, 5, 0.0, 22.73]","[0, 0, 0, 0.0]","[0, 0, 0, 0.0]","[1, 2, 50.0, 15.38]","[0, 0, 0, 0.0]","[0, 0, 0, 0.0]","[0, 0, 0, 0.0]","[4, 5, 80.0, 17.86]","[0, 1, 0.0, 3.23]","[8, 9, 88.89, 10.47]","[0, 0, 0, 0.0]","[0, 1, 0.0, 8.33]","[0, 0, 0, 0.0]","[0, 2, 0.0, 10.0]","[0, 1, 0.0, 16.67]","[2, 2, 100.0, 3.7]","[2, 2, 100.0, 16.67]","[0, 0, 0, 0.0]","[0, 0, 0, 0.0]","[0, 0, 0, 0.0]","[0, 0, 0, 0.0]","[0, 1, 0.0, 9.09]","[0, 0, 0, 0.0]","[0, 0, 0, 0.0]","[0, 0, 0, 0.0]","[1, 2, 50.0, 9.09]","[0, 0, 0, 0.0]","[0, 0, 0, 0.0]","[0, 0, 0, 0.0]","[0, 1, 0.0, 5.26]","[0, 0, 0, 0.0]","[0, 0, 0, 0.0]","[0, 0, 0, 0.0]","[0, 0, 0, 0.0]","[0, 0, 0, 0.0]","[3, 4, 75.0, 12.12]","[0, 0, 0, 0.0]","[2, 2, 100.0, 7.69]","[0, 1, 0.0, 16.67]","[0, 0, 0, 0.0]","[0, 0, 0, 0.0]","[0, 0, 0, 0.0]","[2, 3, 66.67, 6.67]","[0, 0, 0, 0.0]","[0, 0, 0, 0.0]","[0, 0, 0, 0.0]"
viego,"[20, 41, 48.78, 5.97]","[0, 0, 0, 0.0]","[1, 2, 50.0, 13.33]","[0, 0, 0, 0.0]","[0, 0, 0, 0.0]","[0, 0, 0, 0.0]","[0, 0, 0, 0.0]","[0, 0, 0, 0.0]","[1, 2, 50.0, 25.0]","[0, 1, 0.0, 3.23]","[0, 0, 0, 0.0]","[1, 1, 100.0, 7.69]","[0, 1, 0.0, 3.03]","[0, 0, 0, 0.0]","[0, 1, 0.0, 33.33]","[1, 1, 100.0, 7.14]","[1, 1, 100.0, 4.55]","[0, 0, 0, 0.0]","[0, 0, 0, 0.0]","[1, 1, 100.0, 7.69]","[0, 0, 0, 0.0]","[0, 0, 0, 0.0]","[1, 1, 100.0, 100.0]","[1, 2, 50.0, 7.14]","[0, 0, 0, 0.0]","[7, 13, 53.85, 15.12]","[0, 0, 0, 0.0]","[0, 0, 0, 0.0]","[0, 1, 0.0, 33.33]","[2, 3, 66.67, 15.0]","[0, 0, 0, 0.0]","[0, 0, 0, 0.0]","[0, 1, 0.0, 8.33]","[0, 0, 0, 0.0]","[0, 0, 0, 0.0]","[0, 0, 0, 0.0]","[0, 0, 0, 0.0]","[0, 1, 0.0, 9.09]","[0, 0, 0, 0.0]","[0, 0, 0, 0.0]","[0, 0, 0, 0.0]","[0, 0, 0, 0.0]","[0, 1, 0.0, 7.14]","[0, 2, 0.0, 25.0]","[0, 1, 0.0, 100.0]","[0, 1, 0.0, 5.26]","[0, 0, 0, 0.0]","[0, 0, 0, 0.0]","[0, 0, 0, 0.0]","[1, 1, 100.0, 100.0]","[0, 0, 0, 0.0]","[0, 0, 0, 0.0]","[0, 0, 0, 0.0]","[0, 0, 0, 0.0]","[0, 0, 0, 0.0]","[0, 0, 0, 0.0]","[0, 0, 0, 0.0]","[2, 2, 100.0, 6.25]","[0, 0, 0, 0.0]","[0, 0, 0, 0.0]","[0, 0, 0, 0.0]","[0, 0, 0, 0.0]"
xinzhao,"[3, 3, 100.0, 0.44]","[0, 0, 0, 0.0]","[0, 0, 0, 0.0]","[0, 0, 0, 0.0]","[0, 0, 0, 0.0]","[0, 0, 0, 0.0]","[0, 0, 0, 0.0]","[0, 0, 0, 0.0]","[0, 0, 0, 0.0]","[0, 0, 0, 0.0]","[0, 0, 0, 0.0]","[0, 0, 0, 0.0]","[0, 0, 0, 0.0]","[0, 0, 0, 0.0]","[0, 0, 0, 0.0]","[0, 0, 0, 0.0]","[0, 0, 0, 0.0]","[0, 0, 0, 0.0]","[0, 0, 0, 0.0]","[0, 0, 0, 0.0]","[0, 0, 0, 0.0]","[0, 0, 0, 0.0]","[0, 0, 0, 0.0]","[0, 0, 0, 0.0]","[0, 0, 0, 0.0]","[1, 1, 100.0, 1.16]","[0, 0, 0, 0.0]","[0, 0, 0, 0.0]","[0, 0, 0, 0.0]","[0, 0, 0, 0.0]","[0, 0, 0, 0.0]","[1, 1, 100.0, 1.85]","[0, 0, 0, 0.0]","[0, 0, 0, 0.0]","[0, 0, 0, 0.0]","[0, 0, 0, 0.0]","[0, 0, 0, 0.0]","[0, 0, 0, 0.0]","[0, 0, 0, 0.0]","[0, 0, 0, 0.0]","[0, 0, 0, 0.0]","[0, 0, 0, 0.0]","[0, 0, 0, 0.0]","[0, 0, 0, 0.0]","[0, 0, 0, 0.0]","[0, 0, 0, 0.0]","[0, 0, 0, 0.0]","[0, 0, 0, 0.0]","[0, 0, 0, 0.0]","[0, 0, 0, 0.0]","[0, 0, 0, 0.0]","[1, 1, 100.0, 3.03]","[0, 0, 0, 0.0]","[0, 0, 0, 0.0]","[0, 0, 0, 0.0]","[0, 0, 0, 0.0]","[0, 0, 0, 0.0]","[0, 0, 0, 0.0]","[0, 0, 0, 0.0]","[0, 0, 0, 0.0]","[0, 0, 0, 0.0]","[0, 0, 0, 0.0]"
zac,"[3, 7, 42.86, 1.02]","[0, 0, 0, 0.0]","[0, 0, 0, 0.0]","[0, 0, 0, 0.0]","[0, 0, 0, 0.0]","[0, 0, 0, 0.0]","[0, 0, 0, 0.0]","[0, 0, 0, 0.0]","[0, 0, 0, 0.0]","[0, 0, 0, 0.0]","[0, 0, 0, 0.0]","[1, 1, 100.0, 7.69]","[0, 1, 0.0, 3.03]","[0, 0, 0, 0.0]","[0, 0, 0, 0.0]","[0, 0, 0, 0.0]","[0, 0, 0, 0.0]","[0, 0, 0, 0.0]","[0, 0, 0, 0.0]","[0, 0, 0, 0.0]","[0, 0, 0, 0.0]","[0, 0, 0, 0.0]","[0, 0, 0, 0.0]","[0, 0, 0, 0.0]","[0, 0, 0, 0.0]","[0, 0, 0, 0.0]","[0, 0, 0, 0.0]","[0, 0, 0, 0.0]","[0, 1, 0.0, 33.33]","[0, 0, 0, 0.0]","[0, 0, 0, 0.0]","[0, 0, 0, 0.0]","[0, 0, 0, 0.0]","[0, 0, 0, 0.0]","[0, 0, 0, 0.0]","[0, 0, 0, 0.0]","[0, 0, 0, 0.0]","[0, 0, 0, 0.0]","[0, 0, 0, 0.0]","[0, 0, 0, 0.0]","[0, 0, 0, 0.0]","[0, 0, 0, 0.0]","[0, 0, 0, 0.0]","[0, 0, 0, 0.0]","[0, 0, 0, 0.0]","[0, 0, 0, 0.0]","[0, 0, 0, 0.0]","[0, 0, 0, 0.0]","[0, 0, 0, 0.0]","[0, 0, 0, 0.0]","[0, 0, 0, 0.0]","[1, 1, 100.0, 3.03]","[0, 0, 0, 0.0]","[0, 1, 0.0, 3.85]","[0, 0, 0, 0.0]","[0, 0, 0, 0.0]","[0, 0, 0, 0.0]","[1, 1, 100.0, 3.12]","[0, 1, 0.0, 2.22]","[0, 0, 0, 0.0]","[0, 0, 0, 0.0]","[0, 0, 0, 0.0]"
zyra,"[0, 1, 0.0, 0.15]","[0, 0, 0, 0.0]","[0, 0, 0, 0.0]","[0, 0, 0, 0.0]","[0, 0, 0, 0.0]","[0, 0, 0, 0.0]","[0, 0, 0, 0.0]","[0, 0, 0, 0.0]","[0, 0, 0, 0.0]","[0, 0, 0, 0.0]","[0, 0, 0, 0.0]","[0, 0, 0, 0.0]","[0, 0, 0, 0.0]","[0, 0, 0, 0.0]","[0, 0, 0, 0.0]","[0, 0, 0, 0.0]","[0, 0, 0, 0.0]","[0, 0, 0, 0.0]","[0, 0, 0, 0.0]","[0, 0, 0, 0.0]","[0, 0, 0, 0.0]","[0, 0, 0, 0.0]","[0, 0, 0, 0.0]","[0, 0, 0, 0.0]","[0, 0, 0, 0.0]","[0, 0, 0, 0.0]","[0, 0, 0, 0.0]","[0, 0, 0, 0.0]","[0, 1, 0.0, 33.33]","[0, 0, 0, 0.0]","[0, 0, 0, 0.0]","[0, 0, 0, 0.0]","[0, 0, 0, 0.0]","[0, 0, 0, 0.0]","[0, 0, 0, 0.0]","[0, 0, 0, 0.0]","[0, 0, 0, 0.0]","[0, 0, 0, 0.0]","[0, 0, 0, 0.0]","[0, 0, 0, 0.0]","[0, 0, 0, 0.0]","[0, 0, 0, 0.0]","[0, 0, 0, 0.0]","[0, 0, 0, 0.0]","[0, 0, 0, 0.0]","[0, 0, 0, 0.0]","[0, 0, 0, 0.0]","[0, 0, 0, 0.0]","[0, 0, 0, 0.0]","[0, 0, 0, 0.0]","[0, 0, 0, 0.0]","[0, 0, 0, 0.0]","[0, 0, 0, 0.0]","[0, 0, 0, 0.0]","[0, 0, 0, 0.0]","[0, 0, 0, 0.0]","[0, 0, 0, 0.0]","[0, 0, 0, 0.0]","[0, 0, 0, 0.0]","[0, 0, 0, 0.0]","[0, 0, 0, 0.0]","[0, 0, 0, 0.0]"
