,total,aatrox,aphelios,ashe,caitlyn,cassiopeia,draven,ezreal,heimerdinger,irelia,jhin,jinx,kaisa,kalista,karma,karthus,khazix,kogmaw,leesin,lucian,malphite,maokai,missfortune,nami,nautilus,nidalee,nilah,orianna,poppy,rakan,rell,renekton,rumble,samira,senna,sivir,syndra,tahmkench,taliyah,tristana,twitch,varus,vayne,vi,viktor,xayah,xerath,yasuo,yone,zeri,ziggs,zoe
aphelios,"[16, 29, '55.17%', '4.07%']","[0, 0, 0, 0]","[0, 0, 0, 0]","[0, 0, 0, 0]","[0, 0, 0, 0]","[2, 2, '100.00%', '0.35%']","[1, 2, '50.00%', '0.36%']","[1, 3, '33.33%', '0.44%']","[0, 0, 0, 0]","[0, 0, 0, 0]","[0, 0, 0, 0]","[4, 7, '57.14%', '0.98%']","[6, 7, '85.71%', '1.01%']","[0, 0, 0, 0]","[0, 0, 0, 0]","[0, 0, 0, 0]","[0, 0, 0, 0]","[0, 0, 0, 0]","[0, 0, 0, 0]","[0, 0, 0, 0]","[0, 0, 0, 0]","[0, 0, 0, 0]","[0, 0, 0, 0]","[0, 0, 0, 0]","[0, 0, 0, 0]","[0, 0, 0, 0]","[0, 0, 0, 0]","[0, 0, 0, 0]","[0, 1, '0.00%', '0.28%']","[0, 0, 0, 0]","[0, 0, 0, 0]","[0, 0, 0, 0]","[0, 0, 0, 0]","[0, 0, 0, 0]","[0, 1, '0.00%', '1.02%']","[0, 0, 0, 0]","[0, 0, 0, 0]","[0, 0, 0, 0]","[0, 0, 0, 0]","[0, 0, 0, 0]","[0, 0, 0, 0]","[0, 0, 0, 0]","[0, 0, 0, 0]","[0, 0, 0, 0]","[0, 0, 0, 0]","[2, 3, '66.67%', '0.42%']","[0, 0, 0, 0]","[0, 0, 0, 0]","[0, 0, 0, 0]","[0, 3, '0.00%', '0.42%']","[0, 0, 0, 0]","[0, 0, 0, 0]"
ashe,"[9, 12, '75.00%', '2.43%']","[0, 0, 0, 0]","[0, 0, 0, 0]","[0, 0, 0, 0]","[0, 0, 0, 0]","[0, 0, 0, 0]","[0, 1, '0.00%', '0.42%']","[0, 0, 0, 0]","[0, 0, 0, 0]","[0, 0, 0, 0]","[0, 0, 0, 0]","[0, 0, 0, 0]","[3, 4, '75.00%', '1.34%']","[2, 2, '100.00%', '0.74%']","[0, 0, 0, 0]","[0, 0, 0, 0]","[0, 0, 0, 0]","[0, 0, 0, 0]","[0, 0, 0, 0]","[1, 1, '100.00%', '0.44%']","[0, 0, 0, 0]","[0, 0, 0, 0]","[0, 0, 0, 0]","[0, 0, 0, 0]","[0, 0, 0, 0]","[1, 1, '100.00%', '0.37%']","[0, 0, 0, 0]","[0, 0, 0, 0]","[0, 0, 0, 0]","[0, 0, 0, 0]","[0, 0, 0, 0]","[0, 0, 0, 0]","[0, 0, 0, 0]","[0, 0, 0, 0]","[0, 0, 0, 0]","[1, 1, '100.00%', '0.45%']","[0, 0, 0, 0]","[0, 0, 0, 0]","[0, 0, 0, 0]","[0, 0, 0, 0]","[0, 0, 0, 0]","[0, 1, '0.00%', '0.35%']","[0, 0, 0, 0]","[0, 0, 0, 0]","[0, 0, 0, 0]","[0, 0, 0, 0]","[0, 0, 0, 0]","[1, 1, '100.00%', '0.20%']","[0, 0, 0, 0]","[0, 0, 0, 0]","[0, 0, 0, 0]","[0, 0, 0, 0]"
caitlyn,"[21, 33, '63.64%', '4.59%']","[0, 0, 0, 0]","[2, 3, '66.67%', '0.52%']","[0, 0, 0, 0]","[0, 0, 0, 0]","[0, 0, 0, 0]","[2, 2, '100.00%', '0.67%']","[0, 1, '0.00%', '0.66%']","[0, 0, 0, 0]","[0, 0, 0, 0]","[3, 4, '75.00%', '1.25%']","[1, 3, '33.33%', '1.80%']","[5, 6, '83.33%', '2.15%']","[1, 1, '100.00%', '1.47%']","[0, 0, 0, 0]","[0, 0, 0, 0]","[0, 0, 0, 0]","[0, 0, 0, 0]","[0, 0, 0, 0]","[0, 0, 0, 0]","[0, 0, 0, 0]","[0, 0, 0, 0]","[0, 0, 0, 0]","[0, 0, 0, 0]","[0, 0, 0, 0]","[0, 0, 0, 0]","[0, 0, 0, 0]","[0, 0, 0, 0]","[0, 0, 0, 0]","[0, 0, 0, 0]","[1, 1, '100.00%', '0.36%']","[0, 0, 0, 0]","[0, 0, 0, 0]","[0, 1, '0.00%', '0.73%']","[0, 0, 0, 0]","[0, 1, '0.00%', '0.34%']","[0, 0, 0, 0]","[0, 0, 0, 0]","[0, 0, 0, 0]","[0, 0, 0, 0]","[0, 0, 0, 0]","[2, 3, '66.67%', '0.84%']","[0, 0, 0, 0]","[0, 0, 0, 0]","[0, 0, 0, 0]","[2, 4, '50.00%', '0.56%']","[0, 0, 0, 0]","[0, 0, 0, 0]","[0, 0, 0, 0]","[2, 2, '100.00%', '0.57%']","[0, 1, '0.00%', '0.41%']","[0, 0, 0, 0]"
cassiopeia,"[4, 7, '57.14%', '1.76%']","[0, 0, 0, 0]","[0, 0, 0, 0]","[0, 0, 0, 0]","[0, 0, 0, 0]","[0, 0, 0, 0]","[0, 0, 0, 0]","[0, 0, 0, 0]","[0, 0, 0, 0]","[0, 0, 0, 0]","[0, 0, 0, 0]","[0, 0, 0, 0]","[2, 4, '50.00%', '1.01%']","[1, 1, '100.00%', '0.38%']","[0, 0, 0, 0]","[0, 0, 0, 0]","[0, 0, 0, 0]","[0, 0, 0, 0]","[0, 0, 0, 0]","[0, 0, 0, 0]","[0, 0, 0, 0]","[0, 0, 0, 0]","[0, 0, 0, 0]","[0, 0, 0, 0]","[0, 0, 0, 0]","[0, 0, 0, 0]","[0, 1, '0.00%', '0.29%']","[0, 0, 0, 0]","[0, 0, 0, 0]","[0, 0, 0, 0]","[0, 0, 0, 0]","[0, 0, 0, 0]","[0, 0, 0, 0]","[1, 1, '100.00%', '2.78%']","[0, 0, 0, 0]","[0, 0, 0, 0]","[0, 0, 0, 0]","[0, 0, 0, 0]","[0, 0, 0, 0]","[0, 0, 0, 0]","[0, 0, 0, 0]","[0, 0, 0, 0]","[0, 0, 0, 0]","[0, 0, 0, 0]","[0, 0, 0, 0]","[0, 0, 0, 0]","[0, 0, 0, 0]","[0, 0, 0, 0]","[0, 0, 0, 0]","[0, 0, 0, 0]","[0, 0, 0, 0]","[0, 0, 0, 0]"
chogath,"[1, 1, '100.00%', '1.67%']","[0, 0, 0, 0]","[0, 0, 0, 0]","[0, 0, 0, 0]","[0, 0, 0, 0]","[0, 0, 0, 0]","[0, 0, 0, 0]","[0, 0, 0, 0]","[0, 0, 0, 0]","[0, 0, 0, 0]","[0, 0, 0, 0]","[0, 0, 0, 0]","[0, 0, 0, 0]","[0, 0, 0, 0]","[0, 0, 0, 0]","[0, 0, 0, 0]","[0, 0, 0, 0]","[0, 0, 0, 0]","[1, 1, '100.00%', '1.67%']","[0, 0, 0, 0]","[0, 0, 0, 0]","[0, 0, 0, 0]","[0, 0, 0, 0]","[0, 0, 0, 0]","[0, 0, 0, 0]","[0, 0, 0, 0]","[0, 0, 0, 0]","[0, 0, 0, 0]","[0, 0, 0, 0]","[0, 0, 0, 0]","[0, 0, 0, 0]","[0, 0, 0, 0]","[0, 0, 0, 0]","[0, 0, 0, 0]","[0, 0, 0, 0]","[0, 0, 0, 0]","[0, 0, 0, 0]","[0, 0, 0, 0]","[0, 0, 0, 0]","[0, 0, 0, 0]","[0, 0, 0, 0]","[0, 0, 0, 0]","[0, 0, 0, 0]","[0, 0, 0, 0]","[0, 0, 0, 0]","[0, 0, 0, 0]","[0, 0, 0, 0]","[0, 0, 0, 0]","[0, 0, 0, 0]","[0, 0, 0, 0]","[0, 0, 0, 0]","[0, 0, 0, 0]"
draven,"[22, 39, '56.41%', '5.42%']","[0, 0, 0, 0]","[3, 4, '75.00%', '0.56%']","[0, 0, 0, 0]","[0, 0, 0, 0]","[0, 0, 0, 0]","[0, 0, 0, 0]","[1, 2, '50.00%', '0.60%']","[0, 0, 0, 0]","[0, 0, 0, 0]","[1, 1, '100.00%', '0.29%']","[0, 1, '0.00%', '0.51%']","[3, 5, '60.00%', '1.03%']","[4, 9, '44.44%', '2.83%']","[0, 0, 0, 0]","[0, 0, 0, 0]","[0, 0, 0, 0]","[1, 1, '100.00%', '0.17%']","[0, 0, 0, 0]","[2, 2, '100.00%', '0.37%']","[0, 0, 0, 0]","[0, 0, 0, 0]","[0, 0, 0, 0]","[0, 0, 0, 0]","[1, 1, '100.00%', '0.48%']","[0, 0, 0, 0]","[0, 2, '0.00%', '0.39%']","[0, 0, 0, 0]","[0, 0, 0, 0]","[0, 0, 0, 0]","[0, 0, 0, 0]","[1, 1, '100.00%', '10.00%']","[0, 0, 0, 0]","[0, 0, 0, 0]","[0, 2, '0.00%', '1.15%']","[0, 0, 0, 0]","[0, 0, 0, 0]","[0, 0, 0, 0]","[0, 0, 0, 0]","[0, 1, '0.00%', '0.20%']","[0, 0, 0, 0]","[0, 1, '0.00%', '2.04%']","[0, 0, 0, 0]","[0, 0, 0, 0]","[0, 0, 0, 0]","[2, 2, '100.00%', '0.53%']","[0, 0, 0, 0]","[0, 0, 0, 0]","[0, 0, 0, 0]","[2, 3, '66.67%', '0.54%']","[1, 1, '100.00%', '0.62%']","[0, 0, 0, 0]"
ezreal,"[18, 40, '45.00%', '5.84%']","[0, 0, 0, 0]","[3, 6, '50.00%', '0.88%']","[0, 0, 0, 0]","[0, 0, 0, 0]","[0, 0, 0, 0]","[0, 2, '0.00%', '0.31%']","[0, 0, 0, 0]","[1, 1, '100.00%', '0.15%']","[0, 0, 0, 0]","[1, 1, '100.00%', '3.03%']","[2, 2, '100.00%', '0.30%']","[1, 4, '25.00%', '0.60%']","[0, 1, '0.00%', '0.33%']","[0, 0, 0, 0]","[1, 1, '100.00%', '0.15%']","[0, 0, 0, 0]","[0, 1, '0.00%', '0.17%']","[0, 0, 0, 0]","[1, 2, '50.00%', '10.00%']","[0, 0, 0, 0]","[0, 0, 0, 0]","[0, 0, 0, 0]","[0, 0, 0, 0]","[1, 1, '100.00%', '0.16%']","[0, 0, 0, 0]","[0, 0, 0, 0]","[0, 0, 0, 0]","[0, 0, 0, 0]","[0, 0, 0, 0]","[0, 0, 0, 0]","[0, 0, 0, 0]","[0, 0, 0, 0]","[2, 2, '100.00%', '0.41%']","[0, 0, 0, 0]","[0, 1, '0.00%', '0.16%']","[0, 0, 0, 0]","[0, 0, 0, 0]","[0, 0, 0, 0]","[0, 1, '0.00%', '0.22%']","[0, 0, 0, 0]","[0, 2, '0.00%', '3.45%']","[1, 1, '100.00%', '0.15%']","[0, 0, 0, 0]","[0, 0, 0, 0]","[1, 4, '25.00%', '0.59%']","[0, 0, 0, 0]","[0, 1, '0.00%', '0.30%']","[0, 0, 0, 0]","[3, 6, '50.00%', '0.88%']","[0, 0, 0, 0]","[0, 0, 0, 0]"
jhin,"[20, 41, '48.78%', '5.90%']","[0, 0, 0, 0]","[1, 2, '50.00%', '0.34%']","[0, 1, '0.00%', '0.32%']","[4, 5, '80.00%', '1.48%']","[1, 1, '100.00%', '0.34%']","[1, 1, '100.00%', '0.36%']","[1, 2, '50.00%', '0.63%']","[0, 0, 0, 0]","[0, 0, 0, 0]","[0, 0, 0, 0]","[2, 5, '40.00%', '0.72%']","[3, 8, '37.50%', '1.60%']","[0, 2, '0.00%', '0.79%']","[0, 0, 0, 0]","[0, 0, 0, 0]","[0, 0, 0, 0]","[1, 1, '100.00%', '0.17%']","[0, 0, 0, 0]","[1, 2, '50.00%', '0.88%']","[0, 0, 0, 0]","[0, 0, 0, 0]","[0, 0, 0, 0]","[0, 0, 0, 0]","[1, 1, '100.00%', '0.42%']","[0, 0, 0, 0]","[0, 0, 0, 0]","[0, 0, 0, 0]","[0, 0, 0, 0]","[0, 0, 0, 0]","[0, 0, 0, 0]","[0, 2, '0.00%', '0.74%']","[0, 0, 0, 0]","[0, 0, 0, 0]","[0, 0, 0, 0]","[1, 2, '50.00%', '0.80%']","[0, 0, 0, 0]","[0, 0, 0, 0]","[0, 0, 0, 0]","[0, 0, 0, 0]","[1, 1, '100.00%', '0.41%']","[1, 1, '100.00%', '1.69%']","[0, 0, 0, 0]","[0, 0, 0, 0]","[0, 0, 0, 0]","[1, 1, '100.00%', '0.63%']","[0, 1, '0.00%', '0.29%']","[0, 1, '0.00%', '5.56%']","[0, 0, 0, 0]","[0, 1, '0.00%', '0.18%']","[0, 0, 0, 0]","[0, 0, 0, 0]"
jinx,"[28, 42, '66.67%', '5.88%']","[0, 0, 0, 0]","[8, 15, '53.33%', '2.10%']","[0, 0, 0, 0]","[0, 0, 0, 0]","[1, 1, '100.00%', '0.15%']","[0, 0, 0, 0]","[5, 6, '83.33%', '0.88%']","[0, 0, 0, 0]","[0, 0, 0, 0]","[0, 0, 0, 0]","[0, 0, 0, 0]","[0, 0, 0, 0]","[1, 2, '50.00%', '0.30%']","[0, 0, 0, 0]","[0, 0, 0, 0]","[1, 1, '100.00%', '0.16%']","[0, 0, 0, 0]","[0, 0, 0, 0]","[1, 2, '50.00%', '0.30%']","[0, 0, 0, 0]","[0, 0, 0, 0]","[0, 0, 0, 0]","[0, 0, 0, 0]","[0, 0, 0, 0]","[0, 0, 0, 0]","[0, 0, 0, 0]","[0, 0, 0, 0]","[0, 0, 0, 0]","[1, 1, '100.00%', '0.50%']","[0, 0, 0, 0]","[0, 0, 0, 0]","[0, 0, 0, 0]","[0, 0, 0, 0]","[0, 0, 0, 0]","[0, 0, 0, 0]","[0, 0, 0, 0]","[0, 0, 0, 0]","[0, 0, 0, 0]","[0, 0, 0, 0]","[0, 0, 0, 0]","[1, 1, '100.00%', '3.23%']","[0, 0, 0, 0]","[1, 1, '100.00%', '0.15%']","[0, 0, 0, 0]","[4, 8, '50.00%', '1.24%']","[0, 0, 0, 0]","[0, 0, 0, 0]","[1, 1, '100.00%', '0.15%']","[3, 3, '100.00%', '0.42%']","[0, 0, 0, 0]","[0, 0, 0, 0]"
kaisa,"[58, 106, '54.72%', '15.14%']","[0, 0, 0, 0]","[1, 5, '20.00%', '1.18%']","[1, 3, '33.33%', '0.62%']","[2, 2, '100.00%', '0.91%']","[1, 1, '100.00%', '0.51%']","[7, 11, '63.64%', '2.11%']","[2, 8, '25.00%', '1.30%']","[0, 0, 0, 0]","[0, 0, 0, 0]","[0, 1, '0.00%', '4.76%']","[3, 6, '50.00%', '2.76%']","[0, 0, 0, 0]","[2, 3, '66.67%', '0.97%']","[0, 0, 0, 0]","[0, 0, 0, 0]","[0, 0, 0, 0]","[0, 0, 0, 0]","[0, 0, 0, 0]","[2, 2, '100.00%', '0.64%']","[0, 0, 0, 0]","[0, 0, 0, 0]","[0, 1, '0.00%', '0.22%']","[0, 0, 0, 0]","[0, 0, 0, 0]","[0, 0, 0, 0]","[2, 3, '66.67%', '0.62%']","[0, 0, 0, 0]","[0, 0, 0, 0]","[0, 1, '0.00%', '1.25%']","[0, 0, 0, 0]","[1, 1, '100.00%', '0.40%']","[0, 0, 0, 0]","[2, 7, '28.57%', '1.33%']","[1, 1, '100.00%', '0.81%']","[1, 3, '33.33%', '0.67%']","[0, 0, 0, 0]","[0, 0, 0, 0]","[0, 0, 0, 0]","[4, 7, '57.14%', '1.32%']","[0, 0, 0, 0]","[3, 4, '75.00%', '0.57%']","[1, 1, '100.00%', '0.20%']","[0, 0, 0, 0]","[0, 0, 0, 0]","[14, 20, '70.00%', '3.72%']","[0, 0, 0, 0]","[0, 1, '0.00%', '4.17%']","[0, 0, 0, 0]","[6, 10, '60.00%', '1.90%']","[1, 3, '33.33%', '0.69%']","[1, 1, '100.00%', '0.44%']"
kalista,"[15, 37, '40.54%', '6.53%']","[0, 0, 0, 0]","[1, 1, '100.00%', '0.87%']","[0, 1, '0.00%', '0.45%']","[1, 2, '50.00%', '0.62%']","[0, 0, 0, 0]","[0, 2, '0.00%', '0.74%']","[0, 1, '0.00%', '0.39%']","[0, 0, 0, 0]","[0, 0, 0, 0]","[0, 0, 0, 0]","[2, 2, '100.00%', '0.91%']","[5, 9, '55.56%', '2.64%']","[0, 0, 0, 0]","[0, 0, 0, 0]","[0, 0, 0, 0]","[0, 0, 0, 0]","[0, 0, 0, 0]","[1, 1, '100.00%', '0.41%']","[1, 3, '33.33%', '0.53%']","[0, 0, 0, 0]","[0, 0, 0, 0]","[0, 0, 0, 0]","[0, 0, 0, 0]","[0, 0, 0, 0]","[0, 0, 0, 0]","[0, 1, '0.00%', '0.64%']","[0, 0, 0, 0]","[0, 0, 0, 0]","[0, 0, 0, 0]","[0, 0, 0, 0]","[0, 0, 0, 0]","[0, 0, 0, 0]","[0, 1, '0.00%', '0.38%']","[2, 2, '100.00%', '2.33%']","[0, 0, 0, 0]","[0, 0, 0, 0]","[0, 0, 0, 0]","[0, 0, 0, 0]","[1, 1, '100.00%', '0.54%']","[0, 0, 0, 0]","[0, 3, '0.00%', '1.03%']","[0, 0, 0, 0]","[0, 0, 0, 0]","[0, 0, 0, 0]","[1, 3, '33.33%', '1.50%']","[0, 0, 0, 0]","[0, 0, 0, 0]","[0, 0, 0, 0]","[0, 2, '0.00%', '0.37%']","[0, 2, '0.00%', '1.03%']","[0, 0, 0, 0]"
kogmaw,"[5, 12, '41.67%', '1.92%']","[0, 0, 0, 0]","[0, 2, '0.00%', '0.33%']","[0, 0, 0, 0]","[0, 0, 0, 0]","[0, 0, 0, 0]","[0, 0, 0, 0]","[1, 2, '50.00%', '0.33%']","[0, 0, 0, 0]","[0, 0, 0, 0]","[0, 0, 0, 0]","[2, 2, '100.00%', '0.32%']","[1, 1, '100.00%', '0.24%']","[0, 0, 0, 0]","[0, 0, 0, 0]","[0, 0, 0, 0]","[0, 0, 0, 0]","[0, 0, 0, 0]","[0, 0, 0, 0]","[1, 4, '25.00%', '0.66%']","[0, 0, 0, 0]","[0, 0, 0, 0]","[0, 0, 0, 0]","[0, 0, 0, 0]","[0, 0, 0, 0]","[0, 0, 0, 0]","[0, 0, 0, 0]","[0, 0, 0, 0]","[0, 0, 0, 0]","[0, 0, 0, 0]","[0, 0, 0, 0]","[0, 0, 0, 0]","[0, 0, 0, 0]","[0, 0, 0, 0]","[0, 0, 0, 0]","[0, 0, 0, 0]","[0, 0, 0, 0]","[0, 0, 0, 0]","[0, 0, 0, 0]","[0, 0, 0, 0]","[0, 0, 0, 0]","[0, 1, '0.00%', '0.17%']","[0, 0, 0, 0]","[0, 0, 0, 0]","[0, 0, 0, 0]","[0, 0, 0, 0]","[0, 0, 0, 0]","[0, 0, 0, 0]","[0, 0, 0, 0]","[0, 0, 0, 0]","[0, 0, 0, 0]","[0, 0, 0, 0]"
lucian,"[13, 24, '54.17%', '3.97%']","[0, 0, 0, 0]","[1, 1, '100.00%', '0.18%']","[0, 0, 0, 0]","[0, 0, 0, 0]","[0, 0, 0, 0]","[0, 1, '0.00%', '12.50%']","[4, 6, '66.67%', '1.04%']","[0, 0, 0, 0]","[1, 1, '100.00%', '0.18%']","[0, 0, 0, 0]","[0, 0, 0, 0]","[3, 5, '60.00%', '1.36%']","[2, 4, '50.00%', '0.74%']","[0, 0, 0, 0]","[0, 0, 0, 0]","[0, 0, 0, 0]","[0, 0, 0, 0]","[0, 0, 0, 0]","[0, 0, 0, 0]","[0, 0, 0, 0]","[0, 0, 0, 0]","[0, 0, 0, 0]","[0, 0, 0, 0]","[0, 0, 0, 0]","[0, 0, 0, 0]","[0, 0, 0, 0]","[0, 0, 0, 0]","[1, 1, '100.00%', '0.22%']","[0, 0, 0, 0]","[0, 0, 0, 0]","[0, 0, 0, 0]","[0, 0, 0, 0]","[0, 0, 0, 0]","[0, 0, 0, 0]","[0, 1, '0.00%', '0.42%']","[0, 0, 0, 0]","[0, 0, 0, 0]","[0, 0, 0, 0]","[0, 0, 0, 0]","[0, 0, 0, 0]","[1, 1, '100.00%', '11.11%']","[0, 0, 0, 0]","[0, 0, 0, 0]","[0, 0, 0, 0]","[0, 1, '0.00%', '0.31%']","[0, 0, 0, 0]","[0, 0, 0, 0]","[0, 0, 0, 0]","[0, 2, '0.00%', '0.33%']","[0, 0, 0, 0]","[0, 0, 0, 0]"
missfortune,"[2, 3, '66.67%', '0.85%']","[0, 0, 0, 0]","[0, 0, 0, 0]","[0, 0, 0, 0]","[0, 0, 0, 0]","[0, 0, 0, 0]","[0, 0, 0, 0]","[0, 0, 0, 0]","[0, 0, 0, 0]","[0, 0, 0, 0]","[0, 0, 0, 0]","[0, 0, 0, 0]","[0, 0, 0, 0]","[0, 0, 0, 0]","[0, 0, 0, 0]","[0, 0, 0, 0]","[0, 0, 0, 0]","[0, 0, 0, 0]","[0, 0, 0, 0]","[0, 0, 0, 0]","[0, 0, 0, 0]","[0, 0, 0, 0]","[0, 0, 0, 0]","[0, 0, 0, 0]","[0, 0, 0, 0]","[0, 0, 0, 0]","[0, 0, 0, 0]","[0, 0, 0, 0]","[0, 0, 0, 0]","[0, 0, 0, 0]","[0, 0, 0, 0]","[0, 0, 0, 0]","[0, 0, 0, 0]","[0, 0, 0, 0]","[0, 0, 0, 0]","[0, 0, 0, 0]","[0, 0, 0, 0]","[0, 0, 0, 0]","[0, 0, 0, 0]","[0, 0, 0, 0]","[0, 0, 0, 0]","[0, 0, 0, 0]","[0, 0, 0, 0]","[0, 0, 0, 0]","[0, 0, 0, 0]","[1, 2, '50.00%', '0.57%']","[0, 0, 0, 0]","[0, 0, 0, 0]","[0, 0, 0, 0]","[1, 1, '100.00%', '0.29%']","[0, 0, 0, 0]","[0, 0, 0, 0]"
nilah,"[8, 25, '32.00%', '5.24%']","[0, 0, 0, 0]","[0, 2, '0.00%', '0.85%']","[1, 1, '100.00%', '0.52%']","[1, 1, '100.00%', '0.33%']","[0, 0, 0, 0]","[0, 0, 0, 0]","[0, 2, '0.00%', '0.52%']","[0, 0, 0, 0]","[0, 0, 0, 0]","[1, 2, '50.00%', '0.83%']","[0, 1, '0.00%', '0.57%']","[2, 4, '50.00%', '1.98%']","[0, 0, 0, 0]","[0, 0, 0, 0]","[0, 0, 0, 0]","[0, 0, 0, 0]","[0, 0, 0, 0]","[0, 0, 0, 0]","[0, 0, 0, 0]","[1, 1, '100.00%', '0.32%']","[0, 0, 0, 0]","[0, 0, 0, 0]","[0, 0, 0, 0]","[0, 0, 0, 0]","[0, 0, 0, 0]","[0, 0, 0, 0]","[0, 0, 0, 0]","[0, 0, 0, 0]","[0, 0, 0, 0]","[0, 0, 0, 0]","[0, 0, 0, 0]","[0, 0, 0, 0]","[1, 2, '50.00%', '0.42%']","[0, 0, 0, 0]","[0, 0, 0, 0]","[0, 0, 0, 0]","[0, 0, 0, 0]","[0, 0, 0, 0]","[0, 0, 0, 0]","[0, 1, '0.00%', '3.57%']","[0, 0, 0, 0]","[0, 0, 0, 0]","[0, 0, 0, 0]","[0, 0, 0, 0]","[0, 2, '0.00%', '0.96%']","[0, 0, 0, 0]","[0, 0, 0, 0]","[0, 0, 0, 0]","[1, 3, '33.33%', '0.72%']","[0, 3, '0.00%', '1.30%']","[0, 0, 0, 0]"
samira,"[8, 14, '57.14%', '1.97%']","[0, 0, 0, 0]","[2, 3, '66.67%', '0.51%']","[1, 1, '100.00%', '3.85%']","[1, 1, '100.00%', '2.17%']","[0, 0, 0, 0]","[0, 0, 0, 0]","[0, 0, 0, 0]","[0, 0, 0, 0]","[0, 0, 0, 0]","[0, 0, 0, 0]","[0, 0, 0, 0]","[2, 3, '66.67%', '0.63%']","[0, 0, 0, 0]","[0, 0, 0, 0]","[0, 0, 0, 0]","[0, 0, 0, 0]","[0, 0, 0, 0]","[0, 0, 0, 0]","[0, 0, 0, 0]","[0, 0, 0, 0]","[0, 0, 0, 0]","[0, 0, 0, 0]","[0, 0, 0, 0]","[0, 0, 0, 0]","[0, 0, 0, 0]","[0, 0, 0, 0]","[0, 0, 0, 0]","[0, 0, 0, 0]","[0, 0, 0, 0]","[0, 0, 0, 0]","[0, 0, 0, 0]","[0, 0, 0, 0]","[0, 0, 0, 0]","[0, 1, '0.00%', '1.27%']","[0, 1, '0.00%', '0.38%']","[0, 0, 0, 0]","[0, 0, 0, 0]","[0, 0, 0, 0]","[0, 0, 0, 0]","[0, 0, 0, 0]","[1, 1, '100.00%', '2.70%']","[0, 0, 0, 0]","[0, 0, 0, 0]","[0, 0, 0, 0]","[1, 1, '100.00%', '0.34%']","[0, 0, 0, 0]","[0, 0, 0, 0]","[0, 0, 0, 0]","[0, 2, '0.00%', '0.28%']","[0, 0, 0, 0]","[0, 0, 0, 0]"
senna,"[0, 3, '0.00%', '1.02%']","[0, 0, 0, 0]","[0, 1, '0.00%', '0.69%']","[0, 0, 0, 0]","[0, 0, 0, 0]","[0, 0, 0, 0]","[0, 0, 0, 0]","[0, 0, 0, 0]","[0, 0, 0, 0]","[0, 0, 0, 0]","[0, 0, 0, 0]","[0, 0, 0, 0]","[0, 1, '0.00%', '0.34%']","[0, 0, 0, 0]","[0, 0, 0, 0]","[0, 0, 0, 0]","[0, 0, 0, 0]","[0, 0, 0, 0]","[0, 0, 0, 0]","[0, 0, 0, 0]","[0, 0, 0, 0]","[0, 0, 0, 0]","[0, 0, 0, 0]","[0, 0, 0, 0]","[0, 0, 0, 0]","[0, 0, 0, 0]","[0, 0, 0, 0]","[0, 1, '0.00%', '0.37%']","[0, 0, 0, 0]","[0, 0, 0, 0]","[0, 0, 0, 0]","[0, 0, 0, 0]","[0, 0, 0, 0]","[0, 0, 0, 0]","[0, 0, 0, 0]","[0, 0, 0, 0]","[0, 0, 0, 0]","[0, 0, 0, 0]","[0, 0, 0, 0]","[0, 0, 0, 0]","[0, 0, 0, 0]","[0, 0, 0, 0]","[0, 0, 0, 0]","[0, 0, 0, 0]","[0, 0, 0, 0]","[0, 0, 0, 0]","[0, 0, 0, 0]","[0, 0, 0, 0]","[0, 0, 0, 0]","[0, 0, 0, 0]","[0, 0, 0, 0]","[0, 0, 0, 0]"
seraphine,"[1, 1, '100.00%', '1.79%']","[0, 0, 0, 0]","[0, 0, 0, 0]","[0, 0, 0, 0]","[0, 0, 0, 0]","[0, 0, 0, 0]","[0, 0, 0, 0]","[0, 0, 0, 0]","[0, 0, 0, 0]","[0, 0, 0, 0]","[0, 0, 0, 0]","[0, 0, 0, 0]","[0, 0, 0, 0]","[0, 0, 0, 0]","[0, 0, 0, 0]","[0, 0, 0, 0]","[0, 0, 0, 0]","[0, 0, 0, 0]","[0, 0, 0, 0]","[0, 0, 0, 0]","[0, 0, 0, 0]","[0, 0, 0, 0]","[0, 0, 0, 0]","[0, 0, 0, 0]","[0, 0, 0, 0]","[0, 0, 0, 0]","[0, 0, 0, 0]","[0, 0, 0, 0]","[0, 0, 0, 0]","[0, 0, 0, 0]","[0, 0, 0, 0]","[0, 0, 0, 0]","[0, 0, 0, 0]","[1, 1, '100.00%', '1.79%']","[0, 0, 0, 0]","[0, 0, 0, 0]","[0, 0, 0, 0]","[0, 0, 0, 0]","[0, 0, 0, 0]","[0, 0, 0, 0]","[0, 0, 0, 0]","[0, 0, 0, 0]","[0, 0, 0, 0]","[0, 0, 0, 0]","[0, 0, 0, 0]","[0, 0, 0, 0]","[0, 0, 0, 0]","[0, 0, 0, 0]","[0, 0, 0, 0]","[0, 0, 0, 0]","[0, 0, 0, 0]","[0, 0, 0, 0]"
sivir,"[15, 20, '75.00%', '3.35%']","[0, 0, 0, 0]","[0, 0, 0, 0]","[0, 0, 0, 0]","[0, 0, 0, 0]","[1, 1, '100.00%', '0.23%']","[0, 0, 0, 0]","[3, 4, '75.00%', '0.88%']","[0, 0, 0, 0]","[0, 0, 0, 0]","[0, 0, 0, 0]","[0, 0, 0, 0]","[4, 4, '100.00%', '0.91%']","[0, 0, 0, 0]","[0, 0, 0, 0]","[0, 0, 0, 0]","[0, 0, 0, 0]","[0, 0, 0, 0]","[0, 0, 0, 0]","[0, 0, 0, 0]","[0, 0, 0, 0]","[0, 0, 0, 0]","[0, 0, 0, 0]","[0, 0, 0, 0]","[0, 0, 0, 0]","[0, 0, 0, 0]","[0, 0, 0, 0]","[0, 0, 0, 0]","[0, 0, 0, 0]","[0, 0, 0, 0]","[0, 0, 0, 0]","[0, 0, 0, 0]","[0, 0, 0, 0]","[0, 0, 0, 0]","[0, 0, 0, 0]","[0, 0, 0, 0]","[0, 0, 0, 0]","[0, 0, 0, 0]","[0, 0, 0, 0]","[0, 0, 0, 0]","[0, 0, 0, 0]","[0, 0, 0, 0]","[1, 1, '100.00%', '0.24%']","[0, 0, 0, 0]","[0, 0, 0, 0]","[4, 7, '57.14%', '1.17%']","[0, 0, 0, 0]","[0, 0, 0, 0]","[0, 0, 0, 0]","[2, 3, '66.67%', '0.68%']","[0, 0, 0, 0]","[0, 0, 0, 0]"
swain,"[1, 1, '100.00%', '0.32%']","[0, 0, 0, 0]","[0, 0, 0, 0]","[0, 0, 0, 0]","[0, 0, 0, 0]","[0, 0, 0, 0]","[0, 0, 0, 0]","[0, 0, 0, 0]","[0, 0, 0, 0]","[0, 0, 0, 0]","[0, 0, 0, 0]","[0, 0, 0, 0]","[0, 0, 0, 0]","[0, 0, 0, 0]","[0, 0, 0, 0]","[0, 0, 0, 0]","[0, 0, 0, 0]","[0, 0, 0, 0]","[0, 0, 0, 0]","[0, 0, 0, 0]","[0, 0, 0, 0]","[0, 0, 0, 0]","[0, 0, 0, 0]","[0, 0, 0, 0]","[0, 0, 0, 0]","[0, 0, 0, 0]","[0, 0, 0, 0]","[0, 0, 0, 0]","[0, 0, 0, 0]","[0, 0, 0, 0]","[0, 0, 0, 0]","[0, 0, 0, 0]","[0, 0, 0, 0]","[0, 0, 0, 0]","[0, 0, 0, 0]","[1, 1, '100.00%', '0.32%']","[0, 0, 0, 0]","[0, 0, 0, 0]","[0, 0, 0, 0]","[0, 0, 0, 0]","[0, 0, 0, 0]","[0, 0, 0, 0]","[0, 0, 0, 0]","[0, 0, 0, 0]","[0, 0, 0, 0]","[0, 0, 0, 0]","[0, 0, 0, 0]","[0, 0, 0, 0]","[0, 0, 0, 0]","[0, 0, 0, 0]","[0, 0, 0, 0]","[0, 0, 0, 0]"
tristana,"[16, 25, '64.00%', '3.50%']","[0, 0, 0, 0]","[0, 1, '0.00%', '0.14%']","[0, 0, 0, 0]","[0, 0, 0, 0]","[0, 0, 0, 0]","[1, 1, '100.00%', '0.61%']","[0, 0, 0, 0]","[0, 0, 0, 0]","[0, 0, 0, 0]","[0, 0, 0, 0]","[0, 0, 0, 0]","[10, 15, '66.67%', '3.08%']","[0, 0, 0, 0]","[0, 0, 0, 0]","[0, 0, 0, 0]","[0, 0, 0, 0]","[0, 0, 0, 0]","[0, 0, 0, 0]","[0, 0, 0, 0]","[0, 0, 0, 0]","[0, 0, 0, 0]","[0, 0, 0, 0]","[0, 0, 0, 0]","[0, 0, 0, 0]","[0, 0, 0, 0]","[1, 1, '100.00%', '0.23%']","[0, 0, 0, 0]","[0, 0, 0, 0]","[0, 0, 0, 0]","[0, 0, 0, 0]","[0, 0, 0, 0]","[0, 0, 0, 0]","[0, 0, 0, 0]","[0, 0, 0, 0]","[0, 0, 0, 0]","[0, 0, 0, 0]","[0, 0, 0, 0]","[0, 0, 0, 0]","[0, 0, 0, 0]","[0, 0, 0, 0]","[0, 0, 0, 0]","[0, 0, 0, 0]","[0, 0, 0, 0]","[0, 0, 0, 0]","[3, 3, '100.00%', '0.56%']","[0, 0, 0, 0]","[0, 0, 0, 0]","[0, 1, '0.00%', '0.59%']","[1, 3, '33.33%', '0.87%']","[0, 0, 0, 0]","[0, 0, 0, 0]"
twitch,"[2, 4, '50.00%', '0.65%']","[0, 0, 0, 0]","[0, 1, '0.00%', '0.18%']","[0, 0, 0, 0]","[0, 0, 0, 0]","[0, 0, 0, 0]","[0, 0, 0, 0]","[0, 0, 0, 0]","[0, 0, 0, 0]","[0, 0, 0, 0]","[0, 0, 0, 0]","[0, 0, 0, 0]","[1, 1, '100.00%', '0.28%']","[0, 0, 0, 0]","[0, 0, 0, 0]","[0, 0, 0, 0]","[0, 0, 0, 0]","[0, 0, 0, 0]","[0, 0, 0, 0]","[0, 0, 0, 0]","[0, 0, 0, 0]","[0, 0, 0, 0]","[0, 0, 0, 0]","[0, 0, 0, 0]","[0, 0, 0, 0]","[0, 0, 0, 0]","[0, 0, 0, 0]","[0, 0, 0, 0]","[0, 0, 0, 0]","[0, 0, 0, 0]","[0, 0, 0, 0]","[0, 0, 0, 0]","[0, 0, 0, 0]","[0, 0, 0, 0]","[0, 0, 0, 0]","[0, 0, 0, 0]","[0, 0, 0, 0]","[0, 0, 0, 0]","[0, 0, 0, 0]","[0, 0, 0, 0]","[0, 0, 0, 0]","[0, 0, 0, 0]","[0, 0, 0, 0]","[0, 0, 0, 0]","[0, 0, 0, 0]","[0, 1, '0.00%', '0.16%']","[0, 0, 0, 0]","[0, 0, 0, 0]","[0, 0, 0, 0]","[1, 1, '100.00%', '0.17%']","[0, 0, 0, 0]","[0, 0, 0, 0]"
varus,"[23, 35, '65.71%', '4.85%']","[0, 0, 0, 0]","[0, 0, 0, 0]","[1, 1, '100.00%', '0.22%']","[1, 1, '100.00%', '0.24%']","[1, 1, '100.00%', '0.20%']","[0, 1, '0.00%', '0.22%']","[0, 0, 0, 0]","[0, 0, 0, 0]","[0, 0, 0, 0]","[2, 3, '66.67%', '0.44%']","[1, 1, '100.00%', '0.15%']","[2, 2, '100.00%', '2.20%']","[6, 6, '100.00%', '1.07%']","[1, 1, '100.00%', '4.35%']","[0, 0, 0, 0]","[0, 0, 0, 0]","[0, 0, 0, 0]","[0, 0, 0, 0]","[1, 1, '100.00%', '9.09%']","[0, 0, 0, 0]","[0, 0, 0, 0]","[0, 1, '0.00%', '0.75%']","[1, 1, '100.00%', '14.29%']","[0, 0, 0, 0]","[0, 0, 0, 0]","[0, 0, 0, 0]","[0, 0, 0, 0]","[0, 0, 0, 0]","[0, 0, 0, 0]","[0, 0, 0, 0]","[0, 0, 0, 0]","[0, 0, 0, 0]","[2, 2, '100.00%', '0.28%']","[0, 0, 0, 0]","[0, 0, 0, 0]","[0, 0, 0, 0]","[0, 0, 0, 0]","[0, 0, 0, 0]","[1, 1, '100.00%', '0.22%']","[0, 0, 0, 0]","[0, 0, 0, 0]","[0, 0, 0, 0]","[0, 0, 0, 0]","[0, 1, '0.00%', '0.14%']","[0, 1, '0.00%', '0.14%']","[0, 0, 0, 0]","[1, 1, '100.00%', '0.76%']","[0, 0, 0, 0]","[1, 3, '33.33%', '0.43%']","[1, 6, '16.67%', '0.83%']","[0, 0, 0, 0]"
vayne,"[4, 10, '40.00%', '1.56%']","[0, 0, 0, 0]","[0, 0, 0, 0]","[0, 0, 0, 0]","[0, 0, 0, 0]","[0, 0, 0, 0]","[0, 1, '0.00%', '0.16%']","[2, 2, '100.00%', '0.31%']","[0, 0, 0, 0]","[0, 0, 0, 0]","[0, 0, 0, 0]","[0, 1, '0.00%', '0.16%']","[1, 1, '100.00%', '0.20%']","[0, 0, 0, 0]","[0, 0, 0, 0]","[0, 0, 0, 0]","[0, 0, 0, 0]","[0, 0, 0, 0]","[0, 0, 0, 0]","[0, 1, '0.00%', '0.17%']","[0, 0, 0, 0]","[0, 0, 0, 0]","[0, 0, 0, 0]","[0, 0, 0, 0]","[0, 0, 0, 0]","[0, 0, 0, 0]","[0, 0, 0, 0]","[0, 0, 0, 0]","[0, 0, 0, 0]","[0, 0, 0, 0]","[0, 0, 0, 0]","[0, 0, 0, 0]","[0, 0, 0, 0]","[0, 2, '0.00%', '0.50%']","[0, 0, 0, 0]","[0, 0, 0, 0]","[0, 0, 0, 0]","[0, 0, 0, 0]","[0, 0, 0, 0]","[0, 0, 0, 0]","[0, 0, 0, 0]","[0, 0, 0, 0]","[0, 0, 0, 0]","[0, 0, 0, 0]","[0, 0, 0, 0]","[0, 0, 0, 0]","[0, 0, 0, 0]","[0, 0, 0, 0]","[0, 0, 0, 0]","[1, 2, '50.00%', '0.31%']","[0, 0, 0, 0]","[0, 0, 0, 0]"
veigar,"[2, 2, '100.00%', '0.28%']","[0, 0, 0, 0]","[1, 1, '100.00%', '0.14%']","[0, 0, 0, 0]","[0, 0, 0, 0]","[0, 0, 0, 0]","[0, 0, 0, 0]","[0, 0, 0, 0]","[0, 0, 0, 0]","[0, 0, 0, 0]","[0, 0, 0, 0]","[0, 0, 0, 0]","[0, 0, 0, 0]","[0, 0, 0, 0]","[0, 0, 0, 0]","[0, 0, 0, 0]","[0, 0, 0, 0]","[0, 0, 0, 0]","[0, 0, 0, 0]","[0, 0, 0, 0]","[0, 0, 0, 0]","[0, 0, 0, 0]","[0, 0, 0, 0]","[0, 0, 0, 0]","[0, 0, 0, 0]","[0, 0, 0, 0]","[0, 0, 0, 0]","[0, 0, 0, 0]","[0, 0, 0, 0]","[0, 0, 0, 0]","[0, 0, 0, 0]","[0, 0, 0, 0]","[0, 0, 0, 0]","[0, 0, 0, 0]","[0, 0, 0, 0]","[0, 0, 0, 0]","[0, 0, 0, 0]","[0, 0, 0, 0]","[0, 0, 0, 0]","[0, 0, 0, 0]","[0, 0, 0, 0]","[1, 1, '100.00%', '0.15%']","[0, 0, 0, 0]","[0, 0, 0, 0]","[0, 0, 0, 0]","[0, 0, 0, 0]","[0, 0, 0, 0]","[0, 0, 0, 0]","[0, 0, 0, 0]","[0, 0, 0, 0]","[0, 0, 0, 0]","[0, 0, 0, 0]"
xayah,"[49, 88, '55.68%', '12.29%']","[1, 1, '100.00%', '0.74%']","[5, 7, '71.43%', '1.04%']","[1, 2, '50.00%', '0.38%']","[2, 2, '100.00%', '1.77%']","[0, 0, 0, 0]","[6, 7, '85.71%', '0.98%']","[4, 6, '66.67%', '0.93%']","[0, 0, 0, 0]","[0, 0, 0, 0]","[0, 0, 0, 0]","[2, 5, '40.00%', '0.76%']","[16, 28, '57.14%', '5.34%']","[1, 6, '16.67%', '2.32%']","[0, 0, 0, 0]","[0, 0, 0, 0]","[0, 0, 0, 0]","[0, 0, 0, 0]","[0, 0, 0, 0]","[0, 0, 0, 0]","[0, 0, 0, 0]","[0, 0, 0, 0]","[0, 0, 0, 0]","[0, 0, 0, 0]","[0, 0, 0, 0]","[0, 0, 0, 0]","[1, 1, '100.00%', '0.61%']","[0, 0, 0, 0]","[0, 0, 0, 0]","[0, 0, 0, 0]","[0, 0, 0, 0]","[0, 0, 0, 0]","[1, 1, '100.00%', '0.22%']","[0, 0, 0, 0]","[1, 1, '100.00%', '0.43%']","[1, 1, '100.00%', '0.22%']","[0, 1, '0.00%', '0.93%']","[0, 1, '0.00%', '1.12%']","[0, 0, 0, 0]","[2, 3, '66.67%', '0.65%']","[0, 1, '0.00%', '0.14%']","[1, 2, '50.00%', '0.29%']","[0, 0, 0, 0]","[0, 0, 0, 0]","[0, 0, 0, 0]","[0, 0, 0, 0]","[0, 0, 0, 0]","[0, 0, 0, 0]","[1, 1, '100.00%', '0.80%']","[2, 8, '25.00%', '1.58%']","[1, 3, '33.33%', '1.69%']","[0, 0, 0, 0]"
xerath,"[0, 1, '0.00%', '0.30%']","[0, 0, 0, 0]","[0, 0, 0, 0]","[0, 0, 0, 0]","[0, 0, 0, 0]","[0, 0, 0, 0]","[0, 0, 0, 0]","[0, 0, 0, 0]","[0, 0, 0, 0]","[0, 0, 0, 0]","[0, 0, 0, 0]","[0, 0, 0, 0]","[0, 0, 0, 0]","[0, 0, 0, 0]","[0, 0, 0, 0]","[0, 0, 0, 0]","[0, 0, 0, 0]","[0, 0, 0, 0]","[0, 0, 0, 0]","[0, 0, 0, 0]","[0, 0, 0, 0]","[0, 0, 0, 0]","[0, 0, 0, 0]","[0, 0, 0, 0]","[0, 0, 0, 0]","[0, 0, 0, 0]","[0, 0, 0, 0]","[0, 0, 0, 0]","[0, 0, 0, 0]","[0, 0, 0, 0]","[0, 0, 0, 0]","[0, 0, 0, 0]","[0, 0, 0, 0]","[0, 0, 0, 0]","[0, 0, 0, 0]","[0, 0, 0, 0]","[0, 0, 0, 0]","[0, 0, 0, 0]","[0, 0, 0, 0]","[0, 0, 0, 0]","[0, 0, 0, 0]","[0, 0, 0, 0]","[0, 0, 0, 0]","[0, 0, 0, 0]","[0, 0, 0, 0]","[0, 1, '0.00%', '0.30%']","[0, 0, 0, 0]","[0, 0, 0, 0]","[0, 0, 0, 0]","[0, 0, 0, 0]","[0, 0, 0, 0]","[0, 0, 0, 0]"
yasuo,"[2, 5, '40.00%', '1.40%']","[0, 0, 0, 0]","[0, 2, '0.00%', '0.61%']","[0, 0, 0, 0]","[0, 0, 0, 0]","[0, 0, 0, 0]","[0, 0, 0, 0]","[0, 0, 0, 0]","[0, 0, 0, 0]","[0, 0, 0, 0]","[0, 0, 0, 0]","[0, 0, 0, 0]","[0, 0, 0, 0]","[0, 0, 0, 0]","[0, 0, 0, 0]","[0, 0, 0, 0]","[0, 0, 0, 0]","[0, 0, 0, 0]","[0, 0, 0, 0]","[0, 1, '0.00%', '2.63%']","[0, 0, 0, 0]","[0, 0, 0, 0]","[0, 0, 0, 0]","[0, 0, 0, 0]","[0, 0, 0, 0]","[0, 0, 0, 0]","[0, 0, 0, 0]","[0, 0, 0, 0]","[0, 0, 0, 0]","[0, 0, 0, 0]","[0, 0, 0, 0]","[0, 0, 0, 0]","[0, 0, 0, 0]","[0, 0, 0, 0]","[0, 0, 0, 0]","[0, 0, 0, 0]","[0, 0, 0, 0]","[0, 0, 0, 0]","[0, 0, 0, 0]","[0, 0, 0, 0]","[0, 0, 0, 0]","[1, 1, '100.00%', '6.67%']","[0, 0, 0, 0]","[0, 0, 0, 0]","[0, 0, 0, 0]","[0, 0, 0, 0]","[0, 0, 0, 0]","[0, 0, 0, 0]","[0, 0, 0, 0]","[1, 1, '100.00%', '0.28%']","[0, 0, 0, 0]","[0, 0, 0, 0]"
zeri,"[33, 55, '60.00%', '7.66%']","[0, 0, 0, 0]","[7, 10, '70.00%', '1.53%']","[0, 0, 0, 0]","[0, 0, 0, 0]","[1, 1, '100.00%', '0.17%']","[1, 1, '100.00%', '0.18%']","[1, 3, '33.33%', '0.48%']","[0, 0, 0, 0]","[0, 0, 0, 0]","[0, 1, '0.00%', '0.17%']","[3, 4, '75.00%', '0.60%']","[5, 8, '62.50%', '2.00%']","[0, 0, 0, 0]","[0, 0, 0, 0]","[0, 0, 0, 0]","[0, 0, 0, 0]","[0, 1, '0.00%', '0.18%']","[0, 0, 0, 0]","[4, 6, '66.67%', '1.01%']","[0, 0, 0, 0]","[0, 1, '0.00%', '0.25%']","[0, 1, '0.00%', '0.19%']","[0, 0, 0, 0]","[0, 1, '0.00%', '0.55%']","[0, 0, 0, 0]","[3, 3, '100.00%', '0.76%']","[0, 0, 0, 0]","[0, 0, 0, 0]","[0, 0, 0, 0]","[0, 0, 0, 0]","[0, 0, 0, 0]","[0, 0, 0, 0]","[1, 2, '50.00%', '0.36%']","[0, 1, '0.00%', '0.71%']","[1, 1, '100.00%', '0.24%']","[0, 0, 0, 0]","[0, 0, 0, 0]","[0, 1, '0.00%', '0.27%']","[1, 1, '100.00%', '0.17%']","[1, 2, '50.00%', '0.35%']","[2, 2, '100.00%', '0.33%']","[1, 1, '100.00%', '0.14%']","[0, 0, 0, 0]","[0, 0, 0, 0]","[0, 1, '0.00%', '0.14%']","[0, 0, 0, 0]","[0, 0, 0, 0]","[0, 0, 0, 0]","[0, 0, 0, 0]","[1, 2, '50.00%', '0.31%']","[0, 0, 0, 0]"
ziggs,"[3, 6, '50.00%', '0.87%']","[0, 0, 0, 0]","[1, 1, '100.00%', '0.39%']","[0, 0, 0, 0]","[1, 1, '100.00%', '0.57%']","[0, 0, 0, 0]","[0, 1, '0.00%', '0.49%']","[0, 0, 0, 0]","[0, 0, 0, 0]","[0, 0, 0, 0]","[0, 0, 0, 0]","[0, 0, 0, 0]","[0, 0, 0, 0]","[1, 1, '100.00%', '0.14%']","[0, 0, 0, 0]","[0, 0, 0, 0]","[0, 0, 0, 0]","[0, 0, 0, 0]","[0, 0, 0, 0]","[0, 0, 0, 0]","[0, 0, 0, 0]","[0, 0, 0, 0]","[0, 0, 0, 0]","[0, 0, 0, 0]","[0, 0, 0, 0]","[0, 0, 0, 0]","[0, 1, '0.00%', '0.68%']","[0, 0, 0, 0]","[0, 0, 0, 0]","[0, 0, 0, 0]","[0, 0, 0, 0]","[0, 0, 0, 0]","[0, 0, 0, 0]","[0, 0, 0, 0]","[0, 0, 0, 0]","[0, 0, 0, 0]","[0, 0, 0, 0]","[0, 0, 0, 0]","[0, 0, 0, 0]","[0, 0, 0, 0]","[0, 0, 0, 0]","[0, 1, '0.00%', '20.00%']","[0, 0, 0, 0]","[0, 0, 0, 0]","[0, 0, 0, 0]","[0, 0, 0, 0]","[0, 0, 0, 0]","[0, 0, 0, 0]","[0, 0, 0, 0]","[0, 0, 0, 0]","[0, 0, 0, 0]","[0, 0, 0, 0]"
