championName,perk1,perk2,perk3,skill1,skill2,sumSpell1,sumSpell2,weak1,weak2,weak3,weak4,weak5,strong1,strong2,strong3,strong4,strong5
Rengar,Precision,Conqueror,Resolve,"['Q', 'W', 'E']","['Q', 'W', 'E', 'Q', 'Q', 'R', 'Q', 'W', 'Q', 'W', 'R', 'W', 'W', 'E', 'E']",Flash,Ignite,"['Warwick', '43.88%', '335']","['Darius', '45.03%', '1,659']","['Trundle', '45.19%', '3,284']","['Zac', '45.53%', '347']","['Shen', '46.14%', '427']","['Ryze', '59.69%', '129']","['Kalista', '58.18%', '110']","['Vayne', '55.99%', '309']","['Quinn', '55.74%', '305']","['Akali', '55.25%', '914']"
Wukong,Precision,Conqueror,Inspiration,"['Q', 'E', 'W']","['E', 'Q', 'W', 'Q', 'Q', 'R', 'Q', 'E', 'Q', 'E', 'R', 'E', 'E', 'W', 'W']",Flash,Smite,"['Ivern', '39.19%', '273']","['Teemo', '41.12%', '411']","['Shaco', '41.84%', '1,599']","['Lillia', '41.93%', '570']","['Brand', '42.83%', '586']","['Rengar', '54.29%', '245']","['Zed', '51.66%', '151']","['Vi', '50.77%', '1,623']","['Pantheon', '50.61%', '164']","['Masteryi', '50.58%', '1,825']"
Shyvana,Domination,Dark Harvest,Sorcery,"['E', 'W', 'Q']","['E', 'W', 'Q', 'E', 'E', 'R', 'E', 'W', 'E', 'W', 'R', 'W', 'W', 'Q', 'Q']",Flash,Smite,"['Rell', '45.27%', '148']","['Ivern', '45.81%', '310']","['Lillia', '46.58%', '732']","['Belveth', '48.04%', '997']","['Taliyah', '48.16%', '951']","['Gwen', '58.25%', '194']","['Zed', '57.01%', '214']","['Rengar', '56.9%', '239']","['Pantheon', '55.56%', '180']","['Vi', '54.88%', '1,609']"
Vex,Domination,Electrocute,Sorcery,"['Q', 'W', 'E']","['E', 'Q', 'W', 'Q', 'Q', 'R', 'Q', 'W', 'Q', 'W', 'R', 'W', 'W', 'E', 'E']",Flash,Teleport,"['Sett', '42.01%', '407']","['Swain', '43.48%', '1,051']","['Annie', '45.75%', '942']","['Xerath', '46.1%', '4,195']","['Anivia', '46.58%', '1,492']","['Hwei', '57.09%', '6,336']","['Leblanc', '56.78%', '9,617']","['Yone', '54.03%', '20,161']","['Pantheon', '53.89%', '1,967']","['Qiyana', '53.73%', '1,139']"
Kalista,Precision,Lethal Tempo,Domination,"['E', 'Q', 'W']","['E', 'Q', 'W', 'E', 'E', 'R', 'E', 'Q', 'E', 'Q', 'R', 'Q', 'Q', 'W', 'W']",Flash,Heal,"['Swain', '44.99%', '629']","['Kogmaw', '45.05%', '828']","['Missfortune', '45.43%', '6,362']","['Nilah', '45.93%', '971']","['Twitch', '46.76%', '1,572']","['Zeri', '54.12%', '2,413']","['Kaisa', '51.92%', '19,433']","['Yasuo', '51.77%', '1,130']","['Aphelios', '51.51%', '4,413']","['Xayah', '50.43%', '7,939']"
Jayce,Sorcery,Phase Rush,Inspiration,"['Q', 'W', 'E']","['Q', 'E', 'W', 'Q', 'Q', 'W', 'Q', 'W', 'Q', 'W', 'Q', 'W', 'W', 'E', 'E']",Flash,Teleport,"['Maokai', '42.27%', '1,377']","['Urgot', '43.5%', '1,862']","['Nasus', '43.88%', '7,657']","['Poppy', '44.21%', '2,479']","['Ornn', '44.32%', '5,201']","['Kalista', '57.25%', '924']","['Heimerdinger', '54.06%', '1,206']","['Akali', '53.53%', '5,653']","['Sylas', '53.43%', '2,042']","['Yone', '52.91%', '17,925']"
Ezreal,Precision,Press the Attack,Inspiration,"['Q', 'E', 'W']","['Q', 'E', 'W', 'Q', 'Q', 'R', 'Q', 'E', 'Q', 'E', 'R', 'E', 'E', 'W', 'W']",Flash,Heal,"['Swain', '45.52%', '4,813']","['Ziggs', '47.95%', '23,582']","['Yasuo', '47.97%', '11,224']","['Jhin', '48.93%', '140,899']","['Vayne', '49.04%', '60,575']","['Zeri', '53.86%', '19,818']","['Xayah', '52.63%', '58,772']","['Aphelios', '51.9%', '38,280']","['Varus', '51.88%', '101,270']","['Tristana', '51.75%', '19,572']"
Rell,Inspiration,Glacial Augment,Resolve,"['W', 'E', 'Q']","['W', 'Q', 'E', 'W', 'W', 'R', 'W', 'E', 'W', 'E', 'R', 'E', 'E', 'Q', 'Q']",Flash,Ignite,"['Zyra', '46.11%', '2,843']","['Maokai', '46.29%', '1,348']","['Shaco', '46.3%', '1,149']","['Janna', '46.3%', '2,894']","['Twitch', '46.82%', '440']","['Hwei', '57.06%', '1,628']","['Yuumi', '56.69%', '3,874']","['Pantheon', '56.25%', '1,184']","['Missfortune', '55.43%', '857']","['Nautilus', '54.04%', '9,152']"
Kled,Precision,Conqueror,Resolve,"['Q', 'W', 'E']","['Q', 'E', 'W', 'Q', 'Q', 'R', 'Q', 'W', 'Q', 'W', 'R', 'W', 'W', 'E', 'E']",Flash,Teleport,"['Zac', '44.19%', '258']","['Quinn', '44.9%', '245']","['Singed', '45.26%', '285']","['Kayle', '45.58%', '566']","['Tahmkench', '45.59%', '340']","['Sylas', '60.85%', '258']","['Mordekaiser', '58.49%', '754']","['Drmundo', '57.78%', '450']","['Ryze', '56.19%', '105']","['Yasuo', '55.64%', '399']"
Gragas,Domination,Dark Harvest,Inspiration,"['Q', 'E', 'W']","['W', 'Q', 'E', 'Q', 'Q', 'R', 'Q', 'E', 'Q', 'E', 'R', 'E', 'E', 'W', 'W']",Flash,Smite,"['Brand', '44.12%', '1,251']","['Fiddlesticks', '46.05%', '1,368']","['Elise', '46.26%', '1,483']","['Nocturne', '46.94%', '6,591']","['Amumu', '46.97%', '1,254']","['Monkeyking', '55.57%', '718']","['Rumble', '53.36%', '431']","['Hecarim', '52.48%', '1,572']","['Rengar', '52.39%', '523']","['Leesin', '52.02%', '25,205']"
Xerath,Inspiration,First Strike,Sorcery,"['Q', 'W', 'E']","['W', 'Q', 'E', 'Q', 'Q', 'R', 'Q', 'W', 'Q', 'W', 'R', 'W', 'W', 'E', 'E']",Exhaust,Flash,"['Zac', '45.96%', '2,178']","['Taric', '47.51%', '882']","['Leblanc', '48.08%', '2,475']","['Maokai', '48.1%', '3,917']","['Bard', '49.28%', '4,980']","['Hwei', '61.61%', '6,249']","['Missfortune', '58.66%', '4,968']","['Veigar', '58.37%', '1,744']","['Seraphine', '55.32%', '5,647']","['Ziggs', '55.05%', '1,415']"
Olaf,Precision,Conqueror,Inspiration,"['Q', 'E', 'W']","['Q', 'E', 'W', 'Q', 'Q', 'R', 'Q', 'E', 'Q', 'E', 'R', 'E', 'E', 'W', 'W']",Flash,Ghost,"['Rengar', '44.54%', '348']","['Udyr', '45.15%', '237']","['Trundle', '45.78%', '5,116']","['Kled', '46.15%', '403']","['Zed', '47.84%', '232']","['Mordekaiser', '57.01%', '1,868']","['Shen', '56.59%', '440']","['Kennen', '56.46%', '712']","['Ksante', '55.92%', '1,638']","['Maokai', '55.67%', '291']"
Veigar,Inspiration,First Strike,Sorcery,"['Q', 'W', 'E']","['Q', 'W', 'E', 'Q', 'Q', 'R', 'Q', 'W', 'Q', 'W', 'R', 'W', 'W', 'E', 'E']",Flash,Teleport,"['Ekko', '46.24%', '1,516']","['Katarina', '46.95%', '2,149']","['Aurelionsol', '47.42%', '660']","['Xerath', '47.63%', '2,423']","['Gangplank', '48.04%', '281']","['Hwei', '58.1%', '3,893']","['Azir', '56.74%', '2,210']","['Sett', '56.35%', '252']","['Morgana', '56.02%', '457']","['Pantheon', '55.33%', '985']"
Syndra,Inspiration,First Strike,Sorcery,"['Q', 'W', 'E']","['Q', 'E', 'W', 'Q', 'Q', 'R', 'Q', 'W', 'Q', 'W', 'R', 'W', 'W', 'E', 'E']",Flash,Teleport,"['Fizz', '44.09%', '9,860']","['Kassadin', '44.1%', '2,050']","['Irelia', '44.74%', '8,416']","['Katarina', '44.94%', '6,493']","['Naafiri', '45.49%', '1,684']","['Hwei', '58.88%', '14,300']","['Azir', '52.76%', '7,955']","['Pantheon', '52.41%', '2,782']","['Orianna', '52.33%', '34,091']","['Yone', '51.86%', '24,691']"
Ornn,Resolve,Grasp of the Undying,Inspiration,"['W', 'Q', 'E']","['Q', 'W', 'E', 'W', 'W', 'R', 'W', 'Q', 'W', 'Q', 'R', 'Q', 'Q', 'E', 'E']",Flash,Teleport,"['Singed', '42.67%', '764']","['Kayle', '46.47%', '1,586']","['Fiora', '47.36%', '4,297']","['Olaf', '47.55%', '917']","['Udyr', '48.04%', '408']","['Vladimir', '57.3%', '445']","['Teemo', '56.9%', '2,840']","['Malphite', '56.85%', '4,806']","['Kalista', '56.82%', '308']","['Gragas', '56.69%', '344']"
Jarvan IV,Precision,Conqueror,Inspiration,"['Q', 'E', 'W']","['E', 'Q', 'W', 'Q', 'Q', 'R', 'Q', 'E', 'Q', 'E', 'R', 'E', 'E', 'W', 'W']",Flash,Smite,"['Gwen', '45.18%', '892']","['Fiddlesticks', '45.33%', '3,225']","['Briar', '46.29%', '9,093']","['Ivern', '46.4%', '1,625']","['Karthus', '46.5%', '3,961']","['Sejuani', '51.27%', '3,667']","['Maokai', '51.21%', '3,689']","['Nunu', '51.2%', '3,039']","['Hecarim', '50.78%', '3,637']","['Vi', '50.73%', '6,819']"
Gwen,Precision,Conqueror,Resolve,"['Q', 'E', 'W']","['E', 'Q', 'W', 'Q', 'Q', 'R', 'Q', 'E', 'Q', 'E', 'R', 'E', 'E', 'W', 'W']",Ghost,Teleport,"['Singed', '41.48%', '904']","['Zed', '42.07%', '416']","['Quinn', '43.69%', '531']","['Kayle', '43.82%', '1,335']","['Riven', '44.12%', '3,035']","['Sion', '56.66%', '2,434']","['Kalista', '56.27%', '279']","['Ksante', '53.52%', '4,589']","['Drmundo', '53.26%', '2,223']","['Illaoi', '53.18%', '4,361']"
Lux,Sorcery,Arcane Comet,Inspiration,"['E', 'Q', 'W']","['E', 'Q', 'W', 'E', 'E', 'R', 'E', 'Q', 'E', 'Q', 'R', 'Q', 'Q', 'W', 'W']",Flash,Ignite,"['Xerath', '45.6%', '37,415']","['Blitzcrank', '45.69%', '31,426']","['Leblanc', '46.29%', '3,057']","['Twitch', '46.36%', '2,127']","['Fiddlesticks', '46.44%', '1,768']","['Hwei', '57.37%', '8,346']","['Malphite', '52.79%', '3,283']","['Missfortune', '52.78%', '7,886']","['Veigar', '52.71%', '2,783']","['Lulu', '51.91%', '13,661']"
Vayne,Precision,Lethal Tempo,Resolve,"['W', 'Q', 'E']","['Q', 'W', 'E', 'W', 'W', 'R', 'W', 'Q', 'W', 'Q', 'R', 'Q', 'Q', 'E', 'E']",Flash,Ghost,"['Swain', '45.84%', '986']","['Nilah', '46.86%', '1,592']","['Twitch', '48.32%', '2,523']","['Missfortune', '48.33%', '11,499']","['Draven', '49.02%', '3,562']","['Zeri', '56.15%', '3,911']","['Yasuo', '53.43%', '2,188']","['Sivir', '53.14%', '5,167']","['Kaisa', '52.4%', '34,526']","['Tristana', '52.12%', '4,083']"
Ivern,Sorcery,Summon Aery,Domination,"['E', 'Q', 'W']","['Q', 'E', 'W', 'E', 'E', 'R', 'E', 'Q', 'E', 'Q', 'R', 'Q', 'Q', 'W', 'W']",Flash,Smite,"['Rammus', '47%', '766']","['Evelynn', '48.39%', '746']","['Briar', '48.51%', '1,639']","['Brand', '48.95%', '713']","['Maokai', '49.55%', '674']","['Monkeyking', '60.81%', '273']","['Rell', '60.58%', '137']","['Zed', '57.55%', '139']","['Jax', '57.48%', '381']","['Poppy', '57.32%', '745']"
Seraphine,Sorcery,Summon Aery,Inspiration,"['Q', 'W', 'E']","['Q', 'E', 'W', 'Q', 'Q', 'R', 'Q', 'W', 'Q', 'W', 'R', 'W', 'W', 'E', 'E']",Flash,Ignite,"['Zyra', '43.79%', '3,364']","['Xerath', '44.68%', '5,647']","['Heimerdinger', '44.9%', '833']","['Braum', '44.91%', '746']","['Zilean', '45.56%', '913']","['Hwei', '54.88%', '1,538']","['Pantheon', '52.17%', '1,037']","['Malphite', '51.71%', '673']","['Yuumi', '50.96%', '3,377']","['Ashe', '50.76%', '3,294']"
Shen,Resolve,Grasp of the Undying,Domination,"['Q', 'E', 'W']","['Q', 'E', 'W', 'Q', 'Q', 'R', 'Q', 'E', 'Q', 'E', 'R', 'E', 'E', 'W', 'W']",Flash,Teleport,"['Vayne', '43.14%', '503']","['Olaf', '43.31%', '441']","['Drmundo', '45.01%', '631']","['Illaoi', '45.18%', '1,452']","['Mordekaiser', '45.2%', '1,332']","['Sylas', '58.3%', '578']","['Gragas', '58.29%', '187']","['Akali', '56.84%', '1,163']","['Udyr', '54.98%', '211']","['Tahmkench', '54.05%', '444']"
Yone,Precision,Lethal Tempo,Resolve,"['Q', 'E', 'W']","['Q', 'W', 'E', 'Q', 'Q', 'R', 'Q', 'E', 'Q', 'E', 'R', 'E', 'E', 'W', 'W']",Flash,Teleport,"['Vex', '45.97%', '20,161']","['Akshan', '46.42%', '6,738']","['Anivia', '46.7%', '4,717']","['Sett', '46.85%', '3,385']","['Twistedfate', '46.98%', '11,285']","['Hwei', '57.79%', '24,420']","['Kassadin', '54.19%', '2,412']","['Aurelionsol', '53.86%', '2,579']","['Nunu', '52.63%', '1,898']","['Ziggs', '52.3%', '1,784']"
Master Yi,Precision,Lethal Tempo,Domination,"['Q', 'E', 'W']","['Q', 'E', 'W', 'Q', 'Q', 'R', 'Q', 'E', 'Q', 'E', 'R', 'E', 'E', 'W', 'W']",Flash,Smite,"['Rammus', '43.55%', '11,434']","['Elise', '44.14%', '3,054']","['Jax', '45.21%', '4,716']","['Shaco', '45.58%', '6,856']","['Evelynn', '45.64%', '4,012']","['Rumble', '54.8%', '947']","['Gwen', '53.83%', '587']","['Hecarim', '53.64%', '2,882']","['Jarvaniv', '53.37%', '7,320']","['Rengar', '52.06%', '1,043']"
Nocturne,Precision,Lethal Tempo,Domination,"['Q', 'E', 'W']","['Q', 'W', 'E', 'Q', 'Q', 'R', 'Q', 'E', 'Q', 'E', 'R', 'E', 'E', 'W', 'W']",Flash,Smite,"['Ivern', '48.14%', '3,122']","['Rammus', '48.28%', '13,864']","['Shyvana', '49.28%', '4,994']","['Lillia', '49.62%', '5,572']",None,"['Rengar', '55.45%', '2,321']","['Hecarim', '53.98%', '7,459']","['Vi', '53.9%', '13,226']","['Nidalee', '53.76%', '14,962']","['Monkeyking', '53.74%', '4,241']"
Zyra,Sorcery,Arcane Comet,Domination,"['E', 'Q', 'W']","['E', 'W', 'Q', 'E', 'E', 'R', 'E', 'Q', 'E', 'Q', 'R', 'Q', 'Q', 'W', 'W']",Flash,Ignite,"['Teemo', '48.57%', '805']","['Shaco', '48.95%', '1,961']","['Tahmkench', '49.44%', '714']","['Xerath', '49.45%', '10,987']","['Taric', '49.51%', '515']","['Hwei', '63.38%', '2,884']","['Veigar', '57.77%', '798']","['Missfortune', '57.01%', '2,598']","['Seraphine', '56.21%', '3,364']","['Lulu', '55.83%', '5,732']"
Maokai,Sorcery,Phase Rush,Domination,"['Q', 'E', 'W']","['Q', 'E', 'W', 'Q', 'Q', 'R', 'Q', 'E', 'Q', 'E', 'R', 'E', 'E', 'W', 'W']",Flash,Smite,"['Shyvana', '46.26%', '882']","['Brand', '46.58%', '1,213']","['Karthus', '46.64%', '1,576']","['Nocturne', '47.16%', '7,191']","['Taliyah', '48.13%', '2,084']","['Monkeyking', '56.11%', '925']","['Pantheon', '55.05%', '307']","['Rumble', '54.37%', '412']","['Udyr', '53.89%', '592']","['Viego', '53.67%', '3,490']"
Xin Zhao,Precision,Conqueror,Inspiration,"['W', 'E', 'Q']","['E', 'W', 'Q', 'W', 'W', 'R', 'W', 'E', 'W', 'E', 'R', 'E', 'E', 'Q', 'Q']",Flash,Smite,"['Rammus', '43.58%', '1,689']","['Ivern', '44.4%', '536']","['Briar', '45.73%', '3,462']","['Trundle', '46.24%', '1,077']","['Taliyah', '46.82%', '1,555']","['Hecarim', '55.24%', '1,164']","['Monkeyking', '54.63%', '681']","['Belveth', '52.84%', '1,796']","['Diana', '52.63%', '1,672']","['Teemo', '52.56%', '683']"
Twisted Fate,Domination,Electrocute,Inspiration,"['Q', 'W', 'E']","['W', 'Q', 'E', 'Q', 'Q', 'R', 'Q', 'W', 'Q', 'W', 'R', 'W', 'W', 'E', 'E']",Flash,Teleport,"['Swain', '42.43%', '667']","['Naafiri', '45.6%', '829']","['Fizz', '46.68%', '3,751']","['Taliyah', '46.84%', '538']","['Neeko', '46.89%', '2,414']","['Hwei', '58.71%', '6,321']","['Azir', '54.66%', '3,725']","['Leblanc', '54.62%', '4,645']","['Akali', '54.23%', '12,149']","['Lux', '54.19%', '1,576']"
Akali,Precision,Fleet Footwork,Resolve,"['Q', 'E', 'W']","['Q', 'W', 'E', 'Q', 'Q', 'R', 'Q', 'E', 'Q', 'E', 'R', 'E', 'E', 'W', 'W']",Flash,Teleport,"['Galio', '45.63%', '9,727']","['Twistedfate', '45.77%', '12,149']","['Taliyah', '45.8%', '1,668']","['Akshan', '46.3%', '5,451']","['Naafiri', '46.71%', '3,387']","['Hwei', '57.15%', '18,850']","['Ziggs', '53.59%', '1,450']","['Viktor', '52.56%', '7,622']","['Yone', '52.26%', '59,198']","['Ekko', '51.89%', '7,079']"
Ziggs,Sorcery,Arcane Comet,Inspiration,"['Q', 'E', 'W']","['Q', 'E', 'W', 'Q', 'Q', 'R', 'Q', 'E', 'Q', 'E', 'R', 'E', 'E', 'W', 'W']",Flash,Teleport,"['Vayne', '48.74%', '3,941']","['Jhin', '49.89%', '11,337']",None,None,None,"['Aphelios', '55.02%', '2,708']","['Nilah', '55%', '560']","['Xayah', '54.81%', '4,353']","['Jinx', '54.63%', '6,220']","['Missfortune', '54.63%', '5,008']"
Sylas,Domination,Electrocute,Sorcery,"['W', 'E', 'Q']","['E', 'W', 'Q', 'W', 'W', 'R', 'W', 'E', 'W', 'E', 'R', 'E', 'E', 'Q', 'Q']",Flash,Teleport,"['Naafiri', '45.38%', '3,627']","['Taliyah', '45.5%', '2,369']","['Malzahar', '45.74%', '7,270']","['Galio', '46.36%', '8,132']","['Anivia', '46.65%', '4,510']","['Malphite', '59.6%', '2,582']","['Hwei', '56.69%', '21,184']","['Ziggs', '54.53%', '1,590']","['Ekko', '54.44%', '8,505']","['Tristana', '54.33%', '1,999']"
Taliyah,Inspiration,First Strike,Domination,"['Q', 'E', 'W']","['Q', 'E', 'W', 'Q', 'Q', 'R', 'Q', 'E', 'Q', 'E', 'R', 'E', 'E', 'W', 'W']",Flash,Smite,"['Udyr', '47.64%', '720']","['Fiddlesticks', '48.37%', '1,962']","['Teemo', '48.49%', '763']","['Rengar', '48.76%', '683']","['Briar', '48.97%', '5,234']","['Pantheon', '55.38%', '372']","['Monkeyking', '55.25%', '1,039']","['Jax', '54.99%', '1,393']","['Poppy', '53.55%', '3,016']","['Amumu', '53.53%', '1,457']"
Lulu,Sorcery,Summon Aery,Inspiration,"['E', 'W', 'Q']","['E', 'Q', 'W', 'E', 'E', 'R', 'E', 'W', 'E', 'W', 'R', 'W', 'W', 'Q', 'Q']",Flash,Ignite,"['Taric', '44.03%', '645']","['Zyra', '44.17%', '5,732']","['Maokai', '44.27%', '1,694']","['Blitzcrank', '45.14%', '10,681']","['Velkoz', '45.3%', '1,682']","['Hwei', '54.81%', '2,912']","['Missfortune', '53.75%', '1,758']","['Twitch', '52.89%', '813']","['Veigar', '52.06%', '872']","['Yuumi', '51.65%', '7,363']"
Riven,Precision,Conqueror,Sorcery,"['Q', 'E', 'W']","['Q', 'E', 'W', 'Q', 'Q', 'R', 'Q', 'E', 'Q', 'E', 'R', 'E', 'E', 'W', 'W']",Flash,Ignite,"['Maokai', '43.65%', '1,086']","['Poppy', '43.7%', '2,197']","['Garen', '44.28%', '5,433']","['Urgot', '44.32%', '1,162']","['Renekton', '44.87%', '6,211']","['Yasuo', '56.16%', '2,110']","['Gwen', '55.93%', '3,036']","['Sylas', '55.69%', '1,090']","['Yone', '54.61%', '11,074']","['Akali', '54.18%', '3,579']"
Poppy,Domination,Dark Harvest,Sorcery,"['Q', 'E', 'W']","['Q', 'E', 'W', 'Q', 'Q', 'R', 'Q', 'E', 'Q', 'E', 'R', 'E', 'E', 'W', 'W']",Flash,Smite,"['Ivern', '42.68%', '745']","['Rammus', '44.47%', '2,568']","['Brand', '44.66%', '1,527']","['Lillia', '46.38%', '1,904']","['Taliyah', '46.45%', '3,016']","['Rengar', '55.36%', '858']","['Sylas', '54.96%', '4,554']","['Belveth', '53.72%', '2,664']","['Jarvaniv', '53.3%', '6,644']","['Vi', '52.83%', '4,448']"
Karma,Sorcery,Arcane Comet,Inspiration,"['Q', 'E', 'W']","['Q', 'E', 'W', 'Q', 'Q', 'R', 'Q', 'E', 'Q', 'E', 'R', 'E', 'E', 'W', 'W']",Flash,Ignite,"['Maokai', '44.5%', '2,247']","['Blitzcrank', '44.73%', '14,041']","['Zyra', '45.81%', '8,432']","['Leblanc', '46.26%', '1,565']","['Rakan', '46.31%', '15,429']","['Hwei', '60.6%', '3,759']","['Missfortune', '57.27%', '2,193']","['Ziggs', '53.74%', '696']","['Veigar', '52.1%', '977']","['Swain', '51.62%', '3,675']"
Dr. Mundo,Resolve,Grasp of the Undying,Inspiration,"['Q', 'E', 'W']","['Q', 'E', 'W', 'Q', 'Q', 'R', 'Q', 'E', 'Q', 'E', 'R', 'E', 'E', 'W', 'W']",Ghost,Teleport,"['Udyr', '41.69%', '295']","['Kled', '42.22%', '450']","['Irelia', '44.47%', '1,484']","['Warwick', '46.28%', '551']","['Nasus', '46.42%', '2,783']","['Kennen', '58.45%', '1,030']","['Chogath', '56.91%', '550']","['Malphite', '56.7%', '3,129']","['Ryze', '56.6%', '235']","['Maokai', '56.04%', '364']"
Mordekaiser,Precision,Conqueror,Resolve,"['Q', 'E', 'W']","['Q', 'E', 'W', 'Q', 'Q', 'R', 'Q', 'E', 'Q', 'E', 'R', 'E', 'E', 'W', 'W']",Flash,Teleport,"['Kled', '41.38%', '754']","['Olaf', '43.02%', '1,869']","['Vayne', '44.16%', '1,456']","['Singed', '44.27%', '777']","['Warwick', '44.66%', '889']","['Shen', '54.88%', '1,332']","['Gragas', '54.86%', '350']","['Malphite', '54.61%', '5,252']","['Kalista', '54.52%', '310']","['Illaoi', '53.91%', '6,529']"
Shaco,Domination,Hail of Blades,Precision,"['E', 'Q', 'W']","['W', 'Q', 'E', 'E', 'E', 'R', 'E', 'Q', 'E', 'Q', 'R', 'Q', 'Q', 'W', 'W']",Smite,Ignite,"['Karthus', '46.63%', '4,351']","['Briar', '47.09%', '9,527']","['Graves', '47.62%', '18,707']","['Lillia', '47.88%', '2,598']","['Shyvana', '47.94%', '2,257']","['Monkeyking', '58.16%', '1,599']","['Masteryi', '54.42%', '6,856']","['Zed', '53.95%', '810']","['Viego', '53.87%', '7,180']","['Warwick', '52.86%', '3,729']"
Akshan,Precision,Press the Attack,Resolve,"['Q', 'E', 'W']","['Q', 'E', 'Q', 'W', 'Q', 'R', 'Q', 'E', 'Q', 'E', 'R', 'E', 'E', 'W', 'W']",Flash,Teleport,"['Anivia', '45.65%', '920']","['Swain', '46.5%', '314']","['Malphite', '46.98%', '696']","['Yasuo', '47.11%', '3,800']","['Kassadin', '47.14%', '297']","['Hwei', '60.97%', '3,631']","['Morgana', '57.14%', '231']","['Leblanc', '57.04%', '2,821']","['Gangplank', '55.88%', '204']","['Qiyana', '55.39%', '547']"
Nidalee,Domination,Dark Harvest,Sorcery,"['Q', 'E', 'W']","['Q', 'E', 'W', 'Q', 'Q', 'R', 'Q', 'E', 'Q', 'E', 'R', 'E', 'E', 'W', 'W']",Flash,Smite,"['Briar', '44.5%', '9,048']","['Rammus', '45.37%', '4,029']","['Fiddlesticks', '45.97%', '3,161']","['Evelynn', '46.08%', '4,269']","['Nocturne', '46.24%', '14,962']","['Pantheon', '51.85%', '675']","['Viego', '51.77%', '7,731']","['Kindred', '50.88%', '3,278']","['Rumble', '50.6%', '992']","['Monkeyking', '50.37%', '1,503']"
Draven,Precision,Lethal Tempo,Inspiration,"['Q', 'W', 'E']","['Q', 'W', 'E', 'Q', 'Q', 'R', 'Q', 'W', 'Q', 'W', 'R', 'W', 'W', 'E', 'E']",Flash,Heal,"['Swain', '41.65%', '461']","['Kogmaw', '43.11%', '573']","['Samira', '47.04%', '6,424']","['Yasuo', '47.69%', '843']","['Ziggs', '48.47%', '2,065']","['Zeri', '54.65%', '1,709']","['Kaisa', '52.95%', '13,162']","['Xayah', '52.39%', '5,375']","['Tristana', '52.06%', '1,554']","['Aphelios', '51.76%', '3,528']"
Azir,Precision,Conqueror,Sorcery,"['W', 'Q', 'E']","['W', 'Q', 'E', 'W', 'W', 'R', 'W', 'Q', 'W', 'Q', 'R', 'Q', 'Q', 'E', 'E']",Flash,Teleport,"['Veigar', '43.26%', '2,210']","['Xerath', '43.85%', '4,641']","['Brand', '44.62%', '1,022']","['Corki', '44.75%', '943']","['Viktor', '44.97%', '3,309']","['Hwei', '55.23%', '6,526']","['Renekton', '53.96%', '278']","['Pantheon', '52.44%', '1,375']","['Ryze', '51.99%', '1,233']","['Lissandra', '50.77%', '1,873']"
Zoe,Domination,Electrocute,Inspiration,"['Q', 'E', 'W']","['Q', 'E', 'W', 'Q', 'Q', 'R', 'Q', 'E', 'Q', 'E', 'R', 'E', 'E', 'W', 'W']",Flash,Ignite,"['Naafiri', '43.62%', '564']","['Anivia', '44.12%', '748']","['Annie', '45.28%', '519']","['Malzahar', '45.76%', '1,215']","['Akshan', '46.05%', '1,001']","['Hwei', '58.24%', '3,491']","['Azir', '53.96%', '1,883']","['Ziggs', '53.36%', '253']","['Zed', '53.05%', '2,988']","['Taliyah', '51.7%', '265']"
Diana,Precision,Conqueror,Inspiration,"['Q', 'W', 'E']","['Q', 'W', 'E', 'Q', 'Q', 'R', 'Q', 'W', 'Q', 'W', 'R', 'W', 'W', 'E', 'E']",Flash,Smite,"['Reksai', '44.68%', '714']","['Briar', '44.68%', '4,705']","['Jax', '46.19%', '1,498']","['Nocturne', '46.95%', '8,957']","['Warwick', '47.01%', '2,110']","['Pantheon', '55.41%', '370']","['Zed', '54.2%', '417']","['Monkeyking', '52.71%', '1,015']","['Rengar', '52.11%', '570']","['Nidalee', '52.09%', '3,922']"
Nami,Sorcery,Summon Aery,Inspiration,"['W', 'E', 'Q']","['W', 'E', 'Q', 'W', 'W', 'R', 'W', 'E', 'W', 'E', 'R', 'E', 'E', 'Q', 'Q']",Flash,Ignite,"['Maokai', '43.72%', '940']","['Amumu', '44.8%', '596']","['Blitzcrank', '45.12%', '5,561']","['Zyra', '45.41%', '3,039']","['Galio', '45.56%', '270']","['Hwei', '58.05%', '1,504']","['Veigar', '54.48%', '446']","['Twitch', '53.65%', '384']","['Seraphine', '53.22%', '1,539']","['Yuumi', '52.65%', '3,548']"
Katarina,Precision,Conqueror,Domination,"['Q', 'E', 'W']","['Q', 'E', 'W', 'Q', 'Q', 'R', 'Q', 'E', 'Q', 'E', 'R', 'E', 'E', 'W', 'W']",Flash,Ignite,"['Galio', '43.42%', '2,720']","['Sett', '44.87%', '439']","['Naafiri', '45.9%', '769']","['Corki', '46.75%', '616']","['Kassadin', '46.82%', '1,461']","['Hwei', '61.75%', '7,049']","['Lux', '55.82%', '1,804']","['Gangplank', '55.59%', '358']","['Syndra', '55.06%', '6,493']","['Ziggs', '55.04%', '427']"
Twitch,Precision,Lethal Tempo,Inspiration,"['E', 'Q', 'W']","['Q', 'E', 'W', 'E', 'E', 'R', 'E', 'Q', 'E', 'Q', 'R', 'Q', 'Q', 'W', 'W']",Flash,Ghost,"['Nilah', '42.5%', '360']","['Yasuo', '44.28%', '542']","['Ziggs', '47.97%', '1,132']","['Samira', '48.35%', '3,450']","['Lucian', '48.79%', '7,120']","['Aphelios', '57.52%', '2,067']","['Zeri', '54.95%', '1,061']","['Sivir', '53.79%', '1,292']","['Jinx', '53.61%', '4,951']","['Kalista', '53.24%', '1,572']"
Qiyana,Domination,Electrocute,Precision,"['Q', 'W', 'E']","['W', 'Q', 'E', 'Q', 'Q', 'R', 'Q', 'W', 'Q', 'W', 'R', 'W', 'W', 'E', 'E']",Flash,Ignite,"['Sett', '39.86%', '138']","['Malphite', '41.74%', '436']","['Swain', '43.08%', '195']","['Tristana', '43.37%', '166']","['Morgana', '43.97%', '141']","['Ziggs', '58.96%', '134']","['Hwei', '56.9%', '2,079']","['Aurelionsol', '55.7%', '298']","['Taliyah', '55.63%', '160']","['Kassadin', '55.42%', '166']"
Renekton,Precision,Conqueror,Resolve,"['Q', 'E', 'W']","['Q', 'E', 'W', 'Q', 'Q', 'R', 'Q', 'E', 'Q', 'E', 'R', 'E', 'E', 'W', 'W']",Flash,Teleport,"['Illaoi', '41.69%', '4,157']","['Garen', '44.48%', '3,919']","['Ornn', '44.69%', '2,233']","['Tahmkench', '44.99%', '1,207']","['Drmundo', '45.1%', '1,550']","['Riven', '55.16%', '6,213']","['Yasuo', '53.92%', '3,574']","['Akali', '53.86%', '3,602']","['Irelia', '53.6%', '4,134']","['Yone', '53.14%', '15,492']"
Bel'Veth,Precision,Conqueror,Inspiration,"['Q', 'E', 'W']","['Q', 'E', 'W', 'Q', 'Q', 'R', 'Q', 'E', 'Q', 'E', 'R', 'E', 'E', 'W', 'W']",Flash,Smite,"['Ivern', '44.95%', '961']","['Rammus', '45.16%', '2,748']","['Poppy', '46.28%', '2,664']","['Brand', '47.04%', '1,675']","['Xinzhao', '47.16%', '1,796']","['Gwen', '55.81%', '353']","['Rengar', '54.13%', '617']","['Trundle', '53.33%', '1,230']","['Nidalee', '52.67%', '4,845']","['Sylas', '52.67%', '3,687']"
Aphelios,Precision,Fleet Footwork,Sorcery,"['Q', 'E', 'W']","['Q', 'Q', 'Q', 'E', 'Q', 'E', 'Q', 'E', 'Q', 'E', 'E', 'E', 'W', 'W', 'W']",Flash,Ghost,"['Swain', '41.89%', '697']","['Twitch', '42.48%', '2,067']","['Ziggs', '44.98%', '2,708']","['Nilah', '45.97%', '905']","['Samira', '46.73%', '10,157']","['Zeri', '52.84%', '3,418']","['Kaisa', '51.58%', '22,412']","['Xayah', '50.25%', '9,164']",None,None
Lucian,Precision,Press the Attack,Inspiration,"['Q', 'E', 'W']","['Q', 'E', 'W', 'Q', 'Q', 'R', 'Q', 'E', 'Q', 'E', 'R', 'E', 'E', 'W', 'W']",Flash,Heal,"['Swain', '45.59%', '2,764']","['Ziggs', '47.88%', '11,834']","['Jhin', '49.43%', '64,949']","['Caitlyn', '49.5%', '78,049']","['Ashe', '49.53%', '43,661']","['Zeri', '54.91%', '11,165']","['Kaisa', '53.18%', '99,662']","['Tristana', '52.58%', '10,884']","['Aphelios', '52.23%', '21,430']","['Nilah', '52.19%', '4,520']"
Viego,Precision,Conqueror,Inspiration,"['Q', 'E', 'W']","['Q', 'W', 'E', 'Q', 'Q', 'R', 'Q', 'E', 'Q', 'E', 'R', 'E', 'E', 'W', 'W']",Flash,Smite,"['Rammus', '43.99%', '5,158']","['Fiddlesticks', '45.05%', '3,092']","['Shaco', '46.13%', '7,180']","['Karthus', '46.28%', '3,602']","['Reksai', '46.32%', '1,550']","['Gwen', '54.1%', '756']","['Zed', '53.77%', '809']","['Monkeyking', '52.28%', '1,995']","['Jarvaniv', '52.09%', '8,985']","['Hecarim', '51.99%', '3,566']"
Cassiopeia,Precision,Conqueror,Sorcery,"['E', 'Q', 'W']","['E', 'Q', 'W', 'E', 'E', 'R', 'E', 'Q', 'E', 'Q', 'R', 'Q', 'Q', 'W', 'W']",Flash,Teleport,"['Morgana', '45.37%', '216']","['Qiyana', '45.54%', '303']","['Aurelionsol', '45.92%', '331']","['Ziggs', '46.36%', '151']","['Twistedfate', '46.36%', '1,113']","['Hwei', '58.06%', '1,843']","['Nunu', '56.65%', '203']","['Pantheon', '56.3%', '460']","['Lissandra', '55.31%', '754']","['Vladimir', '54.89%', '552']"
Singed,Precision,Conqueror,Sorcery,"['Q', 'E', 'W']","['Q', 'E', 'W', 'Q', 'Q', 'R', 'Q', 'E', 'Q', 'E', 'R', 'E', 'E', 'W', 'W']",Flash,Ghost,"['Urgot', '44.21%', '337']","['Kayle', '46.86%', '1,035']","['Vayne', '47.03%', '489']","['Rengar', '47.79%', '339']","['Drmundo', '48.24%', '709']","['Gragas', '62.5%', '184']","['Gwen', '58.58%', '903']","['Akali', '58.23%', '924']","['Tryndamere', '58.17%', '667']","['Aatrox', '57.66%', '4,941']"
Fizz,Domination,Electrocute,Precision,"['E', 'W', 'Q']","['E', 'W', 'Q', 'E', 'E', 'R', 'E', 'W', 'E', 'W', 'R', 'W', 'W', 'Q', 'Q']",Flash,Ignite,"['Sett', '46.95%', '492']","['Galio', '47.18%', '3,368']","['Kassadin', '47.28%', '2,113']","['Lissandra', '47.71%', '3,056']","['Gangplank', '47.86%', '468']","['Hwei', '61.83%', '8,359']","['Aurelionsol', '58.3%', '1,096']","['Brand', '57.81%', '1,012']","['Ziggs', '57.31%', '581']","['Taliyah', '56.35%', '394']"
Vladimir,Sorcery,Phase Rush,Inspiration,"['Q', 'E', 'W']","['Q', 'E', 'W', 'Q', 'Q', 'R', 'Q', 'E', 'Q', 'E', 'R', 'E', 'E', 'W', 'W']",Flash,Ghost,"['Malzahar', '42.31%', '995']","['Anivia', '43.42%', '532']","['Brand', '44.54%', '366']","['Cassiopeia', '45.11%', '552']","['Taliyah', '45.45%', '165']","['Hwei', '54.21%', '2,256']","['Leblanc', '53.96%', '2,094']","['Lux', '53.94%', '634']","['Corki', '53.92%', '319']","['Yasuo', '53.38%', '4,301']"
Kog'Maw,Precision,Lethal Tempo,Resolve,"['W', 'Q', 'E']","['W', 'Q', 'E', 'W', 'W', 'R', 'W', 'Q', 'W', 'Q', 'R', 'Q', 'Q', 'E', 'E']",Flash,Ghost,"['Ziggs', '45.5%', '444']","['Nilah', '46.38%', '138']","['Twitch', '47.92%', '384']","['Swain', '48.48%', '99']","['Jhin', '49.73%', '2,383']","['Yasuo', '57.01%', '214']","['Draven', '56.89%', '573']","['Zeri', '56.49%', '485']","['Tristana', '55.62%', '507']","['Kalista', '54.95%', '828']"
Sett,Precision,Conqueror,Resolve,"['Q', 'W', 'E']","['E', 'W', 'Q', 'Q', 'Q', 'R', 'Q', 'W', 'Q', 'W', 'R', 'W', 'W', 'E', 'E']",Flash,Teleport,"['Volibear', '43.64%', '4,008']","['Singed', '44.48%', '1,050']","['Poppy', '45.2%', '1,146']","['Urgot', '45.71%', '1,013']","['Zac', '46.48%', '1,009']","['Sylas', '57.08%', '1,328']","['Udyr', '57.01%', '542']","['Chogath', '55.86%', '836']","['Yasuo', '55.2%', '2,422']","['Heimerdinger', '54.83%', '611']"
Sona,Sorcery,Summon Aery,Precision,"['W', 'Q', 'E']","['Q', 'W', 'E', 'W', 'W', 'R', 'W', 'Q', 'W', 'Q', 'R', 'Q', 'Q', 'E', 'E']",Flash,Ignite,"['Fiddlesticks', '41.67%', '180']","['Galio', '43.28%', '134']","['Taric', '44.29%', '140']","['Heimerdinger', '44.94%', '336']","['Amumu', '45.06%', '324']","['Hwei', '58.58%', '816']","['Missfortune', '57.07%', '622']","['Yuumi', '54.36%', '1,871']","['Veigar', '53.98%', '226']","['Teemo', '53%', '283']"
Kayn,Sorcery,Summon Aery,Domination,"['Q', 'W', 'E']","['Q', 'E', 'W', 'Q', 'Q', 'R', 'Q', 'W', 'Q', 'W', 'R', 'W', 'W', 'E', 'E']",Flash,Smite,"['Ivern', '46.89%', '1,431']","['Briar', '47.13%', '9,892']","['Nocturne', '47.22%', '18,544']","['Fiddlesticks', '47.33%', '3,410']","['Elise', '47.4%', '3,019']","['Zed', '53.73%', '817']","['Monkeyking', '52.96%', '2,079']","['Gwen', '52.49%', '682']","['Pantheon', '52.43%', '803']","['Jarvaniv', '52.2%', '8,261']"
Sion,Resolve,Grasp of the Undying,Inspiration,"['Q', 'W', 'E']","['Q', 'W', 'E', 'Q', 'Q', 'R', 'Q', 'W', 'Q', 'W', 'R', 'W', 'W', 'E', 'E']",Flash,Teleport,"['Zac', '42.8%', '500']","['Gwen', '43.23%', '2,431']","['Fiora', '44.47%', '2,741']","['Singed', '44.97%', '765']","['Maokai', '45.29%', '382']","['Malphite', '55.76%', '2,893']","['Teemo', '55.63%', '1,902']","['Akali', '55.05%', '1,337']","['Yasuo', '53.99%', '889']","['Rumble', '53.78%', '1,231']"
Senna,Precision,Fleet Footwork,Inspiration,"['Q', 'W', 'E']","['Q', 'W', 'E', 'Q', 'Q', 'R', 'Q', 'W', 'Q', 'W', 'R', 'W', 'W', 'E', 'E']",Exhaust,Flash,"['Zyra', '44.89%', '9,739']","['Xerath', '46.54%', '19,689']","['Velkoz', '47.34%', '3,025']","['Amumu', '47.52%', '2,094']","['Leona', '47.67%', '12,309']","['Hwei', '58.31%', '5,018']","['Missfortune', '55.28%', '3,815']","['Lulu', '54.46%', '9,757']","['Malphite', '53.96%', '1,616']","['Galio', '53.89%', '887']"
Fiddlesticks,Inspiration,First Strike,Domination,"['W', 'Q', 'E']","['W', 'E', 'W', 'Q', 'W', 'R', 'W', 'Q', 'W', 'Q', 'R', 'Q', 'Q', 'E', 'E']",Flash,Smite,"['Karthus', '48.75%', '1,764']","['Briar', '48.95%', '3,857']","['Jax', '49.38%', '1,055']","['Shaco', '49.45%', '3,387']","['Zac', '49.53%', '2,140']","['Monkeyking', '56.8%', '676']","['Zed', '56.21%', '306']","['Lillia', '55.94%', '976']","['Rumble', '55.74%', '427']","['Viego', '54.95%', '3,092']"
Galio,Resolve,Aftershock,Sorcery,"['Q', 'W', 'E']","['Q', 'W', 'E', 'Q', 'Q', 'R', 'Q', 'W', 'Q', 'W', 'R', 'W', 'W', 'E', 'E']",Flash,Teleport,"['Swain', '40.05%', '442']","['Taliyah', '43.22%', '236']","['Gangplank', '44.15%', '342']","['Naafiri', '44.4%', '455']","['Kassadin', '45.88%', '510']","['Katarina', '56.58%', '2,720']","['Nunu', '55.68%', '352']","['Renekton', '55.46%', '229']","['Hwei', '55.33%', '2,975']","['Leblanc', '55.13%', '3,078']"
Yasuo,Precision,Lethal Tempo,Resolve,"['Q', 'E', 'W']","['Q', 'E', 'W', 'Q', 'Q', 'R', 'Q', 'E', 'Q', 'E', 'R', 'E', 'E', 'W', 'W']",Flash,Ignite,"['Aurelionsol', '43.96%', '2,848']","['Malzahar', '44.81%', '6,385']","['Lissandra', '45.24%', '6,651']","['Swain', '45.4%', '1,989']","['Renekton', '45.51%', '6,509']","['Hwei', '58.58%', '16,841']","['Ziggs', '53.42%', '1,198']","['Lux', '53.23%', '4,646']","['Tristana', '52.9%', '1,278']","['Akshan', '52.89%', '3,800']"
Elise,Domination,Dark Harvest,Precision,"['Q', 'W', 'E']","['W', 'Q', 'E', 'Q', 'Q', 'R', 'Q', 'W', 'Q', 'W', 'R', 'W', 'W', 'E', 'E']",Flash,Smite,"['Fiddlesticks', '46.17%', '1,332']","['Ivern', '46.37%', '619']","['Karthus', '46.91%', '1,716']","['Shyvana', '47.1%', '673']","['Zac', '47.17%', '1,929']","['Masteryi', '55.86%', '3,054']","['Gwen', '55.68%', '273']","['Monkeyking', '54.36%', '699']","['Pantheon', '54.31%', '267']","['Sylas', '54.13%', '2,847']"
Teemo,Precision,Press the Attack,Resolve,"['E', 'Q', 'W']","['E', 'Q', 'W', 'E', 'E', 'R', 'E', 'Q', 'E', 'Q', 'R', 'Q', 'Q', 'W', 'W']",Flash,Ignite,"['Ornn', '43.13%', '2,838']","['Sion', '44.37%', '1,900']","['Olaf', '44.87%', '1,872']","['Maokai', '45.2%', '666']","['Yorick', '46.46%', '2,090']","['Vayne', '60.05%', '2,145']","['Kalista', '57.65%', '706']","['Illaoi', '54.02%', '3,295']","['Shen', '53.91%', '844']","['Volibear', '53.38%', '2,117']"
Sejuani,Resolve,Aftershock,Precision,"['W', 'Q', 'E']","['E', 'W', 'Q', 'W', 'W', 'R', 'W', 'Q', 'W', 'Q', 'R', 'Q', 'Q', 'E', 'E']",Flash,Smite,"['Lillia', '42.7%', '1,384']","['Brand', '44.05%', '1,226']","['Jax', '44.77%', '1,128']","['Rumble', '46.24%', '452']","['Zac', '47.03%', '2,579']","['Pantheon', '54.95%', '313']","['Rengar', '54.69%', '448']","['Udyr', '52.84%', '545']","['Nidalee', '52.15%', '2,886']","['Rell', '51.44%', '278']"
Naafiri,Inspiration,First Strike,Domination,"['Q', 'E', 'W']","['Q', 'E', 'W', 'Q', 'Q', 'R', 'Q', 'E', 'Q', 'E', 'R', 'E', 'E', 'W', 'W']",Flash,Teleport,"['Swain', '44.29%', '140']","['Diana', '44.67%', '338']","['Neeko', '46.17%', '823']","['Tristana', '46.29%', '175']","['Lissandra', '46.68%', '512']","['Hwei', '63.89%', '2,008']","['Ryze', '60.12%', '321']","['Leblanc', '57.69%', '1,678']","['Zoe', '56.38%', '564']","['Taliyah', '56.19%', '105']"
Renata Glasc,Resolve,Guardian,Domination,"['E', 'W', 'Q']","['E', 'Q', 'W', 'E', 'E', 'R', 'E', 'W', 'E', 'W', 'R', 'W', 'W', 'Q', 'Q']",Flash,Ignite,"['Velkoz', '43.87%', '750']","['Heimerdinger', '45.31%', '704']","['Xerath', '45.67%', '4,346']","['Fiddlesticks', '45.82%', '395']","['Zyra', '46.47%', '2,660']","['Hwei', '58.33%', '1,308']","['Pantheon', '55.17%', '1,064']","['Missfortune', '54.97%', '735']","['Veigar', '54.34%', '392']","['Nautilus', '53.89%', '7,881']"
Morgana,Sorcery,Arcane Comet,Inspiration,"['Q', 'W', 'E']","['Q', 'W', 'E', 'Q', 'Q', 'R', 'Q', 'W', 'Q', 'W', 'R', 'W', 'W', 'E', 'E']",Flash,Ignite,"['Fiddlesticks', '45.09%', '1,089']","['Zyra', '45.11%', '8,213']","['Heimerdinger', '45.52%', '1,977']","['Xerath', '45.59%', '14,649']","['Shaco', '46.36%', '2,360']","['Hwei', '60.21%', '3,873']","['Veigar', '54.4%', '1,544']","['Malphite', '54.33%', '1,664']","['Seraphine', '54.02%', '4,306']","['Missfortune', '53.65%', '3,564']"
Cho'Gath,Resolve,Grasp of the Undying,Precision,"['E', 'Q', 'W']","['E', 'Q', 'W', 'E', 'E', 'R', 'E', 'Q', 'E', 'Q', 'R', 'Q', 'Q', 'W', 'W']",Flash,Teleport,"['Udyr', '41.35%', '104']","['Kayle', '42.68%', '403']","['Drmundo', '43.17%', '549']","['Trundle', '44.14%', '2,909']","['Sett', '44.26%', '836']","['Gragas', '55.56%', '108']","['Ryze', '55.45%', '101']","['Yasuo', '55.36%', '466']","['Warwick', '55.24%', '210']","['Akali', '54.84%', '609']"
Warwick,Precision,Lethal Tempo,Sorcery,"['W', 'Q', 'E']","['Q', 'W', 'E', 'W', 'W', 'R', 'W', 'Q', 'W', 'Q', 'R', 'Q', 'Q', 'E', 'E']",Flash,Smite,"['Jax', '45.17%', '1,740']","['Rammus', '45.26%', '3,109']","['Reksai', '45.54%', '606']","['Brand', '46.04%', '1,501']","['Karthus', '46.38%', '1,766']","['Rengar', '55.09%', '570']","['Hecarim', '54.11%', '1,510']","['Gwen', '53.83%', '379']","['Zed', '53.43%', '408']","['Nidalee', '53.34%', '3,388']"
Nautilus,Inspiration,Glacial Augment,Resolve,"['Q', 'W', 'E']","['Q', 'W', 'E', 'Q', 'Q', 'R', 'Q', 'W', 'Q', 'W', 'R', 'W', 'W', 'E', 'E']",Flash,Ignite,"['Taric', '43.53%', '2,286']","['Swain', '45%', '7,260']","['Braum', '45.02%', '11,175']","['Zac', '45.03%', '2,114']","['Fiddlesticks', '45.33%', '1,615']","['Hwei', '57.47%', '6,031']","['Yuumi', '56.45%', '12,420']","['Missfortune', '55.3%', '3,557']","['Ashe', '53.98%', '13,304']","['Karma', '53.25%', '15,173']"
Thresh,Inspiration,Glacial Augment,Resolve,"['Q', 'E', 'W']","['Q', 'E', 'W', 'Q', 'Q', 'R', 'Q', 'E', 'Q', 'E', 'R', 'E', 'E', 'W', 'W']",Flash,Ignite,"['Zyra', '44.48%', '12,348']","['Brand', '46.17%', '8,439']","['Fiddlesticks', '46.28%', '1,707']","['Zilean', '47.38%', '4,567']","['Neeko', '47.42%', '9,124']","['Hwei', '57.84%', '7,184']","['Yuumi', '54.84%', '13,896']","['Missfortune', '54.21%', '3,697']","['Tahmkench', '54.15%', '2,035']","['Pantheon', '53.79%', '4,480']"
Xayah,Precision,Lethal Tempo,Inspiration,"['E', 'W', 'Q']","['Q', 'E', 'W', 'E', 'E', 'R', 'E', 'W', 'E', 'W', 'R', 'W', 'W', 'Q', 'Q']",Flash,Ghost,"['Swain', '44.11%', '1,308']","['Ziggs', '45.19%', '4,353']","['Kogmaw', '45.21%', '1,232']","['Jhin', '46.81%', '22,528']","['Ashe', '47.31%', '15,320']","['Kaisa', '52.74%', '52,488']","['Zeri', '52.12%', '5,102']","['Nilah', '52.1%', '1,666']","['Samira', '50.88%', '23,186']",None
Graves,Precision,Fleet Footwork,Inspiration,"['Q', 'E', 'W']","['E', 'Q', 'W', 'Q', 'Q', 'R', 'Q', 'E', 'Q', 'E', 'R', 'E', 'E', 'W', 'W']",Flash,Smite,"['Ivern', '48.16%', '3,607']","['Rammus', '48.44%', '13,105']","['Evelynn', '48.46%', '12,498']","['Brand', '48.62%', '8,770']","['Fiddlesticks', '48.76%', '9,064']","['Monkeyking', '54.33%', '5,097']","['Pantheon', '53.23%', '1,796']","['Zed', '53.02%', '1,988']","['Sylas', '52.83%', '19,375']","['Hecarim', '52.77%', '9,295']"
Evelynn,Domination,Electrocute,Sorcery,"['Q', 'E', 'W']","['Q', 'E', 'W', 'Q', 'Q', 'R', 'Q', 'E', 'Q', 'E', 'R', 'E', 'E', 'W', 'W']",Flash,Smite,"['Reksai', '47.28%', '1,011']","['Briar', '47.81%', '5,233']","['Poppy', '48.81%', '2,102']","['Shaco', '49.01%', '4,222']","['Fiddlesticks', '49.02%', '1,740']","['Pantheon', '56.89%', '334']","['Gwen', '56.66%', '323']","['Monkeyking', '54.59%', '883']","['Masteryi', '54.36%', '4,012']","['Zed', '54.36%', '344']"
Tahm Kench,Resolve,Grasp of the Undying,Precision,"['Q', 'W', 'E']","['Q', 'W', 'E', 'Q', 'Q', 'R', 'Q', 'W', 'Q', 'W', 'R', 'W', 'W', 'E', 'E']",Flash,Teleport,"['Heimerdinger', '39.33%', '267']","['Yorick', '44.66%', '721']","['Zac', '45.39%', '412']","['Shen', '46.07%', '445']","['Ornn', '46.84%', '982']","['Kalista', '56.77%', '192']","['Renekton', '55.15%', '1,204']","['Vladimir', '55.04%', '278']","['Malphite', '54.58%', '2,270']","['Tryndamere', '54.47%', '1,006']"
Corki,Inspiration,First Strike,Resolve,"['Q', 'E', 'W']","['Q', 'E', 'W', 'Q', 'Q', 'R', 'Q', 'E', 'Q', 'E', 'R', 'E', 'E', 'W', 'W']",Flash,Teleport,"['Sett', '40.63%', '64']","['Malphite', '43.53%', '170']","['Swain', '44.27%', '131']","['Tristana', '44.3%', '149']","['Ziggs', '44.66%', '103']","['Hwei', '57.35%', '1,428']","['Renekton', '57.14%', '56']","['Pantheon', '55.33%', '291']","['Azir', '55.25%', '943']","['Katarina', '53.25%', '616']"
Brand,Domination,Dark Harvest,Inspiration,"['W', 'Q', 'E']","['Q', 'W', 'E', 'W', 'W', 'R', 'W', 'Q', 'W', 'Q', 'R', 'Q', 'Q', 'E', 'E']",Flash,Smite,"['Briar', '47.75%', '3,562']","['Khazix', '48.4%', '2,475']","['Teemo', '48.56%', '731']","['Xinzhao', '49.19%', '1,108']","['Masteryi', '49.29%', '2,467']","['Monkeyking', '57.17%', '586']","['Sejuani', '55.95%', '1,226']","['Gragas', '55.88%', '1,251']","['Poppy', '55.34%', '1,527']","['Pantheon', '55.19%', '270']"
Kayle,Precision,Fleet Footwork,Resolve,"['E', 'Q', 'W']","['E', 'Q', 'W', 'E', 'E', 'R', 'E', 'Q', 'E', 'Q', 'R', 'Q', 'Q', 'W', 'W']",Flash,Teleport,"['Nasus', '46.88%', '4,392']","['Zac', '47.83%', '508']","['Jax', '47.84%', '4,712']","['Tahmkench', '47.92%', '864']","['Irelia', '48.81%', '2,354']","['Chogath', '57.18%', '404']","['Vladimir', '56.79%', '442']","['Gwen', '56.34%', '1,333']","['Urgot', '56.11%', '736']","['Gangplank', '55.83%', '2,649']"
Tryndamere,Precision,Lethal Tempo,Resolve,"['Q', 'E', 'W']","['E', 'Q', 'W', 'Q', 'Q', 'R', 'Q', 'E', 'Q', 'E', 'R', 'E', 'E', 'W', 'W']",Flash,Ghost,"['Poppy', '41.64%', '670']","['Malphite', '41.65%', '4,396']","['Singed', '41.89%', '666']","['Zac', '42.06%', '592']","['Quinn', '42.57%', '686']","['Kalista', '56.08%', '255']","['Vladimir', '55.99%', '384']","['Zed', '54.01%', '287']","['Sylas', '53.97%', '730']","['Yorick', '53.84%', '1,289']"
Quinn,Precision,Fleet Footwork,Sorcery,"['W', 'Q', 'E']","['E', 'Q', 'W', 'W', 'W', 'R', 'W', 'Q', 'W', 'Q', 'R', 'Q', 'Q', 'E', 'E']",Flash,Ignite,"['Maokai', '42.19%', '301']","['Ryze', '42.94%', '163']","['Heimerdinger', '44.16%', '197']","['Rengar', '44.26%', '305']","['Malphite', '45.53%', '2,884']","['Vayne', '58.66%', '508']","['Zed', '58.33%', '192']","['Yasuo', '57.72%', '667']","['Tryndamere', '57.52%', '685']","['Gwen', '56.39%', '532']"
Viktor,Inspiration,First Strike,Sorcery,"['E', 'Q', ‘W']","['Q', 'E', 'E', 'W', 'E', 'R', 'E', 'Q', 'E', 'Q', 'R', 'Q', 'Q', 'W', ‘W']",Flash,Teleport,"['Xerath', '46.61%', '3,143']","['Anivia', '46.81%', '1,395']","['Akali', '47.44%', '7,622']","['Akshan', '47.71%', '1,551']","['Naafiri', '47.74%', '641']","['Hwei', '59.28%', '5,194']","['Azir', '55.03%', '3,309']","['Ryze', '53.91%', '1,024']","['Brand', '53.81%', '669']","['Lissandra', '53.46%', '1,646']"
Camille,Resolve,Grasp of the Undying,Inspiration,"['Q', 'E', 'W']","['W', 'Q', 'E', 'Q', 'Q', 'R', 'Q', 'E', 'Q', 'E', 'R', 'E', 'E', 'W', 'W']",Teleport,Ignite,"['Kayle', '46.56%', '1,295']","['Heimerdinger', '46.62%', '414']","['Teemo', '46.84%', '1,849']","['Zac', '46.85%', '1,142']","['Illaoi', '47.49%', '2,830']","['Kalista', '60.67%', '300']","['Sion', '53.98%', '1,482']","['Zed', '53.76%', '372']","['Jayce', '53.64%', '5,487']","['Yone', '53.5%', '7,348']"
Yuumi,Sorcery,Summon Aery,Precision,"['Q', 'E', 'W']","['Q', 'E', 'Q', 'E', 'Q', 'R', 'Q', 'E', 'Q', 'E', 'R', 'Q', 'E', 'W', 'W']",Exhaust,Ignite,"['Taric', '42.09%', '689']","['Fiddlesticks', '42.42%', '884']","['Amumu', '42.56%', '1,344']","['Braum', '43.25%', '1,711']","['Rell', '43.31%', '3,874']","['Hwei', '56.92%', '3,243']","['Missfortune', '54.04%', '2,339']","['Karma', '51.41%', '7,771']","['Ashe', '50.46%', '7,867']","['Swain', '50.36%', '3,366']"
Kai'Sa,Precision,Lethal Tempo,Inspiration,"['Q', 'E', 'W']","['Q', 'W', 'E', 'Q', 'Q', 'R', 'Q', 'E', 'Q', 'E', 'R', 'E', 'E', 'W', 'W']",Flash,Ghost,"['Swain', '41.06%', '3,239']","['Nilah', '44.39%', '5,107']","['Kogmaw', '45.75%', '3,471']","['Samira', '45.99%', '49,160']","['Lucian', '46.82%', '99,662']","['Zeri', '51.53%', '13,139']",None,None,None,None
Janna,Domination,Hail of Blades,Sorcery,"['W', 'E', 'Q']","['W', 'E', 'Q', 'W', 'W', 'R', 'W', 'E', 'W', 'E', 'R', 'E', 'E', 'Q', 'Q']",Flash,Ignite,"['Zyra', '45.86%', '3,129']","['Taric', '47.73%', '440']","['Maokai', '47.79%', '1,153']","['Velkoz', '48.49%', '893']","['Blitzcrank', '48.97%', '6,635']","['Hwei', '59.09%', '1,650']","['Missfortune', '56.99%', '865']","['Veigar', '55.83%', '403']","['Galio', '55.7%', '298']","['Ziggs', '55.09%', '265']"
Kassadin,Precision,Fleet Footwork,Resolve,"['Q', 'E', 'W']","['Q', 'W', 'E', 'Q', 'Q', 'R', 'Q', 'E', 'Q', 'E', 'R', 'E', 'E', 'W', 'W']",Flash,Teleport,"['Sett', '34.52%', '84']","['Pantheon', '44.28%', '472']","['Qiyana', '44.58%', '166']","['Naafiri', '44.63%', '177']","['Irelia', '45.06%', '890']","['Hwei', '61.02%', '1,688']","['Ziggs', '59.56%', '136']","['Syndra', '55.9%', '2,050']","['Lissandra', '55.79%', '622']","['Lux', '54.76%', '462']"
Darius,Precision,Conqueror,Resolve,"['Q', 'E', 'W']","['W', 'Q', 'E', 'Q', 'Q', 'R', 'Q', 'E', 'Q', 'E', 'R', 'E', 'E', 'W', 'W']",Flash,Ghost,"['Vayne', '44.81%', '4,818']","['Yorick', '45.06%', '3,382']","['Quinn', '45.58%', '2,795']","['Heimerdinger', '46.13%', '1,021']","['Ornn', '46.92%', '4,503']","['Yasuo', '56.32%', '2,864']","['Sylas', '55.16%', '1,724']","['Rengar', '54.93%', '1,662']","['Tryndamere', '53.73%', '3,028']","['Kalista', '53.57%', '616']"
Zilean,Sorcery,Summon Aery,Domination,"['Q', 'E', 'W']","['Q', 'W', 'E', 'Q', 'Q', 'R', 'Q', 'E', 'Q', 'E', 'R', 'E', 'E', 'W', 'W']",Exhaust,Flash,"['Leblanc', '46.99%', '432']","['Zac', '47.57%', '309']","['Shaco', '48.18%', '743']","['Sona', '48.37%', '492']","['Janna', '48.39%', '1,370']","['Hwei', '61.38%', '1,059']","['Veigar', '58.2%', '311']","['Missfortune', '55.39%', '612']","['Teemo', '55.19%', '270']","['Malphite', '55.18%', '299']"
Ryze,Sorcery,Phase Rush,Inspiration,"['Q', 'E', 'W']","['W', 'E', 'Q', 'Q', 'Q', 'R', 'Q', 'E', 'Q', 'E', 'R', 'E', 'E', 'W', 'W']",Flash,Teleport,"['Naafiri', '39.88%', '321']","['Nunu', '41.18%', '204']","['Anivia', '43.86%', '440']","['Taliyah', '43.9%', '205']","['Swain', '44.26%', '235']","['Gangplank', '55.63%', '151']","['Leblanc', '54.62%', '1,829']","['Hwei', '53.72%', '1,828']","['Tristana', '53.54%', '226']","['Pantheon', '52.45%', '551']"
Rakan,Resolve,Guardian,Domination,"['W', 'E', 'Q']","['W', 'E', 'Q', 'W', 'W', 'R', 'W', 'E', 'W', 'E', 'R', 'E', 'E', 'Q', 'Q']",Flash,Ignite,"['Zyra', '47.4%', '10,495']","['Brand', '48.23%', '6,543']","['Zac', '48.57%', '2,475']","['Senna', '48.62%', '19,943']","['Bard', '48.64%', '7,385']","['Hwei', '58.42%', '5,815']","['Missfortune', '57.46%', '2,990']","['Malphite', '56.34%', '1,736']","['Yuumi', '56.16%', '11,793']","['Pantheon', '56.16%', '4,113']"
Blitzcrank,Inspiration,Glacial Augment,Resolve,"['Q', 'E', 'W']","['Q', 'E', 'W', 'Q', 'Q', 'R', 'Q', 'E', 'Q', 'E', 'R', 'E', 'E', 'W', 'W']",Flash,Ignite,"['Zac', '45.9%', '3,135']","['Taric', '47.18%', '2,874']","['Rakan', '47.66%', '34,896']","['Leona', '47.95%', '33,455']","['Shaco', '47.99%', '5,949']","['Hwei', '61.79%', '5,891']","['Yuumi', '56.47%', '14,102']","['Missfortune', '56%', '4,459']","['Karma', '55.27%', '14,041']","['Ashe', '55%', '14,466']"
Kindred,Precision,Press the Attack,Domination,"['Q', 'W', 'E']","['W', 'Q', 'E', 'Q', 'Q', 'R', 'Q', 'W', 'Q', 'W', 'R', 'W', 'W', 'E', 'E']",Flash,Smite,"['Ivern', '43.67%', '600']","['Rammus', '44.72%', '1,905']","['Jax', '45.12%', '984']","['Briar', '46.71%', '3,479']","['Talon', '46.77%', '1,240']","['Zed', '53.68%', '231']","['Hecarim', '53.29%', '1,552']","['Rell', '53.26%', '261']","['Gwen', '52.65%', '302']","['Lillia', '52.42%', '1,074']"
Irelia,Precision,Conqueror,Inspiration,"['Q', 'W', 'E']","['Q', 'E', 'W', 'Q', 'Q', 'R', 'Q', 'W', 'Q', 'W', 'R', 'W', 'W', 'E', 'E']",Flash,Teleport,"['Malphite', '46.33%', '1,757']","['Renekton', '46.5%', '1,030']","['Anivia', '46.73%', '1,802']","['Sett', '46.77%', '1,332']","['Taliyah', '47.67%', '600']","['Hwei', '60.34%', '9,108']","['Syndra', '55.26%', '8,416']","['Nunu', '55.02%', '638']","['Kassadin', '54.94%', '890']","['Orianna', '54.33%', '15,547']"
Vi,Precision,Conqueror,Inspiration,"['Q', 'E', 'W']","['W', 'E', 'Q', 'Q', 'Q', 'R', 'Q', 'E', 'Q', 'E', 'R', 'E', 'E', 'W', 'W']",Flash,Smite,"['Shyvana', '45.12%', '1,609']","['Brand', '45.8%', '2,262']","['Nocturne', '46.1%', '13,226']","['Fiddlesticks', '46.41%', '2,355']","['Trundle', '46.43%', '2,072']","['Pantheon', '52.99%', '536']","['Nidalee', '51.6%', '5,585']","['Zed', '51.26%', '595']","['Rengar', '50.91%', '823']","['Kayn', '50.81%', '6,247']"
Trundle,Precision,Lethal Tempo,Resolve,"['Q', 'W', 'E']","['Q', 'W', 'E', 'Q', 'Q', 'R', 'Q', 'W', 'Q', 'W', 'R', 'W', 'W', 'E', 'E']",Ghost,Teleport,"['Quinn', '46.52%', '9,117']","['Jax', '47.27%', '52,236']","['Gnar', '47.41%', '15,442']","['Udyr', '47.43%', '2,897']","['Volibear', '47.83%', '23,950']","['Kalista', '58.8%', '1,784']","['Irelia', '56.37%', '11,319']","['Chogath', '55.72%', '2,909']","['Yorick', '55.22%', '7,278']","['Sylas', '55.03%', '3,716']"
Lissandra,Domination,Electrocute,Sorcery,"['Q', 'W', 'E']","['Q', 'W', 'E', 'Q', 'Q', 'R', 'Q', 'W', 'Q', 'W', 'R', 'W', 'W', 'E', 'E']",Flash,Teleport,"['Anivia', '44.16%', '736']","['Kassadin', '44.21%', '622']","['Aurelionsol', '44.69%', '593']","['Cassiopeia', '44.69%', '754']","['Sett', '45.12%', '164']","['Hwei', '58.33%', '2,755']","['Yasuo', '54.76%', '6,651']","['Leblanc', '54.49%', '5,652']","['Ziggs', '53.94%', '254']","['Gangplank', '53.65%', '233']"
Sivir,Precision,Lethal Tempo,Inspiration,"['Q', 'W', 'E']","['Q', 'W', 'E', 'Q', 'Q', 'R', 'Q', 'W', 'Q', 'W', 'R', 'W', 'W', 'E', 'E']",Flash,Ghost,"['Twitch', '46.21%', '1,292']","['Vayne', '46.86%', '5,167']","['Yasuo', '47.49%', '1,017']","['Kogmaw', '47.91%', '478']","['Lucian', '47.92%', '12,235']","['Kaisa', '52.73%', '15,163']","['Xayah', '52.21%', '5,894']","['Nilah', '52.01%', '598']","['Tristana', '51.36%', '1,770']","['Swain', '51.26%', '476']"
Rumble,Sorcery,Arcane Comet,Resolve,"['Q', 'E', 'W']","['Q', 'E', 'W', 'Q', 'Q', 'R', 'Q', 'E', 'Q', 'E', 'R', 'E', 'E', 'W', 'W']",Flash,Ignite,"['Heimerdinger', '42.27%', '511']","['Irelia', '43.92%', '3,092']","['Ornn', '44.92%', '2,206']","['Sett', '45.47%', '2,769']","['Sion', '46.26%', '1,230']","['Gragas', '52.29%', '524']","['Zed', '52.24%', '446']","['Renekton', '52.1%', '2,572']","['Chogath', '52.02%', '519']","['Malphite', '51.87%', '3,983']"
Gnar,Precision,Fleet Footwork,Resolve,"['Q', 'W', 'E']","['Q', 'W', 'E', 'Q', 'Q', 'R', 'Q', 'W', 'Q', 'W', 'R', 'W', 'W', 'E', 'E']",Flash,Teleport,"['Olaf', '45.05%', '1,001']","['Nasus', '45.26%', '3,241']","['Ornn', '45.32%', '1,785']","['Singed', '45.39%', '716']","['Malphite', '45.56%', '4,355']","['Gragas', '56.85%', '438']","['Volibear', '52.8%', '2,034']","['Mordekaiser', '52.72%', '1,436']","['Ksante', '52.63%', '3,238']","['Yone', '52.56%', '6,140']"
Vel'Koz,Sorcery,Arcane Comet,Inspiration,"['Q', 'W', 'E']","['Q', 'W', 'E', 'Q', 'Q', 'R', 'Q', 'W', 'Q', 'W', 'R', 'W', 'W', 'E', 'E']",Exhaust,Flash,"['Zac', '40.73%', '302']","['Shaco', '42.36%', '609']","['Xerath', '46.06%', '4,073']","['Amumu', '46.42%', '405']","['Twitch', '46.43%', '252']","['Hwei', '60.4%', '962']","['Veigar', '56.27%', '279']","['Renata', '56.13%', '750']","['Lulu', '54.7%', '1,682']","['Braum', '54.03%', '472']"
Soraka,Sorcery,Summon Aery,Resolve,"['W', 'Q', 'E']","['Q', 'W', 'E', 'W', 'W', 'R', 'W', 'Q', 'W', 'Q', 'R', 'Q', 'Q', 'E', 'E']",Flash,Heal,"['Taric', '45.66%', '484']","['Maokai', '46.2%', '1,513']","['Zyra', '47.26%', '4,740']","['Blitzcrank', '47.85%', '7,060']","['Velkoz', '48.42%', '1,332']","['Hwei', '60.56%', '2,259']","['Missfortune', '55.46%', '1,594']","['Pantheon', '54.93%', '1,460']","['Galio', '54.7%', '351']","['Twitch', '53.76%', '545']"
Taric,Inspiration,Glacial Augment,Resolve,"['E', 'Q', 'W']","['E', 'W', 'Q', 'E', 'E', 'R', 'E', 'Q', 'E', 'Q', 'R', 'Q', 'Q', 'W', 'W']",Flash,Ignite,"['Ziggs', '44%', '50']","['Neeko', '44.25%', '409']","['Teemo', '45.57%', '79']","['Brand', '46.86%', '318']","['Twitch', '47.06%', '68']","['Malphite', '68.42%', '114']","['Missfortune', '65.03%', '183']","['Hwei', '62.34%', '239']","['Pantheon', '59.06%', '276']","['Yuumi', '57.91%', '689']"
Varus,Precision,Lethal Tempo,Domination,"['Q', 'W', 'E']","['E', 'W', 'Q', 'Q', 'Q', 'R', 'Q', 'W', 'Q', 'W', 'R', 'W', 'W', 'E', 'E']",Flash,Ghost,"['Swain', '46.21%', '1,727']","['Kogmaw', '46.4%', '2,207']","['Ziggs', '46.44%', '8,276']","['Yasuo', '47.67%', '3,547']","['Twitch', '47.74%', '4,960']","['Aphelios', '52.5%', '14,525']","['Zeri', '52.35%', '7,022']","['Kaisa', '51.97%', '54,026']","['Xayah', '51.27%', '21,691']","['Nilah', '51.17%', '2,304']"
Nilah,Precision,Conqueror,Domination,"['Q', 'E', 'W']","['Q', 'E', 'W', 'Q', 'Q', 'R', 'Q', 'E', 'Q', 'E', 'R', 'E', 'E', 'W', 'W']",Flash,Ghost,"['Swain', '42.66%', '143']","['Ziggs', '45%', '560']","['Lucian', '47.81%', '4,520']","['Xayah', '47.9%', '1,666']","['Sivir', '47.99%', '598']","['Tristana', '59.85%', '665']","['Yasuo', '58.62%', '464']","['Twitch', '57.5%', '360']","['Zeri', '56.3%', '595']","['Kaisa', '55.61%', '5,107']"
Zac,Resolve,Aftershock,Precision,"['E', 'W', 'Q']","['W', 'Q', 'E', 'E', 'E', 'R', 'E', 'W', 'E', 'W', 'R', 'W', 'W', 'Q', 'Q']",Flash,Smite,"['Lillia', '45.11%', '2,354']","['Brand', '45.5%', '2,046']","['Ivern', '45.7%', '895']","['Karthus', '46.95%', '2,590']","['Talon', '47.72%', '2,349']","['Udyr', '55.08%', '846']","['Sylas', '53.91%', '5,316']","['Rengar', '53.56%', '646']","['Amumu', '53.08%', '2,470']","['Sejuani', '52.97%', '2,579']"
Milio,Sorcery,Summon Aery,Inspiration,"['E', 'W', 'Q']","['E', 'W', 'Q', 'E', 'E', 'R', 'E', 'W', 'E', 'W', 'R', 'W', 'W', 'Q', 'Q']",Flash,Heal,"['Fiddlesticks', '45.23%', '734']","['Blitzcrank', '45.69%', '7,649']","['Velkoz', '47.83%', '1,265']","['Maokai', '48.12%', '1,571']","['Braum', '48.16%', '2,089']","['Hwei', '61.32%', '2,102']","['Missfortune', '60.26%', '1,057']","['Galio', '55%', '380']","['Yuumi', '54.57%', '5,463']","['Leblanc', '54.04%', '829']"
Zed,Domination,Electrocute,Sorcery,"['Q', 'E', 'W']","['Q', 'W', 'E', 'Q', 'Q', 'R', 'Q', 'E', 'Q', 'E', 'R', 'E', 'E', 'W', 'W']",Flash,Ignite,"['Nunu', '42.96%', '1,094']","['Anivia', '44.71%', '2,384']","['Diana', '45.04%', '2,633']","['Akshan', '45.18%', '2,959']","['Malphite', '45.35%', '6,243']","['Hwei', '58.8%', '10,269']","['Kassadin', '54.11%', '754']","['Brand', '52.13%', '1,452']","['Naafiri', '51.73%', '1,330']","['Syndra', '50.96%', '9,584']"
Annie,Domination,Electrocute,Sorcery,"['Q', 'W', 'E']","['Q', 'W', 'E', 'Q', 'Q', 'R', 'Q', 'W', 'Q', 'W', 'R', 'W', 'W', 'E', 'E']",Flash,Ignite,"['Aurelionsol', '42.08%', '221']","['Sett', '44%', '75']","['Galio', '46.17%', '470']","['Anivia', '46.48%', '355']","['Malzahar', '46.63%', '416']","['Hwei', '60.5%', '1,610']","['Ziggs', '59.26%', '108']","['Morgana', '59.18%', '147']","['Ryze', '55.21%', '259']","['Qiyana', '55.09%', '265']"
Neeko,Sorcery,Arcane Comet,Inspiration,"['Q', 'E', 'W']","['Q', 'E', 'W', 'Q', 'Q', 'R', 'Q', 'E', 'Q', 'E', 'R', 'E', 'E', 'W', 'W']",Flash,Teleport,"['Swain', '44.26%', '531']","['Fizz', '47.66%', '2,713']","['Irelia', '47.89%', '2,940']","['Brand', '48.08%', '676']","['Xerath', '48.32%', '2,761']","['Hwei', '58.44%', '4,793']","['Sett', '58.3%', '247']","['Nunu', '57.48%', '381']","['Ziggs', '54.86%', '381']","['Qiyana', '54.71%', '806']"
Ashe,Precision,Lethal Tempo,Inspiration,"['W', 'Q', 'E']","['W', 'Q', 'E', 'W', 'W', 'R', 'W', 'Q', 'W', 'Q', 'R', 'Q', 'Q', 'E', 'E']",Flash,Ghost,"['Ziggs', '45.99%', '5,558']","['Swain', '46.34%', '1,312']","['Twitch', '48.17%', '3,500']","['Yasuo', '48.39%', '2,790']","['Draven', '48.96%', '5,488']","['Zeri', '54.42%', '4,855']","['Kaisa', '52.98%', '41,865']","['Aphelios', '52.95%', '9,849']","['Xayah', '52.69%', '15,320']","['Kalista', '52.43%', '10,327']"
Braum,Resolve,Guardian,Inspiration,"['Q', 'E', 'W']","['Q', 'E', 'W', 'Q', 'Q', 'R', 'Q', 'E', 'Q', 'E', 'R', 'E', 'E', 'W', 'W']",Flash,Ignite,"['Zac', '41.5%', '412']","['Fiddlesticks', '42.79%', '229']","['Velkoz', '45.97%', '472']","['Xerath', '46.11%', '2,542']","['Heimerdinger', '46.14%', '453']","['Missfortune', '61.71%', '585']","['Amumu', '57.49%', '501']","['Yuumi', '56.75%', '1,711']","['Twitch', '55.88%', '238']","['Hwei', '55.54%', '893']"
Anivia,Domination,Electrocute,Precision,"['E', 'Q', 'W']","['Q', 'E', 'E', 'W', 'E', 'R', 'E', 'Q', 'E', 'Q', 'R', 'Q', 'Q', 'W', 'W']",Flash,Teleport,"['Sett', '46.55%', '116']","['Swain', '47.15%', '263']","['Naafiri', '47.34%', '319']","['Aurelionsol', '47.82%', '504']","['Diana', '48.73%', '474']","['Nunu', '58.75%', '303']","['Malphite', '58.6%', '186']","['Hwei', '58.5%', '2,472']","['Rumble', '57.28%', '316']","['Vladimir', '56.58%', '532']"
Volibear,Resolve,Grasp of the Undying,Precision,"['W', 'Q', 'E']","['E', 'Q', 'W', 'W', 'W', 'R', 'W', 'Q', 'W', 'Q', 'R', 'Q', 'Q', 'E', 'E']",Ghost,Teleport,"['Vayne', '44.43%', '1,364']","['Kayle', '44.54%', '1,796']","['Kennen', '44.88%', '1,377']","['Quinn', '45.36%', '1,003']","['Heimerdinger', '45.75%', '435']","['Sett', '56.38%', '4,007']","['Sylas', '55.59%', '1,038']","['Tryndamere', '55.28%', '1,930']","['Kalista', '55.26%', '304']","['Irelia', '55.19%', '3,361']"
Karthus,Domination,Dark Harvest,Precision,"['Q', 'E', 'W']","['Q', 'E', 'Q', 'W', 'Q', 'R', 'Q', 'E', 'Q', 'E', 'R', 'E', 'E', 'W', 'W']",Exhaust,Smite,"['Ivern', '47.29%', '1,087']","['Masteryi', '47.99%', '3,755']","['Belveth', '48.56%', '2,319']","['Graves', '48.74%', '10,528']","['Brand', '48.93%', '1,643']","['Pantheon', '57.1%', '359']","['Zed', '56.94%', '346']","['Rell', '56.62%', '325']","['Monkeyking', '55.29%', '765']","['Lillia', '54.52%', '1,207']"
Hecarim,Sorcery,Phase Rush,Precision,"['Q', 'W', 'E']","['Q', 'W', 'E', 'Q', 'Q', 'R', 'Q', 'W', 'Q', 'W', 'R', 'W', 'W', 'E', 'E']",Ghost,Smite,"['Rumble', '44.17%', '446']","['Xinzhao', '44.76%', '1,164']","['Reksai', '45.02%', '853']","['Lillia', '45.02%', '1,275']","['Rammus', '45.45%', '1,771']","['Rell', '55.1%', '294']","['Zed', '53.47%', '288']","['Pantheon', '52.16%', '278']","['Nidalee', '51.05%', '3,704']","['Vi', '50.95%', '2,473']"
Rammus,Resolve,Aftershock,Precision,"['Q', 'E', 'W']","['W', 'Q', 'E', 'Q', 'Q', 'R', 'Q', 'E', 'Q', 'E', 'R', 'E', 'E', 'W', 'W']",Flash,Smite,"['Lillia', '44.38%', '2,866']","['Brand', '44.83%', '1,702']","['Rell', '47.37%', '380']","['Shyvana', '48.3%', '1,437']","['Gwen', '48.67%', '452']","['Zed', '58.61%', '488']","['Pantheon', '56.87%', '415']","['Masteryi', '56.45%', '11,434']","['Xinzhao', '56.42%', '1,689']","['Viego', '56.01%', '5,158']"
Orianna,Sorcery,Phase Rush,Inspiration,"['Q', 'W', 'E']","['Q', 'W', 'E', 'Q', 'Q', 'R', 'Q', 'W', 'Q', 'W', 'R', 'W', 'W', 'E', 'E']",Flash,Teleport,"['Nunu', '44.35%', '2,108']","['Xerath', '45.27%', '14,386']","['Aurelionsol', '45.47%', '4,016']","['Irelia', '45.67%', '15,547']","['Anivia', '45.86%', '4,331']","['Hwei', '56.66%', '19,816']","['Vladimir', '51.98%', '3,613']","['Pantheon', '51.85%', '3,670']","['Ryze', '51.08%', '3,551']","['Cassiopeia', '50.67%', '3,381']"
Talon,Inspiration,First Strike,Domination,"['W', 'Q', 'E']","['W', 'Q', 'E', 'W', 'W', 'R', 'W', 'Q', 'W', 'Q', 'R', 'Q', 'Q', 'E', 'E']",Flash,Teleport,"['Malphite', '45.18%', '2,156']","['Gangplank', '46.57%', '612']","['Swain', '46.76%', '896']","['Renekton', '47.42%', '660']","['Akshan', '48.79%', '2,232']","['Hwei', '62%', '8,808']","['Ziggs', '56.28%', '565']","['Taliyah', '55.46%', '586']","['Morgana', '54.2%', '727']","['Malzahar', '53.64%', '2,696']"
Pantheon,Precision,Conqueror,Resolve,"['Q', 'E', 'W']","['Q', 'W', 'E', 'Q', 'Q', 'R', 'Q', 'E', 'Q', 'E', 'R', 'E', 'E', 'W', 'W']",Flash,Ignite,"['Maokai', '40.13%', '319']","['Zac', '40.52%', '348']","['Yorick', '43.6%', '688']","['Nasus', '43.77%', '1,510']","['Singed', '44.55%', '413']","['Kalista', '57.45%', '235']","['Heimerdinger', '56.06%', '264']","['Shen', '53.66%', '464']","['Vayne', '53.44%', '567']","['Gragas', '52.92%', '257']"
Urgot,Precision,Press the Attack,Resolve,"['W', 'E', 'Q']","['E', 'W', 'Q', 'W', 'W', 'R', 'W', 'E', 'W', 'E', 'R', 'E', 'E', 'Q', 'Q']",Flash,Teleport,"['Kayle', '43.89%', '736']","['Vayne', '44.99%', '489']","['Maokai', '45.65%', '184']","['Olaf', '45.73%', '503']","['Ornn', '46.12%', '798']","['Kalista', '64.66%', '116']","['Vladimir', '57.46%', '181']","['Jayce', '56.56%', '1,860']","['Sylas', '55.91%', '313']","['Riven', '55.73%', '1,161']"
Kha'Zix,Inspiration,First Strike,Domination,"['Q', 'W', 'E']","['Q', 'W', 'E', 'Q', 'Q', 'R', 'Q', 'W', 'Q', 'W', 'R', 'W', 'W', 'E', 'E']",Flash,Smite,"['Rammus', '45.47%', '3,088']","['Ivern', '45.53%', '1,153']","['Elise', '46.35%', '2,973']","['Fiddlesticks', '46.81%', '2,412']","['Maokai', '47.07%', '2,269']","['Zed', '55.36%', '616']","['Udyr', '54.91%', '814']","['Sylas', '52.43%', '5,346']","['Hecarim', '52.3%', '2,541']","['Masteryi', '52.16%', '6,491']"
Caitlyn,Precision,Fleet Footwork,Sorcery,"['Q', 'W', 'E']","['Q', 'W', 'E', 'Q', 'Q', 'R', 'Q', 'W', 'Q', 'W', 'R', 'W', 'W', 'E', 'E']",Flash,Heal,"['Swain', '44.15%', '2,564']","['Ziggs', '46.63%', '12,350']","['Jhin', '47.91%', '78,368']","['Yasuo', '48.36%', '5,393']","['Kogmaw', '48.64%', '2,977']","['Zeri', '53.76%', '8,385']","['Kaisa', '51.94%', '68,515']","['Xayah', '51.69%', '26,609']","['Aphelios', '51.67%', '19,233']","['Kalista', '50.61%', '13,826']"
Tristana,Precision,Lethal Tempo,Domination,"['E', 'Q', 'W']","['E', 'W', 'Q', 'E', 'E', 'R', 'E', 'Q', 'E', 'Q', 'R', 'Q', 'Q', 'W', 'W']",Flash,Heal,"['Nilah', '40.15%', '665']","['Swain', '43.34%', '353']","['Kogmaw', '44.38%', '507']","['Yasuo', '45.24%', '809']","['Ziggs', '47.05%', '1,764']","['Zeri', '52.38%', '1,426']","['Aphelios', '51.92%', '2,321']","['Kaisa', '50.81%', '12,346']","['Xayah', '50.63%', '4,414']","['Varus', '50.49%', '7,109']"
LeBlanc,Domination,Electrocute,Sorcery,"['W', 'Q', 'E']","['W', 'Q', 'E', 'W', 'W', 'R', 'W', 'Q', 'W', 'Q', 'R', 'Q', 'Q', 'E', 'E']",Flash,Teleport,"['Naafiri', '42.31%', '1,678']","['Malzahar', '42.75%', '3,981']","['Akshan', '42.96%', '2,821']","['Vex', '43.22%', '9,617']","['Galio', '44.87%', '3,078']","['Hwei', '57.3%', '9,261']","['Qiyana', '53.41%', '1,378']","['Renekton', '51.89%', '424']","['Azir', '51.14%', '4,648']","['Orianna', '51.1%', '15,574']"
Garen,Precision,Conqueror,Sorcery,"['E', 'Q', 'W']","['E', 'Q', 'W', 'E', 'E', 'R', 'E', 'Q', 'E', 'Q', 'R', 'Q', 'Q', 'W', 'W']",Flash,Ignite,"['Kayle', '44.49%', '3,659']","['Quinn', '45.32%', '1,697']","['Vayne', '45.59%', '3,323']","['Kled', '45.73%', '879']","['Camille', '47.08%', '4,926']","['Jax', '56.07%', '24,128']","['Riven', '55.73%', '5,430']","['Yone', '55.69%', '13,588']","['Renekton', '55.49%', '3,916']","['Sylas', '55.37%', '1,452']"
Pyke,Domination,Hail of Blades,Resolve,"['Q', 'E', 'W']","['Q', 'E', 'W', 'Q', 'Q', 'R', 'Q', 'E', 'Q', 'E', 'R', 'E', 'E', 'W', 'W']",Flash,Ignite,"['Maokai', '44.64%', '3,273']","['Zac', '46.22%', '1,244']","['Shaco', '46.26%', '2,596']","['Rakan', '46.59%', '19,396']","['Fiddlesticks', '46.87%', '975']","['Hwei', '60.15%', '4,253']","['Missfortune', '57.09%', '2,298']","['Twitch', '55.59%', '1,198']","['Ziggs', '55.38%', '706']","['Yuumi', '55.05%', '8,494']"
Udyr,Precision,Conqueror,Resolve,"['Q', 'E', ‘W’, ‘R’]","['Q', ‘R’, ‘W’, ‘E’, ‘Q’, ‘Q’, ‘Q’, ‘E’, ‘Q’, ‘E’, ‘Q’, ‘E’, ‘E’, ‘E’, ‘W’]",Ghost,Smite,"['Ivern', '43.1%', '232']","['Rumble', '43.59%', '156']","['Zac', '44.92%', '846']","['Khazix', '45.09%', '814']","['Rammus', '45.15%', '742']","['Rengar', '57.25%', '138']","['Monkeyking', '55.29%', '293']","['Hecarim', '53.89%', '579']","['Zed', '53.33%', '105']","['Taliyah', '52.36%', '720']"
Malzahar,Sorcery,Summon Aery,Inspiration,"['E', 'Q', 'W']","['E', 'W', 'Q', 'E', 'E', 'R', 'E', 'Q', 'E', 'Q', 'R', 'Q', 'Q', 'W', 'W']",Flash,Teleport,"['Aurelionsol', '45.03%', '755']","['Naafiri', '45.47%', '618']","['Gangplank', '45.87%', '303']","['Diana', '46.26%', '815']","['Talon', '46.36%', '2,696']","['Hwei', '58.96%', '3,665']","['Malphite', '58.43%', '421']","['Vladimir', '57.69%', '995']","['Leblanc', '57.25%', '3,981']","['Pantheon', '56.46%', '859']"
Kennen,Sorcery,Summon Aery,Domination,"['Q', 'W', 'E']","['Q', 'W', 'E', 'Q', 'Q', 'R', 'Q', 'W', 'Q', 'W', 'R', 'W', 'W', 'E', 'E']",Flash,Teleport,"['Drmundo', '41.46%', '1,030']","['Nasus', '42.03%', '3,514']","['Maokai', '42.86%', '574']","['Olaf', '43.46%', '711']","['Kayle', '45.27%', '846']","['Volibear', '55.04%', '1,379']","['Udyr', '53.94%', '241']","['Rumble', '53.76%', '1,676']","['Yone', '52.85%', '4,089']","['Gwen', '52.65%', '1,020']"
Rek'Sai,Precision,Conqueror,Inspiration,"['Q', 'E', 'W']","['Q', 'W', 'E', 'Q', 'Q', 'R', 'Q', 'E', 'Q', 'E', 'R', 'E', 'E', 'W', 'W']",Flash,Smite,"['Karthus', '46.51%', '873']","['Nocturne', '46.56%', '3,005']","['Brand', '46.68%', '542']","['Trundle', '47.22%', '432']","['Elise', '47.24%', '834']","['Monkeyking', '56.81%', '301']","['Diana', '55.32%', '714']","['Hecarim', '54.98%', '853']","['Warwick', '54.46%', '606']","['Gwen', '54.2%', '131']"
Heimerdinger,Sorcery,Arcane Comet,Inspiration,"['W', 'Q', 'E']","['Q', 'W', 'E', 'W', 'W', 'R', 'W', 'Q', 'W', 'Q', 'R', 'Q', 'Q', 'E', 'E']",Flash,Ignite,"['Zac', '44.95%', '287']","['Bard', '46%', '826']","['Galio', '46.1%', '154']","['Xerath', '46.66%', '2,542']","['Maokai', '47.58%', '517']","['Tahmkench', '58.65%', '237']","['Hwei', '56.54%', '734']","['Seraphine', '55.1%', '833']","['Fiddlesticks', '55.09%', '216']","['Sona', '55.06%', '336']"
Bard,Resolve,Guardian,Domination,"['Q', 'W', 'E']","['Q', 'W', 'E', 'Q', 'Q', 'R', 'Q', 'W', 'Q', 'W', 'R', 'W', 'W', 'E', 'E']",Flash,Ignite,"['Teemo', '46.11%', '347']","['Maokai', '47.35%', '1,020']","['Zyra', '48.61%', '3,162']","['Velkoz', '48.79%', '828']","['Janna', '49.14%', '2,509']","['Hwei', '59.08%', '1,420']","['Veigar', '57.83%', '351']","['Missfortune', '57.79%', '687']","['Twitch', '56.55%', '458']","['Ziggs', '55.56%', '225']"
Gangplank,Inspiration,First Strike,Resolve,"['Q', 'E', 'W']","['E', 'Q', 'W', 'Q', 'Q', 'R', 'Q', 'E', 'Q', 'E', 'R', 'E', 'E', 'W', 'W']",Flash,Teleport,"['Kayle', '44.14%', '2,646']","['Kled', '44.73%', '807']","['Rengar', '44.94%', '1,157']","['Ornn', '45.98%', '2,451']","['Drmundo', '46.16%', '1,720']","['Kennen', '53.99%', '1,252']","['Akali', '53.55%', '2,579']","['Yasuo', '53.35%', '1,747']","['Yone', '53.16%', '8,256']","['Gwen', '52.86%', '2,043']"
Nunu & Willump,Sorcery,Phase Rush,Precision,"['Q', 'E', 'W']","['Q', 'W', 'E', 'Q', 'Q', 'R', 'Q', 'E', 'Q', 'E', 'R', 'E', 'E', 'W', 'W']",Flash,Smite,"['Brand', '45.01%', '1,102']","['Lillia', '45.02%', '993']","['Fiddlesticks', '45.46%', '1,124']","['Amumu', '45.57%', '1,308']","['Briar', '45.95%', '3,382']","['Zed', '56.68%', '247']","['Warwick', '52.58%', '1,592']","['Pantheon', '52.49%', '301']","['Gragas', '51.92%', '1,200']","['Monkeyking', '51.81%', '635']"
Zeri,Precision,Lethal Tempo,Resolve,"['Q', 'E', 'W']","['Q', 'E', 'W', 'Q', 'Q', 'R', 'Q', 'E', 'Q', 'E', 'R', 'E', 'E', 'W', 'W']",Flash,Ghost,"['Kogmaw', '43.51%', '485']","['Nilah', '43.7%', '595']","['Vayne', '43.85%', '3,911']","['Twitch', '45.05%', '1,061']","['Lucian', '45.09%', '11,165']",None,None,None,None,None
Yorick,Sorcery,Arcane Comet,Inspiration,"['Q', 'E', 'W']","['Q', 'E', 'W', 'Q', 'Q', 'R', 'Q', 'E', 'Q', 'E', 'R', 'E', 'E', 'W', 'W']",Flash,Teleport,"['Irelia', '44.79%', '2,226']","['Trundle', '44.85%', '7,273']","['Kled', '44.97%', '378']","['Kayle', '45.8%', '1,083']","['Tryndamere', '46.12%', '1,288']","['Heimerdinger', '57.6%', '434']","['Pantheon', '56.4%', '688']","['Illaoi', '55.57%', '2,854']","['Tahmkench', '55.4%', '722']","['Ksante', '55.33%', '1,717']"
Jax,Precision,Lethal Tempo,Resolve,"['W', 'E', 'Q']","['E', 'Q', 'W', 'W', 'W', 'R', 'W', 'E', 'W', 'E', 'R', 'E', 'E', 'Q', 'Q']",Flash,Teleport,"['Garen', '43.93%', '24,125']","['Singed', '44.6%', '4,359']","['Illaoi', '45.49%', '14,598']","['Drmundo', '45.96%', '6,610']","['Zac', '46.19%', '3,230']","['Kalista', '61.22%', '1,078']","['Irelia', '55.28%', '10,731']","['Yasuo', '54.35%', '5,154']","['Yone', '54.01%', '32,070']","['Tryndamere', '53.43%', '6,161']"
Hwei,Sorcery,Arcane Comet,Inspiration,"['Q', 'E', 'W']","['Q', 'W', 'E', 'Q', 'Q', 'R', 'Q', 'E', 'Q', 'E', 'R', 'E', 'E', 'W', 'W']",Flash,Teleport,"['Naafiri', '36.11%', '2,008']","['Sett', '37.19%', '597']","['Talon', '38%', '8,808']","['Fizz', '38.17%', '8,359']","['Katarina', '38.25%', '7,049']",None,None,None,None,None
Lillia,Precision,Conqueror,Sorcery,"['Q', 'W', 'E']","['Q', 'W', 'E', 'Q', 'Q', 'R', 'Q', 'W', 'Q', 'W', 'R', 'W', 'W', 'E', 'E']",Flash,Smite,"['Fiddlesticks', '44.06%', '976']","['Ivern', '44.28%', '481']","['Teemo', '44.71%', '662']","['Karthus', '45.48%', '1,207']","['Briar', '45.51%', '3,026']","['Gwen', '58.29%', '199']","['Monkeyking', '58.07%', '570']","['Sejuani', '57.3%', '1,384']","['Rammus', '55.62%', '2,866']","['Rumble', '55.56%', '324']"
Jinx,Precision,Lethal Tempo,Sorcery,"['Q', 'W', 'E']","['Q', 'W', 'E', 'Q', 'Q', 'R', 'Q', 'W', 'Q', 'W', 'R', 'W', 'W', 'E', 'E']",Flash,Ghost,"['Swain', '42.53%', '1,599']","['Ziggs', '45.37%', '6,220']","['Twitch', '46.39%', '4,951']","['Jhin', '48.39%', '34,658']","['Ezreal', '48.42%', '83,356']","['Zeri', '53.24%', '6,386']","['Kaisa', '51.79%', '50,494']","['Xayah', '51.77%', '20,561']","['Kalista', '51.72%', '9,415']","['Aphelios', '51.38%', '15,451']"
Briar,Domination,Hail of Blades,Inspiration,"['W', 'Q', 'E']","['W', 'E', 'Q', 'W', 'W', 'R', 'W', 'Q', 'W', 'Q', 'R', 'Q', 'Q', 'E', 'E']",Flash,Smite,"['Rammus', '46.78%', '9,141']","['Nocturne', '48.49%', '21,339']","['Jax', '49.05%', '4,901']","['Reksai', '49.19%', '1,732']","['Teemo', '49.49%', '2,465']","['Sylas', '55.76%', '8,707']","['Zed', '55.52%', '906']","['Nidalee', '55.5%', '9,048']","['Gwen', '55.42%', '951']","['Diana', '55.32%', '4,705']"
Leona,Resolve,Aftershock,Inspiration,"['W', 'E', 'Q']","['Q', 'E', 'W', 'W', 'W', 'R', 'W', 'E', 'W', 'E', 'R', 'E', 'E', 'Q', 'Q']",Flash,Ignite,"['Bard', '47.08%', '3,033']","['Taric', '47.22%', '1,563']","['Zac', '47.37%', '1,292']","['Morgana', '47.96%', '13,090']","['Janna', '48.06%', '5,734']","['Hwei', '60.48%', '3,998']","['Missfortune', '58.59%', '2,618']","['Yuumi', '56.47%', '8,934']","['Malphite', '55.8%', '1,328']","['Pantheon', '55.18%', '2,961']"
Alistar,Inspiration,Glacial Augment,Resolve,"['Q', 'W', 'E']","['Q', 'W', 'E', 'Q', 'Q', 'R', 'Q', 'W', 'Q', 'W', 'R', 'W', 'W', 'E', 'E']",Flash,Ignite,"['Janna', '45.76%', '3,916']","['Brand', '46.57%', '3,002']","['Zilean', '46.99%', '1,728']","['Zyra', '47.2%', '4,180']","['Taric', '47.38%', '1,051']","['Missfortune', '59.28%', '1,454']","['Hwei', '56.63%', '2,709']","['Yuumi', '55.36%', '5,473']","['Malphite', '54.45%', '999']","['Pantheon', '53.52%', '2,418']"
Aatrox,Precision,Conqueror,Resolve,"['Q', 'E', 'W']","['Q', 'E', 'W', 'Q', 'Q', 'R', 'Q', 'E', 'Q', 'E', 'R', 'E', 'E', 'W', 'W']",Flash,Teleport,"['Singed', '42.4%', '4,943']","['Irelia', '46.69%', '20,765']","['Illaoi', '46.97%', '15,820']","['Heimerdinger', '46.99%', '2,458']","['Maokai', '47.1%', '3,622']","['Chogath', '53.97%', '2,466']","['Sion', '53.73%', '6,885']","['Sylas', '52.87%', '4,250']","['Kalista', '52.74%', '1,695']","['Gragas', '52.5%', '2,438']"
Malphite,Sorcery,Arcane Comet,Inspiration,"['Q', 'E', 'W']","['Q', 'E', 'W', 'Q', 'Q', 'R', 'Q', 'E', 'Q', 'E', 'R', 'E', 'E', 'W', 'W']",Flash,Teleport,"['Zac', '41.16%', '1,866']","['Maokai', '42.97%', '1,345']","['Ornn', '43.16%', '4,812']","['Drmundo', '43.32%', '3,130']","['Sion', '44.26%', '2,892']","['Kalista', '63.74%', '1,230']","['Vayne', '59.04%', '3,584']","['Tryndamere', '58.4%', '4,399']","['Zed', '55.84%', '1,148']","['Jayce', '55.16%', '19,696']"
Nasus,Precision,Fleet Footwork,Resolve,"['Q', 'W', 'E']","['Q', 'W', 'E', 'Q', 'Q', 'R', 'Q', 'W', 'Q', 'W', 'R', 'W', 'W', 'E', 'E']",Ghost,Teleport,"['Tahmkench', '46.94%', '2,367']","['Olaf', '47.69%', '1,799']","['Zac', '47.88%', '1,343']","['Volibear', '48.11%', '4,022']","['Garen', '48.15%', '6,610']","['Kalista', '62.68%', '710']","['Kennen', '58.01%', '3,510']","['Yasuo', '57.26%', '2,515']","['Vayne', '57.25%', '2,571']","['Vladimir', '57.01%', '1,156']"
Samira,Precision,Conqueror,Domination,"['Q', 'E', 'W']","['Q', 'E', 'W', 'Q', 'Q', 'R', 'Q', 'E', 'Q', 'E', 'R', 'E', 'E', 'W', 'W']",Flash,Heal,"['Swain', '41.12%', '1,707']","['Nilah', '47.2%', '5,326']","['Ziggs', '47.25%', '6,117']","['Kogmaw', '47.84%', '1,848']","['Jinx', '48.79%', '24,562']","['Zeri', '54.6%', '5,996']","['Kaisa', '54.01%', '49,160']","['Aphelios', '53.27%', '10,157']","['Draven', '52.96%', '6,424']","['Tristana', '52.52%', '5,396']"
Ahri,Domination,Electrocute,Sorcery,"['Q', 'W', 'E']","['W', 'Q', 'E', 'Q', 'Q', 'R', 'Q', 'W', 'Q', 'W', 'R', 'W', 'W', 'E', 'E']",Flash,Teleport,"['Swain', '45.82%', '1,329']","['Akshan', '46.36%', '3,533']","['Diana', '46.64%', '2,618']","['Naafiri', '46.69%', '1,814']","['Brand', '46.71%', '1,854']","['Hwei', '57.08%', '11,640']","['Corki', '52.69%', '1,486']","['Nunu', '52.48%', '1,189']","['Malphite', '52.38%', '1,491']","['Pantheon', '52.08%', '3,026']"
Miss Fortune,Inspiration,First Strike,Sorcery,"['Q', 'W', 'E']","['Q', 'W', 'E', 'Q', 'Q', 'R', 'Q', 'W', 'Q', 'W', 'R', 'W', 'W', 'E', 'E']",Flash,Heal,"['Swain', '41.21%', '1,007']","['Ziggs', '45.37%', '5,008']","['Jhin', '48.31%', '26,577']","['Ezreal', '49.26%', '54,070']","['Kogmaw', '49.42%', '1,293']","['Kalista', '54.57%', '6,362']","['Zeri', '54.06%', '3,574']","['Aphelios', '53.19%', '6,890']","['Kaisa', '53.01%', '31,317']","['Xayah', '52.55%', '10,665']"
Swain,Domination,Electrocute,Inspiration,"['Q', 'W', 'E']","['E', 'W', 'Q', 'Q', 'Q', 'R', 'Q', 'W', 'Q', 'W', 'R', 'W', 'W', 'E', 'E']",Flash,Ignite,"['Brand', '43.53%', '2,396']","['Zyra', '44.36%', '3,181']","['Zilean', '44.85%', '1,106']","['Xerath', '45.99%', '6,047']","['Teemo', '46.46%', '607']","['Hwei', '55.86%', '1,715']","['Galio', '55.69%', '334']","['Pantheon', '55.37%', '1,342']","['Nautilus', '55%', '7,260']","['Malphite', '53.69%', '650']"
Lee Sin,Precision,Conqueror,Inspiration,"['Q', 'W', 'E']","['Q', 'W', 'E', 'Q', 'Q', 'R', 'Q', 'W', 'Q', 'W', 'R', 'W', 'W', 'E', 'E']",Flash,Smite,"['Brand', '46.46%', '13,433']","['Ivern', '46.59%', '7,045']","['Nocturne', '46.95%', '74,704']","['Rammus', '47%', '19,489']","['Briar', '47.21%', '40,159']","['Zed', '52.5%', '3,554']","['Monkeyking', '52.41%', '9,105']","['Rengar', '51.94%', '4,946']","['Pantheon', '51.44%', '3,099']","['Hecarim', '51.43%', '15,730']"
Fiora,Resolve,Grasp of the Undying,Sorcery,"['Q', 'E', 'W']","['Q', 'W', 'E', 'Q', 'Q', 'R', 'Q', 'E', 'Q', 'E', 'R', 'E', 'E', 'W', 'W']",Flash,Teleport,"['Warwick', '45.8%', '1,738']","['Zac', '46.87%', '1,502']","['Poppy', '47.1%', '1,675']","['Illaoi', '47.3%', '4,831']","['Malphite', '47.43%', '7,827']","['Ksante', '56.69%', '6,770']","['Chogath', '55.49%', '1,083']","['Sion', '55.48%', '2,738']","['Sylas', '55.13%', '1,453']","['Gwen', '54.9%', '4,337']"
Jhin,Precision,Fleet Footwork,Sorcery,"['Q', 'W', 'E']","['Q', 'W', 'E', 'Q', 'Q', 'R', 'Q', 'W', 'Q', 'W', 'R', 'W', 'W', 'E', 'E']",Flash,Heal,"['Swain', '46.61%', '2,244']","['Twitch', '48.4%', '6,606']","['Yasuo', '48.64%', '4,628']","['Vayne', '49.17%', '20,201']",None,"['Zeri', '53.84%', '7,560']","['Xayah', '53.19%', '22,528']","['Aphelios', '52.26%', '15,548']","['Caitlyn', '52.09%', '78,368']","['Nilah', '51.97%', '2,615']"
Amumu,Precision,Conqueror,Domination,"['E', 'Q', 'W']","['W', 'E', 'Q', 'E', 'E', 'R', 'E', 'Q', 'E', 'Q', 'R', 'Q', 'Q', 'W', 'W']",Flash,Smite,"['Lillia', '44.62%', '1,143']","['Brand', '45.88%', '1,312']","['Taliyah', '46.47%', '1,457']","['Sylas', '46.62%', '3,865']","['Karthus', '46.79%', '1,479']","['Nunu', '54.43%', '1,308']","['Pantheon', '54.14%', '314']","['Rell', '53.23%', '263']","['Hecarim', '53.1%', '1,177']","['Gragas', '53.03%', '1,254']"
Illaoi,Precision,Conqueror,Resolve,"['E', 'Q', 'W']","['Q', 'W', 'E', 'E', 'E', 'R', 'E', 'Q', 'E', 'Q', 'R', 'Q', 'Q', 'W', 'W']",Flash,Teleport,"['Lillia', '44.62%', '1,143']","['Brand', '45.88%', '1,312']","['Taliyah', '46.47%', '1,457']","['Sylas', '46.62%', '3,865']","['Karthus', '46.79%', '1,479']","['Nunu', '54.43%', '1,308']","['Pantheon', '54.14%', '314']","['Rell', '53.23%', '263']","['Hecarim', '53.1%', '1,177']","['Gragas', '53.03%', '1,254']"
K'Sante,Resolve,Grasp of the Undying,Inspiration,"['Q', 'W', 'E']","['Q', 'E', 'W', 'Q', 'Q', 'R', 'Q', 'W', 'Q', 'W', 'R', 'W', 'W', 'E', 'E']",Flash,Teleport,"['Fiora', '43.26%', '6,770']","['Olaf', '44.09%', '1,640']","['Yorick', '44.61%', '1,717']","['Garen', '45.02%', '5,829']","['Kayle', '45.12%', '2,407']","['Kalista', '56.76%', '333']","['Gragas', '54.39%', '741']","['Jayce', '52.67%', '7,505']","['Sion', '52.49%', '1,865']","['Rengar', '52.05%', '1,339']"
Ekko,Domination,Dark Harvest,Inspiration,"['Q', 'E', 'W']","['W', 'Q', 'E', 'Q', 'Q', 'R', 'Q', 'E', 'Q', 'E', 'R', 'E', 'E', 'W', 'W']",Flash,Smite,"['Briar', '47.46%', '9,245']","['Talon', '47.49%', '3,824']","['Ivern', '48.06%', '1,417']","['Poppy', '48.06%', '4,725']","['Shaco', '48.47%', '7,297']","['Gwen', '56.83%', '688']","['Zed', '54.66%', '847']","['Pantheon', '53.86%', '700']","['Monkeyking', '53.77%', '1,819']","['Udyr', '53.65%', '1,232']"
Aurelion Sol,Sorcery,Arcane Comet,Inspiration,"['Q', 'E', 'W']","['E', 'Q', 'W', 'Q', 'Q', 'R', 'Q', 'E', 'Q', 'E', 'R', 'E', 'E', 'W', 'W']",Flash,Teleport,"['Fizz', '41.7%', '1,096']","['Qiyana', '44.3%', '298']","['Kassadin', '45.71%', '385']","['Yone', '46.14%', '2,579']","['Naafiri', '46.18%', '262']","['Hwei', '61.52%', '1,892']","['Annie', '57.92%', '221']","['Lux', '57.11%', '464']","['Sett', '56.31%', '103']","['Yasuo', '56.04%', '2,848']"